2,0.033871,4.17568,0,0.112667,0,0,0.010839,2,0.016969,clean
1,0.000518,0.792859,0,0.042456,0,0,0.012267,1,0.045793,clean
4,0.318565,3.50218,0,0.123094,0,0,0.020467,4,0.069272,clean
1,0.000833,1.35264,0,0.101164,0,0,0.035057,1,0.099579,clean
1,0.076471,2.08776,0,0.083567,0,0,0.017221,1,0.067865,clean
0,0.016903,3.0742,0,0.073134,0,0,0.00472,0,0.001173,clean
4,0.046365,6.91215,0,0.180807,0,0,0.016273,4,0.024356,buggy
2,0.010397,1.23854,0,0.145898,0,0,0.051922,2,0.106899,clean
0,0.019939,2.42975,0,0.060687,0,0,0.004481,0,0.001622,clean
6,0.098331,9.29826,0,0.358735,0,0,0.070648,6,0.124037,clean
17,0.194189,12.4762,0,0.387965,0,0,0.051998,17,0.134258,clean
2,0.003769,2.65048,0,0.24008,0,0,0.083459,2,0.206194,clean
2,0.004702,0.96755,0,0.028285,0,0,0.003164,2,0.005026,clean
1,0.004841,0.938338,0,0.044092,0,0,0.011186,1,0.044749,clean
1,0.017279,4.30098,0,0.11495,0,0,0.011327,1,0.02288,clean
4,0.344828,10.1352,0,0.246347,0,0,0.017019,4,0.006437,buggy
9,0.016689,6.71691,0,0.199952,0,0,0.024071,9,0.052329,clean
3,0.070134,6.09962,0,0.157212,0,0,0.012771,3,0.00759,clean
1,0.02192,3.66829,0,0.206585,0,0,0.056403,1,0.108521,clean
0,0,0,0,0,0,0,0,0,0,clean
1,0.010665,2.55041,0,0.174739,0,0,0.053311,1,0.10691,clean
0,0,0,0,0,0,0,0,0,0,clean
2,0.009695,2.2048,0,0.136638,0,0,0.043804,2,0.145088,clean
0,0.009491,0.740259,0,0.016145,0,0,0.000755,0,0.000005,clean
5,0.039174,5.97302,0,0.27076,0,0,0.065806,5,0.198475,clean
0,0.016903,3.0742,0,0.073134,0,0,0.00472,0,0.001173,clean
0,0,0,0,0,0,0,0,0,0,clean
2,0.038075,4.71817,0,0.251675,0,0,0.065434,2,0.140904,clean
2,0.005452,2.46341,0,0.135853,0,0,0.039978,2,0.132707,clean
3,0.016027,5.92561,0,0.2724,0,0,0.063889,3,0.123015,buggy
6,0.070178,7.77801,0,0.280119,0,0,0.052783,6,0.140061,buggy
21,0.729388,19.5286,0,0.739952,0,0,0.146444,21,0.360125,buggy
2,0.004011,1.39384,0,0.064392,0,0,0.016152,2,0.059927,clean
2,0.047749,7.01764,0,0.233481,0,0,0.041808,2,0.103884,clean
5,0.319027,8.32875,0,0.33686,0,0,0.070497,5,0.139153,clean
2,0.00846,2.5991,0,0.142869,0,0,0.041912,2,0.141042,clean
2,0.000601,1.54522,0,0.089145,0,0,0.027315,2,0.096226,buggy
1,0.001677,1.18716,0,0.048688,0,0,0.010376,1,0.041747,clean
8,0.080364,9.35438,0,3.49127,0,0,0.092204,8,0.146405,clean
1,0.001677,1.18716,0,0.048688,0,0,0.010376,1,0.041747,clean
3,0.186243,6.61495,0,0.159497,0,0,0.010607,3,0.002266,clean
2,0.44398,6.52069,0,0.177842,0,0,0.018049,2,0.034398,clean
5,0.252059,6.8389,0,0.26789,0,0,0.056712,5,0.169496,clean
2,0.003752,1.39384,0,0.064392,0,0,0.016152,2,0.059927,clean
1,0.00353,2.24283,0,0.176221,0,0,0.055584,1,0.114048,clean
1,0.005899,2.3444,0,0.074714,0,0,0.010205,1,0.026201,clean
2,0.032987,5.06437,0,0.134047,0,0,0.011733,2,0.009162,clean
2,0.00967,2.40151,0,0.074362,0,0,0.009604,2,0.022518,clean
6,0.325199,14.6136,0,3.6437,0,0,0.12129,6,0.2146,buggy
3,0.142628,2.62836,0,0.206049,0,0,0.065835,3,0.160434,buggy
1,0.00099,1.23854,0,0.145898,0,0,0.051922,1,0.106899,clean
1,0.027969,3.28866,0,0.087698,0,0,0.007742,1,0.005271,clean
42,1.5636,13.9297,0,3.64623,0,0,0.121367,42,0.318946,buggy
2,0.037656,2.74289,0,0.069929,0,0,0.005624,2,0.004366,clean
1,0.000966,1.17486,0,0.033753,0,0,0.003618,1,0.005051,clean
2,0.048616,2.55842,0,0.089965,0,0,0.015689,2,0.053001,clean
2,0.014625,2.55041,0,0.174739,0,0,0.053311,2,0.10691,clean
2,0.006061,2.76873,0,0.137154,0,0,0.037311,2,0.113602,clean
2,0.005306,2.2048,0,0.136638,0,0,0.043804,2,0.145088,buggy
2,0.043051,4.67638,0,0.132192,0,0,0.014539,2,0.029605,clean
1,0.000966,1.17486,0,0.033753,0,0,0.003618,1,0.005051,clean
6,0.573647,12.8567,0,0.518075,0,0,0.114258,6,0.2776,clean
1,0.000966,1.17486,0,0.033753,0,0,0.003618,1,0.005051,clean
0,0,0,0,0,0,0,0,0,0,clean
2,0.034625,1.54522,0,0.089145,0,0,0.027315,2,0.096226,clean
1,0.000669,1.17515,0,0.040252,0,0,0.006345,1,0.020379,clean
0,0,0,0,0,0,0,0,0,0,clean
2,0.254921,4.01101,0,0.223297,0,0,0.060364,2,0.126469,clean
30,1.41357,27.817,0,0.914975,0,0,0.146834,30,0.314159,buggy
1,0.000382,0.60098,0,0.021936,0,0,0.003885,1,0.014134,clean
1,0.005397,2.88097,0,0.187772,0,0,0.055174,1,0.108062,clean
1,0.000518,0.792859,0,0.042456,0,0,0.012267,1,0.045793,clean
1,0.000518,0.792859,0,0.042456,0,0,0.012267,1,0.045793,clean
1,0.013055,3.81886,0,0.209658,0,0,0.056466,1,0.108135,clean
3,0.111712,5.76219,0,0.275178,0,0,0.066004,3,0.131628,buggy
0,0.008684,1.31187,0,0.028841,0,0,0.001388,0,0.000011,clean
10,0.399622,17.2681,0,0.569637,0,0,0.091274,10,0.171246,clean
6,0.59608,16.8263,0,0.612866,0,0,0.118878,6,0.263269,buggy
1,0.001677,1.18716,0,0.048688,0,0,0.010376,1,0.041747,clean
1,0.00164,0.871061,0,0.030964,0,0,0.005231,1,0.018208,buggy
3,0.049671,4.74253,0,0.29526,0,0,0.088184,3,0.209,clean
1,0.020732,3.81153,0,0.210002,0,0,0.05662,1,0.108541,clean
4,0.036077,5.63409,0,0.154655,0,0,0.015198,4,0.02112,clean
1,0.001587,0.788836,0,0.038216,0,0,0.010028,1,0.039402,buggy
1,0.055234,3.28866,0,0.087698,0,0,0.007742,1,0.005271,clean
0,0.019939,2.42975,0,0.060687,0,0,0.004481,0,0.001622,clean
1,0.000518,0.792859,0,0.042456,0,0,0.012267,1,0.045793,clean
1,0.000382,0.60098,0,0.021936,0,0,0.003885,1,0.014134,clean
0,0,0,0,0,0,0,0,0,0,clean
2,0.005758,2.35699,0,0.140911,0,0,0.04406,2,0.148302,clean
1,0.000281,1.48053,0,0.039997,0,0,0.003655,1,0.002852,clean
0,0,0,0,0,0,0,0,0,0,clean
0,0.007627,1.25878,0,0.027544,0,0,0.001304,0,0.000009,clean
1,0.001677,1.18716,0,0.048688,0,0,0.010376,1,0.041747,clean
9,0.867589,16.8684,0,0.606812,0,0,0.114725,9,0.244443,buggy
34,1.82971,31.8654,0,1.03245,0,0,0.166162,34,0.362861,buggy
4,0.005068,1.76352,0,0.052058,0,0,0.005963,4,0.010147,clean
0,0.035717,2.99495,0,0.074035,0,0,0.0053,0,0.001685,clean
0,0,0,0,0,0,0,0,0,0,clean
0,0.012992,1.43177,0,0.03126,0,0,0.001468,0,0.000009,clean
1,0.000966,1.17486,0,0.033753,0,0,0.003618,1,0.005051,clean
0,0.00834,2.56045,0,0.057945,0,0,0.003092,0,0.000087,clean
3,0.148683,3.75035,0,0.136886,0,0,0.027374,3,0.077803,clean
2,0.072629,3.59553,0,0.286809,0,0,0.095982,2,0.255201,clean
6,1.12431,16.8048,0,0.536249,0,0,0.082528,6,0.13606,clean
0,0.003912,1.64243,0,0.041874,0,0,0.003252,0,0.001163,clean
1,0.062815,2.54818,0,0.089529,0,0,0.015606,1,0.052754,clean
0,0,0,0,0,0,0,0,0,0,clean
4,0.09188,5.74394,0,0.166227,0,0,0.019391,4,0.041992,clean
0,0.000992,3.12296,0,0.08187,0,0,0.006907,0,0.004015,clean
14,0.375406,11.3676,0,3.5767,0,0,0.114134,14,0.217353,buggy
3,0.048535,7.34144,0,0.36946,0,0,0.096559,3,0.227756,clean
2,0.000874,2.26754,0,0.170881,0,0,0.053596,2,0.107142,clean
1,0.001536,1.33267,0,0.041671,0,0,0.005445,1,0.012747,clean
1,0.000966,1.17486,0,0.033753,0,0,0.003618,1,0.005051,clean
2,0.00414,2.69823,0,0.081124,0,0,0.0098,2,0.020023,clean
0,0.032395,2.99495,0,0.074035,0,0,0.0053,0,0.001685,clean
4,0.017012,1.36109,0,0.040918,0,0,0.004892,4,0.009319,clean
2,0.00895,2.35699,0,0.140911,0,0,0.04406,2,0.148302,clean
1,0.025941,3.66829,0,0.206585,0,0,0.056403,1,0.108521,clean
1,0.020344,3.2211,0,0.078161,0,0,0.005289,1,0.001239,clean
6,0.171935,7.7902,0,0.218167,0,0,0.022085,6,0.027488,clean
7,0.10637,10.3263,0,0.287547,0,0,0.029392,7,0.045571,clean
4,0.076567,7.57455,0,3.51032,0,0,0.124305,4,0.243378,clean
2,0.025172,2.41614,0,0.072379,0,0,0.008613,2,0.016491,clean
1,0.000518,0.792859,0,0.042456,0,0,0.012267,1,0.045793,clean
2,0.010728,1.54522,0,0.089145,0,0,0.027315,2,0.096226,clean
2,0.003085,2.33696,0,0.071994,0,0,0.009107,2,0.019896,clean
1,0.03193,5.5834,0,0.194271,0,0,0.038094,1,0.100661,clean
2,0.002897,2.46006,0,0.075186,0,0,0.009593,2,0.023098,clean
0,0.022917,4.11562,0,0.099935,0,0,0.006748,0,0.0014,clean
0,0,0,0,0,0,0,0,0,0,clean
2,0.016835,2.6029,0,0.068167,0,0,0.005742,2,0.003407,clean
3,0.156578,7.97841,0,0.373535,0,0,0.093454,3,0.210734,clean
2,0.003372,1.74444,0,0.050338,0,0,0.005455,2,0.007886,clean
3,0.005525,3.87796,0,0.115313,0,0,0.013544,3,0.025607,clean
1,0.004407,2.88097,0,0.187772,0,0,0.055174,1,0.108062,clean
1,0.057735,4.48422,0,0.245484,0,0,0.066617,1,0.156069,clean
1,0.000833,1.35264,0,0.101164,0,0,0.035057,1,0.099579,clean
1,0.014283,2.81758,0,0.082125,0,0,0.009597,1,0.021542,clean
1,0.000518,0.792859,0,0.042456,0,0,0.012267,1,0.045793,clean
2,0.021941,2.31429,0,0.08808,0,0,0.016827,2,0.06345,clean
4,0.267342,8.83948,0,0.271437,0,0,0.042868,4,0.101025,clean
1,0.000518,0.792859,0,0.042456,0,0,0.012267,1,0.045793,clean
3,0.002723,3.6986,0,0.221084,0,0,0.061516,3,0.129997,clean
1,0.013807,3.28866,0,0.087698,0,0,0.007742,1,0.005271,clean
1,0.000833,1.35264,0,0.101164,0,0,0.035057,1,0.099579,clean
2,0.007304,3.6711,0,0.178239,0,0,0.047325,2,0.155845,clean
0,0.003912,1.64243,0,0.041874,0,0,0.003252,0,0.001163,clean
0,0,0,0,0,0,0,0,0,0,clean
0,0.007945,3.0352,0,0.073979,0,0,0.005071,0,0.001236,clean
5,0.071058,9.15338,0,0.239519,0,0,0.020832,5,0.021985,buggy
1,0.001206,2.88097,0,0.187772,0,0,0.055174,1,0.108062,clean
0,0.007627,1.25878,0,0.027544,0,0,0.001304,0,0.000009,clean
0,0.012992,1.43177,0,0.03126,0,0,0.001468,0,0.000009,clean
2,0.031611,4.50164,0,0.121935,0,0,0.011252,2,0.009507,clean
0,0,0,0,0,0,0,0,0,0,clean
1,0.086671,5.59993,0,0.156288,0,0,0.016668,1,0.033237,clean
0,0,0,0,0,0,0,0,0,0,clean
1,0.000833,1.35264,0,0.101164,0,0,0.035057,1,0.099579,clean
4,0.126545,5.34192,0,0.341011,0,0,0.103812,4,0.279462,clean
1,0.000518,0.792859,0,0.042456,0,0,0.012267,1,0.045793,clean
2,0.011514,2.6029,0,0.068167,0,0,0.005742,2,0.003407,clean
1,0.00044,1.45269,0,0.038994,0,0,0.003502,1,0.002539,clean
3,0.011624,4.63934,0,0.293469,0,0,0.088269,3,0.209899,clean
8,0.057307,9.35438,0,3.49127,0,0,0.092204,8,0.146405,clean
1,0.000966,1.17486,0,0.033753,0,0,0.003618,1,0.005051,clean
16,0.539004,19.4587,0,0.639779,0,0,0.101951,16,0.189407,buggy
2,0.041144,6.26048,0,0.261606,0,0,0.058524,2,0.107361,clean
0,0,0,0,0,0,0,0,0,0,clean
0,0.003912,1.64243,0,0.041874,0,0,0.003252,0,0.001163,clean
2,0.215343,12.0175,0,0.467422,0,0,0.099012,2,0.211415,clean
1,0.000669,1.17515,0,0.040252,0,0,0.006345,1,0.020379,clean
1,0.000518,0.792859,0,0.042456,0,0,0.012267,1,0.045793,clean
0,0,0,0,0,0,0,0,0,0,clean
0,0.016903,3.0742,0,0.073134,0,0,0.00472,0,0.001173,clean
1,0.032847,4.04167,0,0.103332,0,0,0.008389,1,0.006769,clean
1,0.008844,4.24084,0,0.217954,0,0,0.056677,1,0.10808,clean
1,0.000518,0.792859,0,0.042456,0,0,0.012267,1,0.045793,clean
4,0.10328,9.64939,0,0.271163,0,0,0.030807,4,0.07131,clean
1,0.000833,1.35264,0,0.101164,0,0,0.035057,1,0.099579,clean
0,0,0,0,0,0,0,0,0,0,clean
2,0.048846,2.71012,0,0.136479,0,0,0.037571,2,0.115988,clean
1,0.001677,1.18716,0,0.048688,0,0,0.010376,1,0.041747,clean
0,0,0,0,0,0,0,0,0,0,clean
0,0.034691,3.6872,0,0.098091,0,0,0.008602,0,0.005683,clean
5,0.036064,1.91372,0,0.057878,0,0,0.007017,5,0.013855,clean
3,0.012444,3.67948,0,0.265063,0,0,0.085133,3,0.206437,clean
6,0.179749,11.3053,0,0.342745,0,0,0.048539,6,0.111945,buggy
1,0.000669,1.17515,0,0.040252,0,0,0.006345,1,0.020379,clean
1,0.000518,0.792859,0,0.042456,0,0,0.012267,1,0.045793,clean
3,0.129167,7.82654,0,0.32827,0,0,0.072692,3,0.158735,clean
5,0.350981,11.5269,0,3.50814,0,0,0.08423,5,0.113609,clean
1,0.000931,3.09513,0,0.080868,0,0,0.006754,1,0.003702,clean
7,0.078049,8.28731,0,0.261043,0,0,0.036242,7,0.094493,clean
20,0.377512,18.3422,0,0.642115,0,0,0.114049,20,0.303306,buggy
0,0.019939,2.42975,0,0.060687,0,0,0.004481,0,0.001622,clean
0,0,0,0,0,0,0,0,0,0,clean
4,0.065445,6.54006,0,3.45598,0,0,0.106414,4,0.207561,clean
0,0,0,0,0,0,0,0,0,0,clean
1,0.004654,1.05147,0,0.041671,0,0,0.008441,1,0.033412,clean
1,0.049564,4.72472,0,0.232918,0,0,0.058312,1,0.108958,clean
1,0.071704,7.59491,0,0.301601,0,0,0.062713,1,0.109454,clean
1,0.000518,0.792859,0,0.042456,0,0,0.012267,1,0.045793,clean
0,0,0,0,0,0,0,0,0,0,clean
9,0.532036,10.8724,0,3.64568,0,0,0.149002,9,0.352548,buggy
2,0.022311,3.71322,0,0.152729,0,0,0.036056,2,0.10086,buggy
4,0.059726,6.46103,0,0.346366,0,0,0.094887,4,0.229954,clean
0,0.018981,0.740259,0,0.016145,0,0,0.000755,0,0.000005,clean
0,0.003912,1.64243,0,0.041874,0,0,0.003252,0,0.001163,clean
0,0,0,0,0,0,0,0,0,0,clean
0,0.003102,1.45008,0,0.034425,0,0,0.002148,0,0.000188,clean
2,0.012856,2.69351,0,0.074234,0,0,0.007166,2,0.007087,clean
6,0.289126,5.96254,0,0.31309,0,0,0.081737,6,0.187653,buggy
1,0.041688,2.94062,0,0.084171,0,0,0.009286,1,0.017857,clean
0,0.008684,1.31187,0,0.028841,0,0,0.001388,0,0.000011,clean
1,0.000833,1.35264,0,0.101164,0,0,0.035057,1,0.099579,clean
2,0.026903,2.35699,0,0.140911,0,0,0.04406,2,0.148302,clean
1,0.001677,1.18716,0,0.048688,0,0,0.010376,1,0.041747,clean
3,0.118494,6.64038,0,0.285468,0,0,0.063301,3,0.113346,clean
6,0.369933,11.4214,0,0.411395,0,0,0.075389,6,0.139189,clean
1,0.001396,1.26735,0,0.053919,0,0,0.012094,1,0.049062,clean
1,0.002594,1.28083,0,0.03561,0,0,0.003512,1,0.003692,clean
2,0.029338,3.90708,0,0.215128,0,0,0.057708,2,0.11138,clean
0,0,0,0,0,0,0,0,0,0,clean
1,0.141883,7.62066,0,0.303907,0,0,0.06327,1,0.110328,clean
2,0.033445,3.4997,0,0.177749,0,0,0.048758,2,0.16716,clean
3,0.263764,5.80413,0,0.263233,0,0,0.061375,3,0.112092,clean
7,0.143175,7.54956,0,0.216299,0,0,0.02366,7,0.040942,clean
1,0.000382,0.60098,0,0.021936,0,0,0.003885,1,0.014134,clean
18,0.865223,23.6331,0,0.797407,0,0,0.13696,18,0.298367,buggy
0,0.098875,3.22194,0,0.071184,0,0,0.003488,0,0.000036,clean
2,0.001385,2.52346,0,0.180832,0,0,0.05517,2,0.109618,buggy
1,0.216048,6.17458,0,0.15911,0,0,0.013811,1,0.020553,clean
1,0.011152,3.9126,0,0.210955,0,0,0.056379,1,0.108084,clean
0,0,0,0,0,0,0,0,0,0,clean
8,0.118556,11.2928,0,0.351652,0,0,0.048088,8,0.114231,clean
1,0.000518,0.792859,0,0.042456,0,0,0.012267,1,0.045793,clean
0,0.00834,2.56045,0,0.057945,0,0,0.003092,0,0.000087,clean
2,0.015367,3.95872,0,0.16897,0,0,0.040043,2,0.113967,buggy
1,0.017297,3.1498,0,0.072926,0,0,0.004194,1,0.000192,clean
0,0.028925,2.60998,0,0.070158,0,0,0.006416,0,0.006189,clean
0,0,0,0,0,0,0,0,0,0,clean
1,0.000518,0.792859,0,0.042456,0,0,0.012267,1,0.045793,buggy
0,0,0,0,0,0,0,0,0,0,clean
2,0.040955,6.14206,0,0.23221,0,0,0.048659,2,0.116134,clean
1,0.082531,5.74047,0,0.292707,0,0,0.075378,1,0.17923,clean
22,0.782803,28.939,0,0.956831,0,0,0.155437,22,0.363135,buggy
0,0.003912,1.64243,0,0.041874,0,0,0.003252,0,0.001163,clean
3,0.005626,3.93677,0,0.227022,0,0,0.061722,3,0.126922,clean
2,0.001467,2.58708,0,0.134433,0,0,0.037882,2,0.119674,clean
0,0,0,0,0,0,0,0,0,0,clean
0,0.051494,2.99495,0,0.074035,0,0,0.0053,0,0.001685,clean
2,0.006664,2.89247,0,0.134178,0,0,0.035192,2,0.102147,clean
1,0.009172,3.9126,0,0.210955,0,0,0.056379,1,0.108084,clean
0,0.024313,4.06683,0,0.097162,0,0,0.006276,0,0.001258,clean
1,0.002823,2.36108,0,0.073295,0,0,0.009436,1,0.021456,clean
5,0.287962,9.59891,0,0.273717,0,0,0.031034,5,0.069735,clean
3,0.083995,4.75056,0,0.147995,0,0,0.019402,3,0.046923,clean
2,0.005539,1.17973,0,0.034189,0,0,0.003744,2,0.005584,clean
2,0.113522,3.64568,0,0.120786,0,0,0.018885,2,0.057021,clean
2,0.008303,1.54522,0,0.089145,0,0,0.027315,2,0.096226,clean
1,0.002394,1.41194,0,0.094182,0,0,0.031537,1,0.099295,clean
1,0.041544,4.23349,0,0.219933,0,0,0.057223,1,0.108584,clean
6,0.130016,4.91412,0,0.217276,0,0,0.052003,6,0.168567,clean
3,0.013704,4.99485,0,0.136452,0,0,0.013279,3,0.018535,clean
1,0.000833,1.35264,0,0.101164,0,0,0.035057,1,0.099579,clean
1,0.000399,1.26735,0,0.053919,0,0,0.012094,1,0.049062,clean
0,0.042077,3.46402,0,0.111014,0,0,0.016847,0,0.05222,clean
0,0.02812,2.64198,0,0.066652,0,0,0.005022,0,0.001553,clean
4,0.034582,5.88673,0,0.169599,0,0,0.018766,4,0.033188,clean
0,0,0,0,0,0,0,0,0,0,clean
2,0.043727,4.63879,0,0.125521,0,0,0.011546,2,0.009565,clean
1,0.016377,3.28866,0,0.087698,0,0,0.007742,1,0.005271,clean
1,0.001677,1.18716,0,0.048688,0,0,0.010376,1,0.041747,clean
0,0.043667,2.99256,0,0.079697,0,0,0.007056,0,0.005456,buggy
6,0.220623,10.3467,0,0.352466,0,0,0.063853,6,0.171877,clean
3,0.327863,9.72561,0,0.291386,0,0,0.043944,3,0.101251,clean
3,0.005626,3.93677,0,0.227022,0,0,0.061722,3,0.126922,clean
1,0.000966,1.17486,0,0.033753,0,0,0.003618,1,0.005051,clean
1,0.206158,7.75655,0,0.190306,0,0,0.013608,1,0.00722,clean
0,0,0,0,0,0,0,0,0,0,clean
1,0.000281,1.48053,0,0.039997,0,0,0.003655,1,0.002852,clean
2,0.117002,4.43735,0,0.172472,0,0,0.037954,2,0.103124,clean
2,0.001723,1.54522,0,0.089145,0,0,0.027315,2,0.096226,clean
0,0,0,0,0,0,0,0,0,0,buggy
1,0.000833,1.35264,0,0.101164,0,0,0.035057,1,0.099579,clean
0,0.008528,2.52013,0,0.061169,0,0,0.004181,0,0.001171,clean
1,0.000669,1.17515,0,0.040252,0,0,0.006345,1,0.020379,clean
2,0.106547,8.13453,0,0.231586,0,0,0.026586,2,0.056855,clean
0,0.008181,2.67407,0,0.065057,0,0,0.004457,0,0.001185,clean
3,0.080601,5.69695,0,0.261994,0,0,0.061694,3,0.114258,clean
0,0.008684,1.31187,0,0.028841,0,0,0.001388,0,0.000011,clean
0,0.003912,1.64243,0,0.041874,0,0,0.003252,0,0.001163,clean
1,0.04945,7.67536,0,0.316053,0,0,0.067602,1,0.13114,clean
2,0.031625,3.37826,0,0.157785,0,0,0.040476,2,0.123391,clean
9,0.224015,9.24384,0,0.42435,0,0,0.105203,9,0.342104,buggy
0,0.025984,1.43177,0,0.03126,0,0,0.001468,0,0.000009,clean
2,0.001406,2.62755,0,0.072747,0,0,0.00712,2,0.007589,clean
1,0.000833,1.35264,0,0.101164,0,0,0.035057,1,0.099579,clean
0,0.008181,2.67407,0,0.065057,0,0,0.004457,0,0.001185,clean
1,0.004407,2.88097,0,0.187772,0,0,0.055174,1,0.108062,clean
2,0.005689,2.76004,0,0.137482,0,0,0.037532,2,0.115025,clean
0,0,0,0,0,0,0,0,0,0,clean
3,0.087062,7.5969,0,0.1906,0,0,0.015019,3,0.01587,clean
3,0.016761,2.57416,0,0.11388,0,0,0.027038,3,0.103861,clean
1,0.001815,1.12713,0,0.039392,0,0,0.006451,1,0.021703,clean
0,0,0,0,0,0,0,0,0,0,clean
1,0.000518,0.792859,0,0.042456,0,0,0.012267,1,0.045793,clean
2,0.106482,7.96475,0,0.193443,0,0,0.013245,2,0.004177,clean
4,0.034562,6.48779,0,0.17039,0,0,0.014612,4,0.011351,clean
0,0,0,0,0,0,0,0,0,0,clean
3,0.025037,3.87796,0,0.115313,0,0,0.013544,3,0.025607,clean
0,0,0,0,0,0,0,0,0,0,clean
5,0.054542,7.66773,0,0.229457,0,0,0.028153,5,0.064104,clean
2,0.00933,2.35,0,0.074005,0,0,0.009963,2,0.025429,clean
1,0.000833,1.35264,0,0.101164,0,0,0.035057,1,0.099579,clean
1,0.001206,2.88097,0,0.187772,0,0,0.055174,1,0.108062,clean
1,0.077308,2.54988,0,0.075952,0,0,0.009587,1,0.025094,clean
2,0.009451,1.72811,0,0.061328,0,0,0.010336,2,0.035836,buggy
1,0.029834,4.3615,0,0.227768,0,0,0.05883,1,0.110914,clean
0,0.009491,0.740259,0,0.016145,0,0,0.000755,0,0.000005,clean
4,0.028392,6.60956,0,0.30796,0,0,0.071995,4,0.153127,buggy
2,0.408332,8.26847,0,0.376457,0,0,0.092665,2,0.208128,clean
2,0.039032,4.46352,0,0.12145,0,0,0.01136,2,0.010322,clean
9,0.05468,5.84867,0,0.189716,0,0,0.026933,9,0.074024,clean
1,0.000518,0.792859,0,0.042456,0,0,0.012267,1,0.045793,clean
1,0.001301,1.3481,0,0.0433,0,0,0.005996,1,0.01573,clean
0,0.019435,2.86786,0,0.068754,0,0,0.004536,0,0.001173,clean
1,0.000518,0.792859,0,0.042456,0,0,0.012267,1,0.045793,clean
0,0.028472,0.740259,0,0.016145,0,0,0.000755,0,0.000005,clean
0,0.016725,2.58836,0,0.068962,0,0,0.006074,0,0.004111,clean
3,0.042395,5.46076,0,0.210853,0,0,0.044519,3,0.12351,buggy
2,0.000601,1.54522,0,0.089145,0,0,0.027315,2,0.096226,clean
0,0,0,0,0,0,0,0,0,0,clean
7,0.14867,12.5285,0,0.435486,0,0,0.076211,7,0.135382,clean
6,0.130565,7.61688,0,0.227585,0,0,0.027587,6,0.060062,buggy
3,0.010403,3.70195,0,0.281751,0,0,0.0919,3,0.239606,clean
3,0.016429,4.00726,0,0.283052,0,0,0.089233,3,0.220501,clean
0,0,0,0,0,0,0,0,0,0,clean
1,0.000966,1.17486,0,0.033753,0,0,0.003618,1,0.005051,clean
0,0,0,0,0,0,0,0,0,0,clean
1,0.017328,2.54988,0,0.075952,0,0,0.009587,1,0.025094,clean
2,0.001788,2.65048,0,0.24008,0,0,0.083459,2,0.206194,clean
2,0.009348,2.35699,0,0.140911,0,0,0.04406,2,0.148302,clean
0,0.015145,2.29636,0,0.078901,0,0,0.013768,0,0.049305,clean
2,0.061966,6.53653,0,0.335068,0,0,0.090004,2,0.207675,clean
2,0.003943,3.07326,0,0.233643,0,0,0.074757,2,0.17614,clean
1,0.000399,1.26735,0,0.053919,0,0,0.012094,1,0.049062,clean
2,0.046822,4.36338,0,0.166707,0,0,0.036604,2,0.100452,clean
3,0.005626,3.93677,0,0.227022,0,0,0.061722,3,0.126922,clean
1,0.013976,3.28866,0,0.087698,0,0,0.007742,1,0.005271,clean
1,0.000518,0.792859,0,0.042456,0,0,0.012267,1,0.045793,clean
1,0.016769,3.28866,0,0.087698,0,0,0.007742,1,0.005271,clean
0,0.021797,2.58969,0,0.064707,0,0,0.004777,0,0.001677,clean
8,0.061806,12.1251,0,0.313975,0,0,0.026132,8,0.020353,clean
1,0.016984,3.87029,0,0.099621,0,0,0.008026,1,0.004304,clean
0,0,0,0,0,0,0,0,0,0,clean
0,0.00427,1.03163,0,0.023183,0,0,0.001205,0,0.000022,clean
4,0.133534,7.46875,0,0.301838,0,0,0.063705,4,0.11397,clean
1,0.000382,0.60098,0,0.021936,0,0,0.003885,1,0.014134,clean
1,0.011446,4.57123,0,0.115984,0,0,0.009093,1,0.005532,clean
2,0.00334,1.70353,0,3.21225,0,0,0.045283,2,0.084907,buggy
3,0.155219,6.48196,0,0.252522,0,0,0.052384,3,0.150075,clean
0,0.028346,4.06683,0,0.097162,0,0,0.006276,0,0.001258,clean
1,0.000382,0.60098,0,0.021936,0,0,0.003885,1,0.014134,clean
0,0,0,0,0,0,0,0,0,0,clean
13,0.612773,16.4641,0,0.542911,0,0,0.087196,13,0.230256,clean
1,0.000966,1.17486,0,0.033753,0,0,0.003618,1,0.005051,clean
2,0.002081,2.32375,0,0.069958,0,0,0.008734,2,0.020746,clean
9,0.127039,9.3931,0,0.400665,0,0,0.087733,9,0.210511,clean
1,0.017023,3.28866,0,0.087698,0,0,0.007742,1,0.005271,clean
0,0.087921,2.61865,0,0.057725,0,0,0.002806,0,0.000027,clean
1,0.017429,3.28866,0,0.087698,0,0,0.007742,1,0.005271,clean
2,0.007408,2.5984,0,0.17608,0,0,0.053425,2,0.106916,clean
4,0.185602,8.49681,0,0.392917,0,0,0.097241,4,0.227999,clean
9,0.47489,10.3357,0,0.396811,0,0,0.076902,9,0.142307,clean
5,0.250767,6.01329,0,0.260938,0,0,0.060758,5,0.172092,clean
19,0.203273,14.0755,0,0.387802,0,0,0.040922,19,0.068721,buggy
0,0.003487,1.3633,0,0.031466,0,0,0.001791,0,0.000075,clean
1,0.011353,4.17914,0,0.114259,0,0,0.011494,1,0.020774,clean
1,0.003638,2.76207,0,0.132005,0,0,0.035341,1,0.103588,clean
2,0.005908,2.46006,0,0.075186,0,0,0.009593,2,0.023098,clean
3,0.068791,5.37625,0,0.204598,0,0,0.042942,3,0.117724,clean
2,0.013635,2.55041,0,0.174739,0,0,0.053311,2,0.10691,clean
6,0.165435,7.86104,0,0.29089,0,0,0.057674,6,0.13975,clean
1,0.013526,3.28866,0,0.087698,0,0,0.007742,1,0.005271,clean
18,0.24706,10.9738,0,3.63831,0,0,0.144352,18,0.320737,buggy
0,0.00427,1.03163,0,0.023183,0,0,0.001205,0,0.000022,clean
1,0.013132,3.9126,0,0.210955,0,0,0.056379,1,0.108084,clean
6,0.179805,9.2521,0,0.410565,0,0,0.097043,6,0.24155,clean
2,0.005441,2.69823,0,0.081124,0,0,0.0098,2,0.020023,clean
0,0,0,0,0,0,0,0,0,0,clean
14,0.381633,11.8687,0,0.46058,0,0,0.091372,14,0.204893,buggy
4,0.052389,3.58153,0,0.11505,0,0,0.016076,4,0.04343,clean
2,0.013311,4.01034,0,0.270262,0,0,0.084961,2,0.206211,clean
2,0.008346,3.64676,0,0.093152,0,0,0.007284,2,0.002805,clean
1,0.003108,1.54522,0,0.089145,0,0,0.027315,1,0.096226,clean
6,0.148371,8.77321,0,0.25187,0,0,0.027524,6,0.046619,clean
0,0,0,0,0,0,0,0,0,0,clean
3,0.172816,8.77244,0,0.371672,0,0,0.080792,3,0.177843,clean
1,0.015829,2.1402,0,0.060482,0,0,0.006234,1,0.007828,clean
0,0.003102,1.45008,0,0.034425,0,0,0.002148,0,0.000188,clean
1,0.001677,1.18716,0,0.048688,0,0,0.010376,1,0.041747,clean
5,0.027103,3.57285,0,0.107049,0,0,0.013063,5,0.028769,clean
2,0.033651,5.50819,0,0.271872,0,0,0.068771,2,0.157142,clean
0,0,0,0,0,0,0,0,0,0,clean
2,0.001376,1.54522,0,0.089145,0,0,0.027315,2,0.096226,clean
1,0.001264,1.09884,0,0.029128,0,0,0.002528,1,0.001572,clean
3,0.061952,4.67365,0,0.131351,0,0,0.013457,3,0.01787,clean
1,0.000833,1.35264,0,0.101164,0,0,0.035057,1,0.099579,clean
3,0.078893,6.53022,0,0.225197,0,0,0.042617,3,0.114191,clean
0,0.003912,1.64243,0,0.041874,0,0,0.003252,0,0.001163,clean
2,0.020868,4.2341,0,0.170244,0,0,0.038533,2,0.106043,clean
0,0,0,0,0,0,0,0,0,0,clean
1,0.014522,0.938338,0,0.044092,0,0,0.011186,1,0.044749,buggy
0,0.026554,4.07967,0,0.099578,0,0,0.006822,0,0.001457,clean
2,0.018996,4.52366,0,0.12928,0,0,0.014082,2,0.024729,clean
32,0.956908,26.0888,0,0.900412,0,0,0.158873,32,0.365193,buggy
5,0.537444,12.9419,0,0.330283,0,0,0.027018,5,0.02595,clean
0,0.012992,1.43177,0,0.03126,0,0,0.001468,0,0.000009,clean
2,0.004311,2.35,0,0.074005,0,0,0.009963,2,0.025429,clean
3,0.041505,5.6765,0,0.155688,0,0,0.01487,3,0.014557,clean
1,0.013807,3.28866,0,0.087698,0,0,0.007742,1,0.005271,clean
0,0.003912,1.64243,0,0.041874,0,0,0.003252,0,0.001163,clean
1,0.033171,1.23854,0,0.145898,0,0,0.051922,1,0.106899,clean
6,0.124537,6.29405,0,0.289447,0,0,0.067275,6,0.131668,clean
5,0.032004,7.31651,0,0.237557,0,0,0.039384,5,0.10427,buggy
6,0.036749,8.26464,0,0.264742,0,0,0.038582,6,0.113436,clean
0,0.00427,1.03163,0,0.023183,0,0,0.001205,0,0.000022,clean
2,0.001376,1.54522,0,0.089145,0,0,0.027315,2,0.096226,clean
1,0.000518,0.792859,0,0.042456,0,0,0.012267,1,0.045793,clean
6,0.307877,11.0402,0,0.371815,0,0,0.063458,6,0.170339,clean
0,0.038769,3.99248,0,0.096463,0,0,0.006438,0,0.001373,clean
1,0.000773,1.25985,0,0.101967,0,0,0.036499,1,0.098009,buggy
3,0.004875,3.87796,0,0.115313,0,0,0.013544,3,0.025607,clean
2,0.002099,2.76004,0,0.137482,0,0,0.037532,2,0.115025,clean
0,0.004033,1.39276,0,0.032105,0,0,0.001819,0,0.000073,clean
1,0.000518,0.792859,0,0.042456,0,0,0.012267,1,0.045793,clean
1,0.001578,0.907447,0,0.034079,0,0,0.006335,1,0.023931,clean
3,0.053387,4.70913,0,0.126392,0,0,0.011817,3,0.015885,clean
1,0.000833,1.35264,0,0.101164,0,0,0.035057,1,0.099579,clean
0,0.047977,5.87959,0,0.161808,0,0,0.016575,0,0.030661,clean
1,0.000833,1.35264,0,0.101164,0,0,0.035057,1,0.099579,clean
0,0,0,0,0,0,0,0,0,0,clean
1,0.016319,3.28866,0,0.087698,0,0,0.007742,1,0.005271,clean
6,0.067616,8.72787,0,0.280232,0,0,0.043102,6,0.10439,clean
1,0.000518,0.792859,0,0.042456,0,0,0.012267,1,0.045793,clean
9,0.598752,10.2371,0,0.456687,0,0,0.108996,9,0.266352,clean
0,0.003912,1.64243,0,0.041874,0,0,0.003252,0,0.001163,clean
3,0.050736,4.85274,0,0.208631,0,0,0.049631,3,0.154835,buggy
2,0.000684,1.15014,0,0.067116,0,0,0.02073,2,0.072263,clean
0,0.003912,1.64243,0,0.041874,0,0,0.003252,0,0.001163,clean
1,0.000833,1.35264,0,0.101164,0,0,0.035057,1,0.099579,clean
1,0.050861,3.2211,0,0.078161,0,0,0.005289,1,0.001239,clean
3,0.058815,6.7985,0,0.168035,0,0,0.012109,3,0.004518,clean
1,0.000518,0.792859,0,0.042456,0,0,0.012267,1,0.045793,clean
1,0.026277,3.23668,0,0.076141,0,0,0.004716,1,0.00095,clean
3,0.067703,4.85875,0,3.41697,0,0,0.105557,3,0.21549,clean
1,0.000798,1.23499,0,0.041582,0,0,0.00634,1,0.019457,clean
1,0.030605,4.40689,0,0.168217,0,0,0.036837,1,0.10098,clean
4,0.08657,4.52366,0,0.12928,0,0,0.014082,4,0.024729,clean
2,0.01037,3.41583,0,0.100314,0,0,0.011663,2,0.02347,clean
1,0.11059,3.03811,0,0.193159,0,0,0.055918,1,0.109104,clean
1,0.000833,1.35264,0,0.101164,0,0,0.035057,1,0.099579,clean
4,0.433618,12.5926,0,0.334176,0,0,0.030253,4,0.035588,buggy
0,0.003912,1.64243,0,0.041874,0,0,0.003252,0,0.001163,clean
0,0.012992,1.43177,0,0.03126,0,0,0.001468,0,0.000009,clean
3,0.008041,4.00726,0,0.283052,0,0,0.089233,3,0.220501,clean
1,0.000833,1.35264,0,0.101164,0,0,0.035057,1,0.099579,clean
2,0.00435,1.38982,0,0.060151,0,0,0.013912,2,0.053536,clean
6,0.017241,4.73438,0,0.251368,0,0,0.070693,6,0.231857,clean
0,0.008181,2.67407,0,0.065057,0,0,0.004457,0,0.001185,clean
0,0.00427,1.03163,0,0.023183,0,0,0.001205,0,0.000022,clean
1,0.000518,0.792859,0,0.042456,0,0,0.012267,1,0.045793,clean
0,0.383604,1.97962,0,0.043934,0,0,0.002187,0,0.000026,clean
13,0.435033,18.28,0,0.611578,0,0,0.099443,13,0.197629,clean
1,0.019171,3.28866,0,0.087698,0,0,0.007742,1,0.005271,clean
0,0.015041,2.58836,0,0.068962,0,0,0.006074,0,0.004111,clean
4,0.020786,6.47189,0,0.292414,0,0,0.067137,4,0.131498,clean
11,0.118996,5.94911,0,0.194325,0,0,0.028154,11,0.079638,clean
0,0.019939,2.42975,0,0.060687,0,0,0.004481,0,0.001622,clean
3,0.079806,5.70339,0,0.163469,0,0,0.017826,3,0.030313,clean
2,0.033377,5.55317,0,0.254036,0,0,0.06007,2,0.110622,clean
1,0.00099,1.23854,0,0.145898,0,0,0.051922,1,0.106899,clean
3,0.174915,4.90018,0,0.132328,0,0,0.012112,3,0.009918,clean
1,0.000382,0.60098,0,0.021936,0,0,0.003885,1,0.014134,clean
1,0.02192,3.66829,0,0.206585,0,0,0.056403,1,0.108521,clean
7,0.091428,9.10209,0,0.256815,0,0,0.027211,7,0.045721,clean
1,0.000773,1.25985,0,0.101967,0,0,0.036499,1,0.098009,clean
0,0.00427,1.03163,0,0.023183,0,0,0.001205,0,0.000022,clean
4,0.196315,4.10964,0,0.129112,0,0,0.01719,4,0.04246,buggy
1,0.000833,1.35264,0,0.101164,0,0,0.035057,1,0.099579,clean
2,0.080191,5.96744,0,0.164804,0,0,0.018997,2,0.050325,buggy
0,0.008181,2.67407,0,0.065057,0,0,0.004457,0,0.001185,clean
3,0.030271,4.42816,0,0.290466,0,0,0.088681,3,0.212731,clean
1,0.000518,0.792859,0,0.042456,0,0,0.012267,1,0.045793,clean
3,0.064671,6.78032,0,0.323633,0,0,0.080572,3,0.173886,clean
0,0,0,0,0,0,0,0,0,0,clean
2,0.024235,1.54522,0,0.089145,0,0,0.027315,2,0.096226,clean
3,0.030974,4.88853,0,0.242608,0,0,0.060395,3,0.113451,clean
2,0.013716,5.27155,0,0.248653,0,0,0.059968,2,0.110674,clean
2,0.085473,7.3729,0,0.194196,0,0,0.017639,2,0.025456,buggy
0,0.000711,1.64243,0,0.041874,0,0,0.003252,0,0.001163,clean
3,0.013231,5.15836,0,0.158272,0,0,0.021792,3,0.060389,clean
1,0.000399,1.26735,0,0.053919,0,0,0.012094,1,0.049062,clean
6,0.149897,10.68,0,0.39539,0,0,0.074745,6,0.15959,clean
6,0.228413,8.8814,0,0.329159,0,0,0.063816,6,0.108845,clean
0,0,0,0,0,0,0,0,0,0,clean
5,0.002477,2.69376,0,0.082589,0,0,0.010337,5,0.022065,clean
1,0.014817,3.85212,0,0.205541,0,0,0.055213,1,0.107064,clean
4,0.053899,5.56724,0,0.151014,0,0,0.014013,4,0.012428,clean
1,0.029876,3.28866,0,0.087698,0,0,0.007742,1,0.005271,clean
1,0.007731,2.99922,0,0.084846,0,0,0.009026,1,0.015471,clean
0,0,0,0,0,0,0,0,0,0,clean
1,0.001677,1.18716,0,0.048688,0,0,0.010376,1,0.041747,clean
1,0.014108,3.67974,0,0.097067,0,0,0.008335,1,0.005261,clean
1,0.01598,3.28866,0,0.087698,0,0,0.007742,1,0.005271,clean
1,0.020816,4.12294,0,0.218393,0,0,0.057371,1,0.108978,clean
2,0.021666,4.2341,0,0.170244,0,0,0.038533,2,0.106043,clean
2,0.027498,5.27595,0,0.134671,0,0,0.010726,2,0.007131,buggy
3,0.183774,5.5234,0,0.185197,0,0,0.031898,3,0.08179,clean
2,0.083387,9.97613,0,0.236497,0,0,0.015043,2,0.00393,clean
1,0.00099,1.23854,0,0.145898,0,0,0.051922,1,0.106899,clean
0,0,0,0,0,0,0,0,0,0,clean
0,0,0,0,0,0,0,0,0,0,clean
1,0.010665,2.55041,0,0.174739,0,0,0.053311,1,0.10691,clean
1,0.000966,1.17486,0,0.033753,0,0,0.003618,1,0.005051,clean
10,1.10022,23.8003,0,0.761933,0,0,0.119711,10,0.242231,clean
0,0.005572,2.94415,0,0.072676,0,0,0.005154,0,0.001317,clean
1,0.000382,0.60098,0,0.021936,0,0,0.003885,1,0.014134,clean
1,0.008122,2.49732,0,0.173442,0,0,0.053226,1,0.106908,clean
1,0.000833,1.35264,0,0.101164,0,0,0.035057,1,0.099579,clean
0,0.008181,2.67407,0,0.065057,0,0,0.004457,0,0.001185,clean
6,0.012477,3.38172,0,0.108803,0,0,0.01522,6,0.040816,clean
5,0.042768,9.12701,0,0.32498,0,0,0.060772,5,0.144619,clean
1,0.000518,0.792859,0,0.042456,0,0,0.012267,1,0.045793,clean
1,0.060503,3.28866,0,0.087698,0,0,0.007742,1,0.005271,clean
1,0.011528,2.82217,0,0.076062,0,0,0.006996,1,0.006748,clean
0,0,0,0,0,0,0,0,0,0,clean
2,0.001635,2.35,0,0.074005,0,0,0.009963,2,0.025429,clean
0,0.001551,1.45008,0,0.034425,0,0,0.002148,0,0.000188,clean
0,0.027508,2.29636,0,0.078901,0,0,0.013768,0,0.049305,clean
1,0.001587,0.788836,0,0.038216,0,0,0.010028,1,0.039402,buggy
2,0.021635,5.42599,0,0.245446,0,0,0.058268,2,0.108156,clean
5,0.197344,4.9693,0,0.33567,0,0,0.103994,5,0.288668,clean
2,0.01365,4.01909,0,0.28374,0,0,0.089419,2,0.221425,clean
0,0.003912,1.64243,0,0.041874,0,0,0.003252,0,0.001163,clean
11,0.146081,13.5448,0,0.453825,0,0,0.077401,11,0.17475,clean
1,0.000518,0.792859,0,0.042456,0,0,0.012267,1,0.045793,clean
3,0.040941,4.66519,0,3.39625,0,0,0.09934,3,0.189983,clean
6,0.123177,7.52307,0,0.226735,0,0,0.028488,6,0.069843,clean
1,0.013058,4.04759,0,0.102943,0,0,0.00828,1,0.006757,clean
1,0.020595,4.12294,0,0.218393,0,0,0.057371,1,0.108978,clean
1,0.011528,2.82217,0,0.076062,0,0,0.006996,1,0.006748,clean
0,0.003912,1.64243,0,0.041874,0,0,0.003252,0,0.001163,clean
1,0.000518,0.792859,0,0.042456,0,0,0.012267,1,0.045793,clean
0,0.008181,2.67407,0,0.065057,0,0,0.004457,0,0.001185,clean
0,0.008684,1.31187,0,0.028841,0,0,0.001388,0,0.000011,clean
1,0.000518,0.792859,0,0.042456,0,0,0.012267,1,0.045793,clean
0,0,0,0,0,0,0,0,0,0,clean
0,0.012992,1.43177,0,0.03126,0,0,0.001468,0,0.000009,clean
1,0.00591,2.86107,0,0.072646,0,0,0.005575,1,0.001874,clean
1,0.00099,1.23854,0,0.145898,0,0,0.051922,1,0.106899,clean
1,0.005892,2.88097,0,0.187772,0,0,0.055174,1,0.108062,clean
3,0.015735,4.23089,0,0.132413,0,0,0.017526,3,0.043124,clean
2,0.017319,4.08464,0,0.111471,0,0,0.010541,2,0.010393,clean
3,0.017956,6.26449,0,0.275728,0,0,0.063472,3,0.126799,clean
10,0.335887,8.56136,0,0.233121,0,0,0.022202,10,0.026065,clean
2,0.017667,3.00249,0,0.096298,0,0,0.013489,2,0.036651,clean
0,0.007627,1.25878,0,0.027544,0,0,0.001304,0,0.000009,clean
1,0.000833,1.35264,0,0.101164,0,0,0.035057,1,0.099579,clean
1,0.000833,1.35264,0,0.101164,0,0,0.035057,1,0.099579,clean
1,0.07714,4.65286,0,0.2271,0,0,0.057135,1,0.108089,clean
0,0,0,0,0,0,0,0,0,0,clean
3,0.065464,10.4552,0,0.312237,0,0,0.045984,3,0.102246,buggy
0,0,0,0,0,0,0,0,0,0,clean
7,0.046124,4.8362,0,0.258121,0,0,0.066661,7,0.142609,clean
1,0.191643,3.14666,0,0.188199,0,0,0.054023,1,0.106929,clean
3,0.013435,3.78532,0,0.220687,0,0,0.060428,3,0.121571,clean
0,0.012568,5.25817,0,0.142268,0,0,0.01315,0,0.011956,clean
0,0.003912,1.64243,0,0.041874,0,0,0.003252,0,0.001163,clean
0,0,0,0,0,0,0,0,0,0,clean
0,0.026582,2.99495,0,0.074035,0,0,0.0053,0,0.001685,clean
2,0.026972,4.46352,0,0.12145,0,0,0.01136,2,0.010322,clean
2,0.096881,6.08433,0,0.151484,0,0,0.011362,2,0.007179,clean
1,0.002706,1.50087,0,3.20079,0,0,0.041747,1,0.073119,clean
3,0.103477,10.4963,0,0.313174,0,0,0.046183,3,0.103685,clean
0,0.296282,8.85763,0,0.205876,0,0,0.012153,0,0.001503,clean
7,0.427376,16.2091,0,0.585738,0,0,0.111507,7,0.232305,buggy
0,0.062903,4.11562,0,0.099935,0,0,0.006748,0,0.0014,clean
2,0.002071,2.76873,0,0.137154,0,0,0.037311,2,0.113602,clean
2,0.028086,5.30545,0,0.325349,0,0,0.095268,2,0.237195,clean
1,0.006387,2.88097,0,0.187772,0,0,0.055174,1,0.108062,clean
1,0.006751,2.99256,0,0.079697,0,0,0.007056,1,0.005456,clean
1,0.117878,4.7258,0,0.231331,0,0,0.057847,1,0.108276,clean
1,0.02229,3.85212,0,0.205541,0,0,0.055213,1,0.107064,clean
0,0,0,0,0,0,0,0,0,0,clean
15,0.70161,19.4885,0,0.563933,0,0,0.071681,15,0.140551,clean
0,0.005413,2.60998,0,0.070158,0,0,0.006416,0,0.006189,clean
0,0.008181,2.67407,0,0.065057,0,0,0.004457,0,0.001185,clean
1,0.000833,1.35264,0,0.101164,0,0,0.035057,1,0.099579,clean
2,0.074774,2.62836,0,0.206049,0,0,0.065835,2,0.160434,clean
2,0.098896,7.70696,0,0.212649,0,0,0.023586,2,0.054778,clean
2,0.027238,5.06827,0,0.30133,0,0,0.088151,2,0.207983,clean
0,0,0,0,0,0,0,0,0,0,clean
4,0.43582,8.939,0,0.359523,0,0,0.075733,4,0.161567,clean
0,0.055235,2.52248,0,0.05565,0,0,0.002712,0,0.000026,clean
0,0.012214,4.06683,0,0.097162,0,0,0.006276,0,0.001258,clean
2,0.462237,4.70954,0,0.127247,0,0,0.01246,2,0.021855,clean
1,0.001683,1.18032,0,0.049488,0,0,0.010886,1,0.043934,clean
0,0.003912,1.64243,0,0.041874,0,0,0.003252,0,0.001163,clean
3,0.137037,4.35401,0,3.45233,0,0,0.128742,3,0.2911,buggy
5,0.211347,3.17313,0,0.136571,0,0,0.031317,5,0.120185,buggy
0,0.003912,1.64243,0,0.041874,0,0,0.003252,0,0.001163,clean
0,0.064564,4.11562,0,0.099935,0,0,0.006748,0,0.0014,clean
3,0.009314,4.10317,0,0.279074,0,0,0.086961,3,0.208732,buggy
0,0,0,0,0,0,0,0,0,0,clean
1,0.000833,1.35264,0,0.101164,0,0,0.035057,1,0.099579,clean
0,0,0,0,0,0,0,0,0,0,clean
2,0.025445,2.40151,0,0.074362,0,0,0.009604,2,0.022518,clean
2,0.196659,7.83578,0,0.247252,0,0,0.041286,2,0.10083,clean
1,0.072716,5.48549,0,0.159005,0,0,0.019629,1,0.048005,clean
2,0.054125,3.69563,0,0.158247,0,0,0.037238,2,0.12715,clean
1,0.011891,3.05437,0,0.136055,0,0,0.034789,1,0.100458,clean
0,0,0,0,0,0,0,0,0,0,clean
2,0.009233,2.6029,0,0.068167,0,0,0.005742,2,0.003407,clean
2,0.138294,7.36559,0,0.361464,0,0,0.093312,2,0.212374,clean
2,0.081028,7.22218,0,0.182153,0,0,0.014772,2,0.018353,clean
0,0,0,0,0,0,0,0,0,0,clean
11,0.297725,11.4058,0,0.471706,0,0,0.106372,11,0.322137,clean
0,0.008684,1.31187,0,0.028841,0,0,0.001388,0,0.000011,clean
0,0.012992,1.43177,0,0.03126,0,0,0.001468,0,0.000009,clean
0,0.008181,2.67407,0,0.065057,0,0,0.004457,0,0.001185,clean
2,0.002897,2.76004,0,0.137482,0,0,0.037532,2,0.115025,clean
1,0.0636,6.50047,0,0.159885,0,0,0.011607,1,0.007053,clean
1,0.007555,2.83909,0,0.078839,0,0,0.007953,1,0.011542,clean
11,0.189867,11.9647,0,3.59951,0,0,0.119783,11,0.218627,buggy
1,0.01942,3.28866,0,0.087698,0,0,0.007742,1,0.005271,clean
3,0.013971,3.46561,0,0.155112,0,0,0.038924,3,0.115967,buggy
2,0.026718,2.6029,0,0.068167,0,0,0.005742,2,0.003407,clean
2,0.017208,4.08464,0,0.111471,0,0,0.010541,2,0.010393,clean
1,0.004933,2.5984,0,0.17608,0,0,0.053425,1,0.106916,clean
0,0.003912,1.64243,0,0.041874,0,0,0.003252,0,0.001163,clean
1,0.000669,1.17515,0,0.040252,0,0,0.006345,1,0.020379,clean
0,0.012992,1.43177,0,0.03126,0,0,0.001468,0,0.000009,clean
3,0.0054,3.6986,0,0.221084,0,0,0.061516,3,0.129997,clean
4,0.157584,9.68386,0,3.56135,0,0,0.130155,4,0.262809,clean
8,0.32649,9.37718,0,0.332374,0,0,0.061982,8,0.182565,buggy
24,0.799957,25.5769,0,0.926117,0,0,0.172332,24,0.425781,buggy
0,0,0,0,0,0,0,0,0,0,clean
2,0.017474,4.52366,0,0.12928,0,0,0.014082,2,0.024729,clean
81,4.49023,39.6054,0,4.4516,0,0,0.242303,81,0.535071,buggy
2,0.033623,2.74289,0,0.069929,0,0,0.005624,2,0.004366,clean
0,0.04319,2.99495,0,0.074035,0,0,0.0053,0,0.001685,clean
2,0.050849,4.50602,0,0.113095,0,0,0.008537,2,0.003958,clean
4,0.408934,8.43595,0,0.240385,0,0,0.028819,4,0.063745,clean
0,0.008181,2.67407,0,0.065057,0,0,0.004457,0,0.001185,clean
1,0.001453,1.29819,0,0.042298,0,0,0.006035,1,0.016693,clean
3,0.04611,4.2341,0,0.170244,0,0,0.038533,3,0.106043,clean
3,0.020241,8.08193,0,0.290392,0,0,0.056707,3,0.157777,buggy
8,0.312273,11.1794,0,0.406381,0,0,0.074991,8,0.13632,clean
1,0.203041,10.3086,0,0.246981,0,0,0.016314,1,0.005489,clean
1,0.013055,3.81886,0,0.209658,0,0,0.056466,1,0.108135,clean
1,0.001264,1.09884,0,0.029128,0,0,0.002528,1,0.001572,clean
1,0.00044,1.45269,0,0.038994,0,0,0.003502,1,0.002539,clean
1,0.000669,1.17515,0,0.040252,0,0,0.006345,1,0.020379,clean
0,0.015142,4.31109,0,0.113686,0,0,0.010414,0,0.015482,clean
1,0.06904,7.41088,0,0.17215,0,0,0.010159,1,0.001354,clean
0,0,0,0,0,0,0,0,0,0,clean
0,0,0,0,0,0,0,0,0,0,clean
2,0.015283,4.83343,0,0.237672,0,0,0.059179,2,0.110802,clean
0,0,0,0,0,0,0,0,0,0,clean
1,0.000518,0.792859,0,0.042456,0,0,0.012267,1,0.045793,clean
1,0.020386,3.28866,0,0.087698,0,0,0.007742,1,0.005271,clean
1,0.013055,3.81886,0,0.209658,0,0,0.056466,1,0.108135,clean
0,0,0,0,0,0,0,0,0,0,clean
4,0.014749,5.52249,0,0.212545,0,0,0.044665,4,0.123469,clean
1,0.011939,4.92899,0,0.122947,0,0,0.009014,1,0.002903,clean
0,0,0,0,0,0,0,0,0,0,clean
1,0.018413,3.28866,0,0.087698,0,0,0.007742,1,0.005271,clean
1,0.000382,0.60098,0,0.021936,0,0,0.003885,1,0.014134,clean
15,0.492822,17.9349,0,0.591047,0,0,0.09447,15,0.254187,clean
1,0.001088,1.22665,0,0.040609,0,0,0.005986,1,0.017467,clean
1,0.017023,3.28866,0,0.087698,0,0,0.007742,1,0.005271,clean
2,0.004278,3.30197,0,3.31753,0,0,0.073247,2,0.114553,clean
3,0.185802,13.4571,0,0.494687,0,0,0.099344,3,0.210123,buggy
1,0.000833,1.35264,0,0.101164,0,0,0.035057,1,0.099579,clean
0,0,0,0,0,0,0,0,0,0,clean
0,0.012992,1.43177,0,0.03126,0,0,0.001468,0,0.000009,clean
1,0.001264,1.09884,0,0.029128,0,0,0.002528,1,0.001572,clean
