0,0.01525,0.0022,0,0,0,0,0,0,0,0,0,0,0.010398,0,0.015814,0,clean
0,0,0,0,0,0,0,0,0,0,0,0,0,0,0,0,0,clean
0.002984,0,0.003137,0.002748,0,0,0,0,0.003155,0.002785,0.003064,0,0.020279,0.005149,0.002921,0.015089,0.003155,clean
0,0,0,0,0,0,0,0,0,0,0,0,0,0,0,0,0,clean
0,0,0,0,0,0,0,0,0,0,0,0,0,0,0,0,0,clean
0,0,0,0,0,0,0,0,0,0,0,0.00406,0,0.013377,0,0,0,clean
0.002881,0.006677,0.003231,0.001056,0,0,0,0.001472,0.002933,0,0.002887,0,0,0.013377,0.002984,0.007371,0.003334,buggy
0,0,0,0,0,0,0,0,0,0,0,0,0,0,0,0,0,clean
0,0,0,0,0,0,0,0,0,0,0,0,0,0.010398,0,0,0,clean
0.026954,0.047276,0.001633,0,0,0,0,0,0.033103,0.005695,0.032896,0,0.004804,0.010398,0.033362,0.052155,0.033713,clean
0.002773,0.012774,0.007729,0.001972,0.001257,0.002571,0.010089,0,0.010234,0.004289,0.014923,0,0.003956,0.013074,0.016808,0.021117,0.004135,clean
0,0,0,0,0,0,0,0,0,0,0,0,0,0,0,0,0,clean
0,0,0,0,0,0,0,0,0,0,0,0,0.003733,0,0,0.003525,0,clean
0,0,0,0,0,0,0,0,0,0,0,0,0,0,0,0,0,clean
0.026973,0.001027,0.031783,0,0,0,0,0,0.032888,0,0.032498,0,0,0.039276,0.032899,0.001014,0.033121,clean
0.0008,0.001563,0.000938,0,0,0,0,0,0.000912,0,0.000909,0,0.000706,0.010398,0.001601,0.002867,0.000941,buggy
0.003605,0,0.003978,0,0,0,0,0,0.006669,0.000894,0.006465,0.001152,0,0.017531,0.006204,0,0.003909,clean
0,0.001563,0,0,0,0,0,0.002256,0.000519,0,0.000995,0,0.000404,0.008406,0.000632,0.002029,0,clean
0,0,0,0,0,0,0,0,0,0,0,0,0.03059,0.010398,0,0.037887,0,clean
0,0,0,0.013591,0,0,0,0,0.014478,0.012527,0.017307,0,0.02301,0.024375,0.019225,0.017274,0,clean
0,0,0,0,0,0,0,0,0,0,0,0,0,0.010398,0,0,0,clean
0,0,0,0,0,0,0,0,0,0,0,0,0,0,0,0,0,clean
0.011708,0.049736,0.015802,0,0,0,0,0,0.014478,0,0.017307,0,0,0,0.019225,0.052976,0.014294,clean
0,0,0,0,0,0,0,0,0,0,0,0,0.02407,0.010398,0.019225,0.018382,0,clean
0,0,0,0,0,0,0,0,0,0,0,0,0.001453,0.005149,0.001203,0.003223,0,clean
0,0,0,0,0,0,0,0,0,0,0,0.00406,0.003144,0.013377,0,0.003648,0,clean
0,0,0,0,0,0,0,0,0,0,0,0,0,0,0,0,0,clean
0,0,0,0,0,0,0,0,0,0,0.002488,0,0,0.00831,0,0,0,clean
0,0.03915,0,0.027692,0,0,0,0,0.030266,0.027312,0.03001,0,0.03059,0,0.049832,0.037887,0,clean
0,0.03915,0,0,0,0,0,0,0,0,0,0,0,0.010398,0,0.037887,0,buggy
0.000679,0.082944,0.000449,0,0,0,0,0.00885,0.002306,0,0.01955,0,0,0.010398,0.002597,0.089312,0.000642,buggy
0.038666,0.019301,0.037227,0.034085,0.002193,0.003374,0,0,0.052569,0.05114,0.049566,0,0.022297,0,0.051475,0.045863,0.050099,buggy
0.001302,0,0.000995,0.001449,0,0,0,0,0.002443,0.00246,0.003135,0,0,0.00831,0.003446,0,0.002374,clean
0,0.054856,0,0,0,0,0,0,0.001624,0,0.001659,0,0,0.010398,0,0.055812,0,clean
0,0,0,0,0,0,0.003039,0,0.004713,0,0.004431,0,0.00412,0.012964,0.004349,0.005587,0,clean
0,0,0,0,0,0,0,0,0,0,0.017307,0,0.020279,0.01201,0.019225,0.015089,0,clean
0,0.03915,0,0,0,0,0.010266,0,0,0,0.011241,0,0,0,0,0,0,buggy
0,0,0,0,0,0,0,0,0,0,0,0,0,0,0,0,0,clean
0.002984,0.002928,0.003137,0,0,0,0,0,0.008582,0,0.01014,0,0.002985,0.004949,0.010104,0.003143,0.003155,clean
0,0,0,0,0,0,0,0,0,0,0,0,0,0,0,0,0,clean
0,0,0,0.001334,0,0,0,0,0.001427,0.001458,0.001247,0.00406,0.004106,0.013377,0.000805,0.005402,0,clean
0.00236,0.001933,0,0.004444,0,0.002265,0,0,0.004298,0.004101,0.003891,0.00406,0.007839,0.013377,0.003666,0.010842,0.002862,clean
0.014068,0.024839,0.018433,0,0,0,0,0,0.017349,0,0.019951,0,0.020279,0.011701,0.022086,0.041454,0.017157,clean
0.006691,0.051546,0.006204,0,0,0,0,0,0.004139,0,0.004034,0,0,0.010808,0.008866,0.049523,0.009707,clean
0,0,0,0,0,0,0,0,0,0,0,0,0,0.005149,0,0,0,clean
0,0,0,0,0,0,0,0,0,0,0.002986,0,0,0.005149,0.003086,0,0,clean
0,0,0,0,0,0,0,0,0,0,0,0,0,0.010398,0,0,0,clean
0.002382,0,0.002501,0.0028,0,0,0,0,0.002983,0.003125,0.002986,0,0.001164,0.00831,0.003086,0.002635,0.002888,clean
0.026839,0.02559,0.000942,0,0,0.025024,0,0,0.031237,0,0.031043,0,0.001313,0.010398,0.042867,0.030437,0.031959,buggy
0,0.03915,0,0,0,0,0.018412,0,0.00445,0,0.006336,0,0.00604,0.03425,0.006784,0.045608,0,buggy
0,0,0,0,0,0,0,0,0,0,0,0,0,0,0,0,0,clean
0.00154,0.001793,0,0,0,0,0,0,0.001624,0.00174,0.001659,0,0.001763,0.004949,0.001591,0.001851,0.001773,clean
0.028205,0.015324,0,0.028305,0.009005,0.011996,0,0,0.072874,0.063482,0.077767,0,0.050384,0.00831,0.075519,0.078846,0.035753,buggy
0,0,0,0,0,0,0,0,0,0,0,0,0,0.010398,0,0,0,clean
0,0,0,0,0,0,0,0,0,0,0,0,0,0.00831,0,0,0,clean
0,0,0,0,0,0,0,0,0,0,0,0,0,0.00831,0,0,0,clean
0,0,0,0,0,0,0,0,0,0,0,0,0,0.010398,0,0,0,clean
0,0,0,0,0,0,0,0,0,0,0,0,0,0.041644,0.019225,0,0,clean
0,0,0,0,0,0,0,0,0.044743,0,0.047316,0,0,0,0.019225,0,0,buggy
0.002659,0.071829,0.002116,0.002525,0,0.003977,0,0.007722,0.006209,0.003767,0.005928,0,0,0.010398,0.006236,0.070423,0.003498,clean
0,0,0,0,0,0,0,0,0,0,0,0,0,0.00831,0,0,0,clean
0.002881,0.016243,0.003231,0,0,0,0,0,0.003905,0.001765,0.021227,0,0.001313,0.010398,0.004019,0.017793,0.003334,clean
0,0,0,0,0,0,0,0,0,0,0,0,0,0.011468,0,0,0,clean
0,0,0,0,0,0,0,0,0,0,0,0,0,0,0,0,0,clean
0.026057,0.03915,0,0.027692,0.020901,0,0.010266,0,0.041513,0,0.041251,0,0.035827,0,0.041832,0.049672,0.031012,clean
0,0,0,0,0,0,0,0,0,0,0,0,0,0.027761,0,0,0,clean
0,0.006004,0,0,0,0,0,0,0,0,0,0,0,0.010398,0,0.005699,0,clean
0,0,0,0,0,0,0,0,0,0,0,0,0.003082,0.010398,0,0.002617,0,clean
0,0.001135,0,0.003778,0,0,0.010885,0.013868,0,0.003066,0,0,0,0.027347,0,0.00123,0,buggy
0,0,0,0,0,0,0,0,0,0,0,0,0,0,0,0,0,clean
0,0,0,0,0,0,0,0,0,0,0,0,0,0.010398,0,0,0,clean
0,0,0,0,0,0,0,0,0,0,0,0,0,0,0,0,0,clean
0,0,0,0,0,0,0,0,0,0,0,0,0,0,0,0,0,clean
0,0,0,0,0,0,0.002308,0,0,0,0,0,0,0.011292,0,0,0,clean
0.030581,0.004721,0.004774,0,0,0,0,0.034341,0.035044,0,0.034732,0,0.002985,0.004949,0.035119,0.004994,0.035941,buggy
0,0,0,0,0,0,0,0,0,0,0,0,0,0.041644,0,0,0,clean
0.007499,0.001066,0.002879,0,0,0.001251,0.003039,0,0.012621,0,0.012198,0,0.005819,0.012964,0.012313,0.007869,0.008612,clean
0,0.006004,0,0.000783,0,0,0,0,0.031237,0.000696,0.031625,0,0.011488,0.016886,0.02074,0.018034,0,buggy
0,0,0,0,0,0,0,0,0,0,0,0,0,0,0,0,0,clean
0,0,0,0,0,0,0,0,0,0,0,0,0,0,0,0,0,buggy
0,0,0,0,0,0,0,0,0,0,0.017307,0,0,0.010279,0.019225,0,0,clean
0,0,0,0,0,0,0,0,0,0,0,0,0,0.010398,0,0,0,clean
0.003859,0.006162,0,0.00509,0.003565,0,0,0.001839,0.004928,0.002033,0.005058,0,0,0.011292,0.005019,0.006395,0.004679,clean
0,0,0,0,0,0,0,0,0,0,0,0,0,0,0,0,0,buggy
0,0.003077,0.001637,0,0,0,0,0,0,0,0,0,0,0.00831,0,0.004036,0,clean
0,0,0,0,0,0,0,0,0,0,0,0,0,0.010398,0,0,0,clean
0,0,0,0,0,0,0,0,0,0,0,0,0,0,0,0,0,clean
0,0,0,0,0,0,0,0,0,0,0,0,0,0,0,0,0,clean
0,0,0,0,0,0,0.003039,0,0,0,0,0,0,0.012964,0,0,0,clean
0,0,0,0,0,0,0,0,0,0,0.017307,0,0,0,0,0,0,clean
0.00099,0.04129,0.000691,0.001173,0.000513,0,0,0,0.001204,0,0.001093,0,0,0.00831,0.001101,0.040072,0.000795,clean
0,0,0,0,0,0,0,0,0,0,0,0,0.005716,0.010398,0,0.005158,0,clean
0,0,0,0.013591,0,0,0,0,0,0.012527,0.017307,0,0.02301,0.024375,0.019225,0.017274,0,clean
0,0,0,0,0,0,0,0,0,0,0,0,0,0,0,0,0,clean
0.006723,0,0.006496,0.006319,0.006942,0,0,0,0.008346,0.007676,0.008199,0,0.002508,0.010398,0.008476,0.002757,0.007929,buggy
0.041616,0.15358,0.04775,0.008209,0,0.001785,0,0.002354,0.048024,0.018145,0.049685,0,0.010245,0.010398,0.050254,0.157389,0.049404,buggy
0,0,0,0,0,0,0,0,0,0,0,0,0,0.008307,0,0,0,clean
0,0,0,0,0,0,0,0,0,0,0,0,0,0.010398,0,0,0,clean
0,0.001135,0,0,0,0,0,0,0,0,0,0,0.000252,0.010398,0,0.002244,0,clean
0,0,0,0,0,0,0.002308,0,0,0,0,0,0,0.011292,0,0,0,clean
0,0.001697,0,0,0,0,0,0,0,0,0,0,0,0.00831,0,0.001401,0,clean
0,0,0,0,0,0,0,0,0,0,0,0,0,0.01379,0,0,0,clean
0.009969,0.001001,0,0.007261,0,0.012777,0,0,0.011937,0.012388,0.011831,0.00406,0.005944,0.013377,0.011836,0.014238,0.011683,clean
0.026057,0.03915,0.029129,0.027692,0,0.025024,0,0,0.030266,0.027312,0.047316,0,0.03059,0,0.030608,0.037887,0.031012,clean
0.001302,0.002028,0,0.002507,0,0.002642,0.011304,0,0.003591,0.002022,0.00538,0,0.006458,0.060079,0.004773,0.009196,0.002374,clean
0,0,0,0,0,0,0,0,0,0,0,0,0,0.012574,0,0,0,clean
0,0.04129,0,0,0,0,0,0,0,0,0,0,0,0.00831,0,0.040072,0,clean
0,0,0,0,0,0,0,0,0,0,0,0,0,0.010398,0,0,0,clean
0.001491,0.024168,0.001438,0,0,0,0,0,0.004147,0,0.004199,0,0.002519,0.010398,0.003721,0.028116,0.002847,clean
0,0,0,0,0,0,0,0,0,0,0,0,0.00542,0.010398,0,0.005015,0,clean
0.017976,0.014688,0.0046,0.014167,0.000826,0.001785,0,0,0.024988,0.022161,0.024422,0,0.005187,0.010398,0.024548,0.023225,0.022484,buggy
0,0,0,0,0,0,0.011304,0,0.002983,0,0.020293,0,0.002373,0.060079,0.022311,0.002338,0,clean
0,0,0,0,0,0,0,0,0,0,0,0,0.005716,0.010398,0,0.005158,0,clean
0,0,0,0,0,0,0,0,0,0,0,0,0,0.035501,0,0,0,clean
0,0.001697,0,0,0,0,0,0,0,0,0,0,0,0.00831,0,0.001401,0,clean
0,0,0,0,0,0,0,0,0,0,0,0,0,0.00831,0.002454,0,0,clean
0,0,0,0,0,0,0,0,0,0,0,0,0,0.010398,0,0,0,clean
0.000897,0.005476,0.00063,0,0,0,0.000843,0.002632,0.001612,0.001247,0.001653,0.002169,0,0.007774,0.001588,0.00566,0.001356,clean
0,0,0,0,0,0,0,0,0,0,0.017307,0,0,0,0.019225,0,0,clean
0,0,0,0,0,0,0,0,0,0,0.000525,0,0,0.041644,0,0,0,clean
0,0,0,0,0,0,0,0,0.030266,0,0.03001,0,0,0.010398,0.030608,0,0,clean
0.000897,0.011819,0,0,0,0.000755,0,0,0.002864,0,0.004852,0,0.012218,0.00831,0.004613,0.026617,0.001356,clean
0,0.002279,0.00184,0,0,0,0,0,0.003315,0.001166,0.003015,0,0.00076,0.010398,0.001655,0.003524,0,clean
0,0.03915,0,0,0,0,0,0,0.000971,0,0.031043,0,0.025383,0.010398,0.021315,0.057499,0,clean
0.001831,0.021271,0.001994,0,0,0,0,0.014667,0.002401,0,0.002217,0,0,0.00831,0.002137,0.022512,0.002161,clean
0,0,0,0,0,0,0,0,0,0,0,0,0,0,0,0,0,clean
0,0.03915,0,0.007261,0.005861,0,0,0,0,0.011968,0.011241,0,0,0,0,0,0,clean
0,0,0,0,0,0,0,0,0,0,0,0,0,0.005149,0,0,0,clean
0.011708,0.022026,0.015802,0,0,0,0,0,0.014478,0,0.017307,0,0,0.010398,0.019225,0.026193,0.014294,clean
0,0,0,0,0,0,0,0,0,0,0,0,0.00604,0.01129,0,0.007721,0,clean
0,0,0,0,0,0,0,0,0,0,0,0,0,0.010398,0,0,0,clean
0,0,0,0,0,0,0,0,0,0,0,0,0.001313,0.010398,0,0.00123,0,clean
0,0.001001,0,0,0,0,0,0,0,0,0.00059,0.00406,0,0.013377,0.000612,0.001108,0,clean
0,0,0,0,0,0,0,0,0.000971,0,0.01834,0,0.025383,0.010398,0.001035,0.019612,0,clean
0,0,0,0,0,0,0,0,0,0,0,0,0.00273,0.003161,0.001985,0.002185,0,clean
0,0,0,0,0,0,0,0,0,0,0,0,0,0.00831,0.002454,0,0,clean
0,0,0,0,0,0,0.010885,0,0,0,0,0,0,0.027347,0,0,0,clean
0,0,0,0,0,0,0,0,0,0,0,0,0,0.010398,0,0,0,clean
0,0,0,0,0,0,0,0,0,0,0,0,0,0,0,0,0,clean
0.002881,0.049168,0.003231,0,0,0,0,0.048622,0.002933,0,0.002887,0,0.003144,0.010398,0.002984,0.048794,0.003334,clean
0,0,0,0,0,0,0,0,0,0,0,0,0,0,0,0,0,clean
0.001556,0,0.002592,0,0,0,0,0,0.002817,0,0.002652,0,0,0,0.002665,0,0.002931,clean
0.01249,0.008167,0.016745,0,0,0,0,0,0.015449,0,0.01834,0,0.001313,0.021972,0.02026,0.006712,0.015241,clean
0,0,0,0,0,0,0,0,0,0,0,0,0,0,0,0,0,clean
0,0,0,0,0,0,0,0,0,0,0,0,0.002985,0.01129,0,0.003143,0,clean
0,0,0,0,0,0,0,0,0,0,0,0,0,0.004949,0,0,0,clean
0,0,0,0,0,0,0,0,0,0,0,0,0,0,0,0,0,clean
0,0,0,0,0,0,0,0,0.001252,0,0.001105,0,0.004723,0.008128,0,0.004507,0,clean
0,0.087686,0,0,0,0,0,0.002354,0,0,0,0,0,0.010398,0,0.08865,0,clean
0,0,0,0,0,0,0,0,0,0,0,0,0,0,0,0,0,clean
0,0.013315,0,0,0,0,0,0,0,0,0,0,0,0.010398,0,0.01342,0,clean
0.000782,0.045286,0.000942,0,0,0,0,0.005731,0.003829,0.003704,0.003464,0,0.001077,0.010398,0.003976,0.045517,0.000947,buggy
0,0,0,0,0,0,0,0,0,0,0,0,0,0.010398,0,0,0,clean
0,0,0,0.013591,0,0,0,0,0.014478,0.012527,0,0,0.02301,0.024375,0.019225,0.017274,0,clean
0,0,0,0,0,0,0,0,0,0,0,0,0,0.010398,0,0,0,clean
0.00154,0,0.001637,0,0,0,0,0,0.001624,0.00174,0.001659,0,0,0.004949,0.001591,0,0.001773,clean
0,0,0,0,0,0,0,0,0,0,0,0,0,0.010398,0,0,0,clean
0.002881,0.050259,0.003231,0,0,0,0,0.000632,0,0,0,0.00406,0,0.013377,0.002984,0.049134,0.003334,clean
0,0.001933,0,0.000783,0.000661,0,0,0,0,0,0,0,0.001313,0.010398,0.001035,0.003146,0,clean
0,0,0,0,0,0,0,0,0,0,0,0,0,0,0,0,0,clean
0.020997,0.026081,0.015802,0,0,0,0,0,0.065335,0.024495,0.0649,0,0,0.028459,0.030449,0.028749,0.025336,clean
0,0,0,0,0,0,0,0,0,0,0,0,0,0,0,0,0,clean
0,0,0,0,0,0,0,0,0,0.00042,0,0,0,0.010398,0,0,0,clean
0,0.019812,0,0,0,0,0,0,0,0,0,0,0,0.038662,0,0.020809,0,clean
0,0,0,0,0,0,0,0,0,0,0,0,0.003733,0.00831,0,0.003525,0,clean
0,0,0,0,0,0,0,0,0.008582,0.00406,0.01014,0,0,0.004949,0.010104,0,0,clean
0,0.002751,0,0,0,0,0,0,0,0,0,0,0,0.00831,0,0.002635,0,clean
0.0084,0.002139,0.005694,0.005015,0,0.001785,0.029097,0,0.009692,0.005156,0.040336,0.00165,0.003332,0.05882,0.016539,0.004871,0.010197,buggy
0,0,0,0,0,0,0,0,0,0,0.000909,0,0.00283,0.010398,0.000989,0.002494,0,clean
0,0.016243,0,0,0,0,0,0,0,0,0,0,0,0.010398,0,0.016563,0,clean
0,0,0,0,0,0,0.018412,0,0,0,0,0,0,0.030477,0,0,0,clean
0,0,0,0,0,0,0,0,0,0,0,0,0.006733,0.010398,0,0.006245,0,clean
0,0,0,0,0,0,0,0,0,0,0,0,0,0.027761,0,0,0,clean
0,0,0,0,0,0,0,0,0,0,0,0,0,0,0,0,0,clean
0,0,0,0,0,0,0,0,0,0,0,0,0,0,0,0,0,clean
0,0,0,0,0,0,0,0,0,0,0,0.00406,0.003144,0.013377,0,0.003648,0,clean
0,0,0,0,0,0,0,0,0,0,0,0,0,0.010398,0,0,0,clean
0,0,0,0,0,0,0,0,0,0,0,0,0,0.010398,0,0,0,clean
0,0,0,0,0,0,0,0,0,0,0,0,0,0,0,0,0,clean
0.002291,0.083055,0,0.003209,0.002182,0.001251,0,0,0.002842,0.003041,0.002857,0,0.002986,0.010398,0.002903,0.082701,0.002744,clean
0,0,0,0,0,0,0,0,0,0,0,0,0,0,0,0,0,clean
0,0,0,0,0,0,0,0,0,0,0,0,0.005716,0.010398,0,0.005158,0,clean
0,0,0,0,0,0,0,0,0,0,0.017307,0,0,0.017159,0,0,0,clean
0,0,0,0,0,0,0,0,0,0,0,0,0,0,0,0,0,clean
0,0,0,0,0,0,0,0,0,0,0,0,0,0,0,0,0,clean
0,0,0,0,0,0,0,0,0,0,0.000653,0,0,0.00831,0.000625,0,0,clean
0,0.006004,0,0,0,0,0.000843,0,0,0,0,0.002169,0,0.007774,0,0.005699,0,clean
0,0,0,0,0,0,0,0,0.014478,0,0.017307,0,0.053599,0.024375,0.019225,0.055161,0,clean
0.010648,0.026706,0.00121,0,0,0,0,0,0.01937,0.013707,0.020328,0,0.001059,0.010398,0.017051,0.028181,0.012472,buggy
0,0,0,0,0,0,0,0,0.030266,0,0.03001,0,0,0,0,0,0,clean
0,0,0,0,0,0,0,0,0,0,0,0,0,0,0,0,0,clean
0,0.004333,0,0,0,0,0,0,0,0,0,0,0,0.010398,0,0.004756,0,clean
0,0.099097,0,0,0,0,0,0.001153,0.002933,0,0.002887,0,0.003144,0.010398,0.002984,0.105894,0,clean
0,0,0,0,0,0,0,0,0,0,0.001659,0,0.009713,0.010398,0.001591,0.009454,0,clean
0,0,0,0,0,0,0,0,0,0,0,0,0,0.019885,0,0,0,clean
0.004928,0.004468,0.005591,0.003271,0.021974,0.003651,0,0,0.046014,0.031147,0.050325,0,0.007815,0.010398,0.049213,0.011154,0.00615,buggy
0,0,0,0,0,0,0,0,0,0,0,0,0,0.010398,0,0,0,clean
0.003242,0,0,0,0,0.0025,0,0,0.007235,0,0.007422,0,0.006035,0.013377,0.007643,0.005737,0.004628,clean
0.027047,0.005247,0.030299,0,0,0,0,0,0.031491,0,0.034292,0,0,0.013377,0.035226,0.005907,0.032098,clean
0.000782,0,0,0,0,0.000966,0,0,0.015449,0,0.018846,0,0.001717,0.010398,0.001667,0.001738,0.000947,clean
0,0,0,0,0,0,0,0,0,0,0,0,0,0,0,0,0,clean
0,0,0,0,0,0,0,0,0,0,0,0,0,0.010398,0,0,0,clean
0,0.001135,0,0,0,0.000966,0,0,0.000971,0,0.001033,0,0.001313,0.010398,0.001035,0.00123,0,clean
0,0,0,0,0,0,0,0,0,0,0,0,0,0,0,0,0,clean
0,0,0,0,0,0,0.003039,0,0,0,0,0,0,0.012964,0,0,0,clean
0.029909,0.019324,0.03176,0.027692,0.023553,0.025024,0,0,0.058205,0.032808,0.045955,0,0.041272,0.005149,0.055194,0.062672,0.036722,buggy
0.011708,0,0.015802,0.013591,0,0,0,0,0.014478,0.012527,0.017307,0.006823,0.025699,0.021972,0.019225,0.020103,0.014294,buggy
0,0,0,0,0,0,0,0,0.003155,0,0.003064,0,0.00692,0.010398,0.002921,0.007735,0,clean
0,0,0,0,0,0,0,0,0,0,0,0,0.00273,0.010398,0,0.002185,0,clean
0,0.024155,0,0,0,0,0,0,0,0,0,0,0,0.012366,0,0.026938,0,clean
0.026057,0.03915,0.029129,0,0.020901,0,0,0,0.030266,0.027312,0.03001,0,0,0,0.030608,0.037887,0.031012,clean
0.001673,0.007014,0.001929,0,0.001195,0,0,0,0.003167,0.000655,0.003163,0,0.016634,0.010398,0.013598,0.023147,0.001924,clean
0,0,0,0,0.00085,0,0,0,0,0.000549,0.001336,0,0.000853,0.00831,0.001327,0.001168,0,clean
0.004191,0.003198,0.003404,0,0,0.001785,0.023724,0.016071,0.015929,0,0.042491,0.00165,0.023065,0.052052,0.044401,0.029415,0.005023,buggy
0.002291,0.005992,0.002879,0.003209,0,0,0,0.003762,0.002842,0,0.002857,0,0,0.010398,0.002903,0.006073,0.002744,clean
0,0,0,0,0,0,0,0,0,0,0,0,0,0.041644,0,0,0,clean
0,0,0,0,0,0,0,0,0,0,0,0,0,0,0,0,0,clean
0,0,0,0,0,0,0,0,0.014478,0,0.017307,0,0,0,0.019225,0,0,clean
0,0,0,0,0,0,0,0,0,0,0,0,0,0,0,0,0,clean
0.000782,0.001647,0,0.001173,0,0.001546,0,0.001521,0.030266,0,0,0.00406,0,0.013377,0.001035,0.001632,0.000947,clean
0,0.001001,0,0,0.000661,0,0,0,0.000971,0.000696,0.002214,0,0.004644,0.010398,0.00327,0.005978,0,clean
0,0,0,0,0,0,0,0,0,0,0,0,0,0,0,0,0,clean
0,0,0,0,0,0,0,0,0,0,0,0,0,0.00831,0,0,0,clean
0,0,0,0,0,0,0,0,0,0,0,0,0,0.010398,0,0,0,clean
0,0,0,0,0,0,0,0,0,0,0,0,0,0.012366,0,0,0,clean
0,0,0,0,0,0,0,0,0,0,0,0,0.007292,0.010398,0,0.007396,0,clean
0,0,0,0,0,0,0,0,0.014478,0,0.017307,0,0.020279,0.01201,0.019225,0.015089,0,clean
0.00253,0.001001,0.002328,0,0,0,0,0,0.002828,0,0.002752,0,0,0.013302,0.002692,0.001108,0.002568,clean
0.00085,0.002179,0.000658,0.000743,0,0.000848,0.003055,0.001839,0.005467,0.000584,0.010312,0,0.003737,0.01144,0.010545,0.007194,0.001146,clean
0,0,0,0,0,0,0,0,0,0,0,0,0,0,0,0,0,clean
0.037802,0.075068,0.035706,0.028889,0.000524,0.000803,0.007058,0.004056,0.039118,0.034024,0.069775,0,0.048602,0.010398,0.050082,0.059696,0.047173,buggy
0.001478,0.00639,0.001757,0,0,0,0,0,0.001616,0,0.004511,0,0.005716,0.010398,0.004888,0.011969,0.001805,clean
0,0,0,0,0,0,0,0,0,0,0,0,0,0.00831,0,0,0,buggy
0.000542,0,0,0,0,0.000928,0,0,0.000536,0,0.006439,0,0,0.010398,0.000605,0,0.000553,clean
0,0,0,0,0,0,0,0,0,0,0,0,0.00542,0.010398,0,0.005015,0,clean
0,0,0,0,0,0,0,0,0,0,0.017307,0,0.00273,0.024375,0.001985,0.002185,0,clean
0.004651,0.049714,0.004802,0.003281,0,0,0,0,0.004782,0.00345,0.014328,0,0.007095,0.00831,0.015349,0.055879,0.005376,clean
0,0.03915,0,0,0,0,0,0,0,0,0,0,0,0,0,0.037887,0,clean
0,0,0,0,0,0,0,0,0,0,0.001659,0,0,0.008406,0,0,0,clean
0,0,0,0,0,0,0,0,0,0,0,0,0,0.00831,0,0,0,buggy
0.011708,0,0.015802,0,0,0,0,0,0.014478,0,0.017307,0,0,0.021972,0.019225,0,0.014294,clean
0,0,0,0,0,0,0,0,0,0,0,0,0,0.010398,0,0,0,clean
0,0,0,0,0.000661,0,0,0,0.000971,0.000696,0.001033,0,0.001313,0.010398,0.02026,0.00123,0,clean
0,0.03915,0,0,0,0,0,0,0,0,0,0,0,0,0,0,0,buggy
0,0.001933,0.00391,0,0,0,0,0,0,0,0,0,0.001562,0.010398,0.001173,0.004169,0,clean
0,0,0,0.003209,0,0,0,0,0.002842,0.003041,0.002857,0,0,0.010398,0,0,0,clean
0.005743,0,0,0.001972,0,0,0,0,0.007072,0.002259,0.008824,0,0,0.010398,0.009076,0,0.006543,clean
0.040837,0,0,0.042728,0.020901,0.039909,0,0,0.069687,0.043139,0.071734,0,0.042548,0.010398,0.070787,0.051324,0.048333,buggy
0,0.03915,0,0,0,0,0,0.033026,0,0,0,0,0,0.012366,0,0.037887,0,clean
0,0,0,0,0,0,0,0,0,0,0,0,0,0.00831,0.002454,0,0,clean
0,0,0,0,0,0,0,0,0,0,0,0,0.004292,0,0,0.004676,0,clean
0,0,0,0,0,0,0,0,0,0,0,0,0,0,0,0,0,clean
0,0,0,0,0,0,0,0,0,0,0,0,0,0.010398,0,0,0,clean
0.011708,0,0.015802,0,0,0,0,0,0.014478,0,0.017307,0.006823,0,0.019885,0.019225,0,0.014294,clean
0,0,0,0,0,0,0,0,0,0,0,0,0,0.010398,0,0,0,clean
0,0,0,0,0,0,0,0,0,0,0,0,0,0.010398,0,0,0,clean
0,0,0,0,0,0,0,0,0,0,0.002644,0,0,0.005149,0,0,0,clean
0.004258,0.005321,0,0.0028,0.00439,0.006424,0,0,0.009315,0.008259,0.011295,0,0.004402,0.010398,0.009062,0.013116,0.005439,clean
0.002881,0,0.003231,0.002246,0,0,0,0,0.002933,0,0.002887,0,0.003144,0.005149,0.002984,0.003648,0.003334,clean
0,0,0,0,0,0,0,0,0,0,0,0,0,0,0,0,0,clean
0,0,0,0,0,0,0,0,0,0,0.001256,0,0,0.00831,0.001516,0,0,clean
0,0,0,0,0,0,0,0,0.011247,0,0.011241,0,0,0,0.011224,0,0,clean
0,0,0,0,0,0,0,0,0,0,0,0,0,0.010398,0,0,0,clean
0,0,0,0,0,0,0,0,0,0,0,0,0,0.010398,0,0,0,clean
0.002984,0,0,0.002748,0,0.001774,0,0,0.003155,0.005893,0.020371,0,0.002985,0.005149,0.002921,0.003143,0.003155,clean
0,0.001466,0,0,0,0,0,0,0.00079,0,0.000773,0,0,0.010398,0.00085,0.001389,0,clean
0,0,0,0,0,0,0,0,0,0,0,0,0,0,0,0,0,clean
0,0,0,0,0,0,0,0,0,0,0,0,0,0,0,0,0,clean
0,0,0,0,0,0,0,0,0,0,0,0,0,0.040749,0,0,0,clean
0,0.001135,0,0,0,0,0,0,0,0,0.001033,0.00406,0,0.013377,0,0.00123,0,clean
0.002881,0,0.003231,0.027692,0,0,0,0,0.002933,0.027312,0.032897,0,0.03059,0.013377,0.033591,0.037887,0.003334,clean
0,0,0,0.010827,0,0,0,0,0.014478,0.011181,0.023649,0,0.039843,0.024375,0.026777,0.040125,0,clean
0,0,0,0,0,0,0.001517,0,0,0,0,0.000816,0,0.010098,0,0,0,clean
0.00154,0,0,0,0,0,0.001517,0,0.001624,0,0.001659,0,0.006855,0.004949,0.001591,0.006924,0.001773,clean
0,0,0,0,0,0,0,0,0,0,0,0,0,0.026961,0,0,0,clean
0,0.0532,0,0,0,0,0,0,0,0,0,0,0,0.010398,0,0.053036,0,buggy
0,0.038703,0,0,0,0,0,0,0,0,0,0,0,0.010398,0,0.044896,0,clean
0.01249,0.022251,0.016745,0,0,0,0,0,0.016755,0,0.019512,0,0.002227,0.021972,0.02157,0.025111,0.015241,clean
0,0,0,0,0,0,0,0,0,0,0,0,0.001705,0.00831,0,0.002578,0,clean
0,0,0,0,0,0,0,0,0,0,0,0,0,0.011468,0,0,0,clean
0.0008,0.042937,0.00188,0,0,0.000966,0,0,0.032149,0,0.031952,0,0.001313,0.010398,0.032632,0.04209,0.000941,clean
0,0,0,0,0,0,0,0,0,0,0,0,0,0,0,0,0,clean
0,0.005604,0,0,0,0,0,0,0,0,0,0,0,0.038662,0,0.006624,0,clean
0,0,0,0,0,0,0,0,0,0,0.000529,0,0.00542,0.010398,0,0.005015,0,clean
0,0,0,0,0,0,0,0,0,0,0.011241,0,0,0,0.011224,0,0,clean
0,0,0,0,0,0,0,0,0,0,0,0,0,0,0,0,0,buggy
0,0,0,0,0,0,0,0,0,0,0,0,0,0.027761,0,0,0,clean
0,0,0,0,0,0,0,0,0,0,0,0,0.00542,0.010398,0,0.005015,0,clean
0.026057,0.042959,0.029129,0,0,0,0,0,0,0,0,0,0,0,0.030608,0.042394,0.031012,clean
0,0,0,0,0,0,0,0,0,0.000668,0,0,0,0.011007,0,0,0,clean
0,0,0,0,0,0,0,0,0,0,0,0,0,0.010398,0,0,0,clean
0.001673,0,0.001929,0,0.001857,0,0,0,0.001861,0.001351,0.001991,0,0.002508,0.010398,0.00195,0.002757,0.001924,clean
0,0,0,0,0,0,0,0,0,0,0,0,0,0.010398,0,0,0,clean
0,0.014166,0,0,0,0,0,0,0,0,0,0,0,0.012366,0,0.018636,0,clean
0,0.040616,0.002654,0,0.000524,0,0,0,0.002622,0.001166,0.005426,0,0.002068,0.010398,0.004335,0.04185,0,clean
0.002291,0,0.002879,0,0,0,0,0,0.002842,0,0.020164,0,0.002986,0.017159,0.002903,0.002973,0.002744,clean
0.033473,0.003198,0.037457,0.005082,0,0,0.021616,0,0.049819,0.01344,0.044768,0,0.00739,0.047833,0.038517,0.009577,0.03946,buggy
0,0,0,0,0,0,0,0,0,0,0.017795,0,0.010122,0.010398,0.050437,0.009891,0,clean
0,0,0,0,0,0,0,0,0,0,0,0,0.006463,0.00831,0,0.005711,0,clean
0,0,0,0,0,0,0,0,0,0,0,0,0,0,0,0,0,clean
0,0,0,0,0,0,0,0,0,0,0,0,0,0.010398,0,0,0,clean
0,0,0,0,0,0,0,0,0,0,0,0,0,0.01379,0,0,0,clean
0,0,0,0,0,0,0,0,0,0,0.017307,0,0,0.017159,0,0,0,clean
0,0,0,0,0,0,0,0,0,0,0,0,0,0,0,0,0,clean
0,0.123958,0,0,0,0,0,0.000599,0,0,0,0,0,0.010398,0,0.128714,0,clean
0.001518,0.00381,0.00198,0.006573,0.003702,0,0,0,0.005285,0.00449,0.007986,0,0.002222,0.00831,0.00429,0.007842,0.002038,clean
0,0,0,0,0,0,0,0,0,0,0,0,0,0.002497,0,0,0,clean
0,0,0,0,0,0,0,0,0,0,0.001033,0,0.011137,0.010398,0.001035,0.010173,0,clean
0,0.03915,0,0,0,0,0,0,0,0,0,0,0,0,0,0.037887,0,clean
0,0.001563,0,0,0,0,0,0,0,0,0,0,0,0.010398,0,0.001522,0,clean
0,0.005464,0.00184,0,0,0,0,0.003331,0,0,0,0,0,0.010398,0,0.005278,0,clean
0,0,0,0,0,0,0,0,0,0,0,0,0,0.010398,0,0,0,clean
0,0.002716,0.0022,0.001434,0,0.001194,0,0,0.002431,0.00082,0.002437,0,0.004538,0.00831,0.002454,0.006422,0,clean
0,0,0,0,0,0,0,0,0,0,0,0,0.006785,0.010398,0,0.008451,0,clean
0.004815,0.068519,0.005131,0.004869,0,0,0,0.004926,0.005556,0.006013,0.005281,0,0.002161,0.010398,0.010259,0.069297,0.005316,clean
0.002881,0,0.003231,0.002246,0,0,0,0,0.002933,0.001765,0.002887,0,0,0.00831,0.002984,0,0.003334,clean
0,0,0,0,0,0,0,0,0,0,0,0,0,0,0,0,0,clean
0,0,0,0,0,0,0,0,0,0,0,0,0,0.010398,0,0,0,clean
0,0,0,0.002525,0,0.003977,0,0,0.00371,0.003767,0.00364,0,0.002161,0.010398,0.003685,0.003811,0,clean
0.001302,0,0.000995,0.001449,0.001076,0,0,0,0.002443,0.00246,0.003135,0,0,0,0.003446,0,0.002374,buggy
0,0,0,0,0,0,0,0,0,0,0,0,0,0.010398,0,0,0,clean
0,0,0,0,0,0,0,0,0,0,0.017307,0,0.02407,0.010398,0.019225,0.018382,0,clean
0,0,0,0,0,0,0,0,0,0.003131,0.002644,0,0,0.010398,0.002861,0,0,buggy
0.00118,0,0.000906,0,0,0,0,0,0.001224,0,0.01854,0,0.006733,0.010398,0.020391,0.006245,0.001345,clean
0.00154,0,0.001637,0.0018,0,0.001287,0.001517,0,0.001624,0.00174,0.001659,0.000816,0.005496,0.010098,0.001591,0.005376,0.001773,clean
0.000916,0,0,0,0,0,0,0,0.002622,0,0.002488,0,0,0.005149,0.002292,0,0.002108,clean
0,0.03915,0,0,0,0,0,0,0,0,0,0,0,0,0,0.037887,0,clean
0,0,0,0,0,0,0,0,0,0,0,0,0,0.005149,0,0,0,clean
0,0,0,0,0,0,0,0.004786,0,0,0,0,0.001313,0.010398,0,0.00123,0,clean
0,0,0,0,0,0,0,0,0,0,0,0,0,0,0,0,0,clean
0,0,0,0,0,0,0,0,0,0,0,0,0.001313,0.010398,0,0.00123,0,clean
0,0,0,0,0,0,0,0,0,0,0,0,0,0.00831,0,0,0,clean
0.001478,0.01187,0.001757,0.001386,0,0,0,0,0.001616,0.00108,0.021947,0,0.00273,0.012366,0.024296,0.017274,0.001805,buggy
0.009289,0,0,0,0,0,0,0,0,0,0,0,0,0,0.011224,0,0.011041,clean
0,0,0,0,0,0,0,0,0,0,0,0,0,0.041644,0,0,0,clean
0,0.018753,0,0,0,0,0,0,0.004239,0,0.006514,0,0.000914,0.010398,0.00131,0.024552,0,clean
0.001487,0,0,0.00342,0,0.000578,0.002765,0,0.004783,0.000843,0.009659,0,0.007154,0.01133,0.00992,0.007853,0.001334,buggy
0,0,0,0,0,0,0,0,0,0,0,0,0,0,0.019225,0,0,clean
0,0,0,0,0,0,0,0,0,0,0,0,0,0.041644,0,0,0,clean
0,0,0,0,0,0,0,0,0,0,0,0,0,0.010398,0,0,0,clean
0,0.001697,0,0,0,0,0,0,0,0,0,0,0.004292,0.00831,0,0.006077,0,clean
0,0,0,0,0,0,0,0,0,0,0,0,0,0,0,0,0,clean
0.001877,0.003752,0.001173,0,0,0,0,0,0.00371,0,0.00364,0,0,0.010398,0.003685,0.003743,0.002551,clean
0,0,0,0,0,0,0,0,0,0,0,0,0,0,0,0,0,clean
0.011708,0,0.015802,0,0,0,0,0,0.014478,0,0.017307,0,0,0,0.019225,0,0.014294,clean
0,0,0,0,0,0,0,0,0,0,0,0.000639,0,0.011007,0,0,0,clean
0,0,0,0,0,0,0,0,0,0,0.017307,0,0.024322,0.024375,0.019225,0.018504,0,clean
0,0.00381,0,0,0,0,0,0.004524,0,0,0,0,0,0.027761,0,0.004507,0,clean
0,0,0,0,0,0,0,0,0.030266,0,0.03001,0,0,0.027761,0.030608,0,0,clean
0.013584,0,0.002192,0,0,0,0,0,0.016696,0.012527,0.019388,0,0.00273,0.010398,0.021523,0.002185,0.016582,clean
0,0,0,0,0,0,0,0,0,0,0,0,0.001705,0.00831,0,0.002578,0,clean
0,0,0,0,0,0,0,0,0,0,0,0,0,0.004949,0,0,0,clean
0,0,0,0,0,0,0,0,0,0,0,0,0,0,0,0,0,clean
0.00154,0,0,0,0,0,0.001517,0,0.001624,0,0.001659,0,0.010588,0.004949,0.001591,0.010449,0.001773,clean
0,0,0,0,0,0,0,0,0,0,0,0,0,0.010398,0,0,0,clean
0.004234,0.006004,0.005047,0,0,0,0.027046,0,0.004811,0,0.006533,0,0,0.05882,0.006843,0.005699,0.005321,clean
0.026057,0,0.029129,0.027692,0,0,0.023233,0,0.030266,0.027312,0.03001,0,0.03059,0.039276,0.030608,0.037887,0.031012,clean
0,0,0,0,0,0,0,0,0,0,0,0,0,0.010398,0,0,0,clean
0,0,0,0,0,0,0,0,0,0,0,0,0,0.041644,0,0,0,clean
0.026057,0.046603,0.029129,0.027692,0,0,0.023233,0,0.030266,0.027312,0.03001,0.01117,0.03059,0.038159,0.030608,0.045,0.031012,clean
0,0,0,0,0,0,0,0,0,0,0,0,0,0,0,0,0,clean
0,0.041773,0,0,0,0,0,0,0,0,0,0,0,0.010398,0,0.04058,0,clean
0,0,0,0,0,0,0,0,0.034716,0,0.03001,0,0,0,0.030608,0,0,buggy
0,0.002716,0,0,0,0,0,0.001827,0.002431,0,0.002437,0,0,0.00831,0.002454,0.002578,0,clean
0,0,0,0,0,0,0,0,0,0,0,0,0.00273,0.010398,0,0.002185,0,clean
0,0,0,0,0,0,0,0,0,0,0,0,0,0,0,0,0,clean
0,0,0,0,0,0,0,0,0,0,0,0,0.004146,0.010398,0,0.005075,0,clean
0.02221,0.113275,0.027117,0.005568,0.003021,0.001428,0,0.011044,0.026242,0.007058,0.028616,0,0.02843,0.011292,0.031135,0.121625,0.026268,clean
0,0,0,0,0,0,0,0,0,0,0,0,0,0.00831,0,0,0,clean
0,0.041865,0,0,0,0,0,0,0,0,0,0,0,0.00831,0,0.040465,0,clean
0.000782,0.145358,0.000942,0.001449,0,0,0,0,0.000971,0.00246,0.002214,0,0.001313,0.010398,0.001035,0.152914,0.000947,clean
0.00154,0,0,0,0,0,0.001517,0,0.001624,0,0.001659,0,0.010588,0.004949,0.001591,0.010449,0.001773,clean
0.002291,0,0.002879,0.001386,0,0,0,0,0.004458,0.00108,0.05316,0,0.005716,0.012366,0.057806,0.005158,0.002744,clean
0,0.001793,0,0,0,0,0,0.001314,0,0,0,0,0,0.037859,0,0,0,clean
0,0,0,0,0,0,0,0,0,0,0,0,0.005716,0.010398,0,0.005158,0,clean
0.028938,0.048317,0.003231,0.027692,0,0.025024,0,0,0.033199,0.027312,0.032897,0,0.032961,0.013377,0.052816,0.048853,0.034346,clean
0.003113,0.003231,0.002241,0,0,0.001585,0,0,0.005557,0,0.006324,0,0.012657,0.010398,0.008114,0.016069,0.003513,clean
0,0,0,0,0,0,0,0,0.002842,0.003041,0.002857,0,0.020279,0.005149,0,0.015089,0,clean
0.010271,0.022359,0.002673,0.003356,0.000658,0,0.010885,0.00089,0.009185,0.002701,0.011554,0,0.004271,0.027347,0.012143,0.024458,0.011784,buggy
0,0,0,0,0,0,0,0,0,0,0,0,0,0.010398,0,0,0,clean
0.000542,0,0,0,0,0.000928,0,0,0.000536,0,0.000488,0,0.001769,0.010398,0.000605,0.001387,0.000553,clean
0,0,0,0,0,0,0,0,0,0,0,0,0,0.00831,0,0,0,clean
0.002881,0.003511,0.003231,0,0,0,0,0,0.002933,0,0.032897,0,0.03059,0.01129,0.033591,0.041535,0.003334,clean
0.000499,0,0,0.000446,0,0,0,0,0.000836,0.000577,0.018197,0,0.02077,0.010279,0.020935,0.016392,0.000596,clean
0,0,0,0,0,0,0,0,0,0,0,0,0,0.010398,0,0,0,clean
0.006207,0.023599,0.00117,0.012081,0,0.000913,0,0.005498,0.013403,0.001367,0.009918,0,0,0.01379,0.010034,0.024096,0.009212,clean
0,0,0,0,0,0,0,0,0,0,0,0,0,0.004949,0,0,0,clean
0.003797,0.017595,0.002654,0.00396,0.001073,0,0,0.002154,0.017931,0.002901,0.019663,0.002169,0.01117,0.005149,0.016731,0.024224,0.005442,buggy
0,0,0,0,0,0,0,0,0,0,0,0,0.004043,0.010398,0,0.003416,0,clean
0,0,0,0,0,0,0,0,0,0,0,0,0,0.010398,0,0,0,clean
0.000782,0.016591,0.000942,0,0,0,0,0,0.000971,0,0.001033,0,0,0.010398,0.001035,0.020787,0.000947,clean
0,0,0,0,0,0,0,0,0,0,0,0,0,0.00831,0.002454,0,0,clean
0,0,0,0,0,0,0,0,0,0,0.017307,0,0.00273,0.024375,0.019225,0.002185,0,clean
0.003847,0.001001,0.003165,0.006707,0,0,0,0,0.005672,0.004988,0.00977,0,0.03717,0.010398,0.005001,0.045492,0.004423,buggy
0.002881,0.003511,0.003231,0,0,0,0,0,0.002933,0.00489,0.002887,0,0.003144,0.003171,0.002984,0.003648,0.003334,clean
0,0,0,0,0,0,0,0,0,0,0.017307,0,0.00273,0.024375,0.019225,0.002185,0,clean
0.00099,0.005733,0.00117,0,0,0,0,0,0,0,0,0,0,0.010398,0.001173,0.005759,0.001086,clean
0.009289,0,0,0,0,0.012197,0,0,0.011247,0,0.011241,0,0,0,0.011224,0,0.011041,clean
0.006539,0.002797,0.003137,0.007146,0.000513,0.004232,0,0,0.011845,0.008398,0.011641,0,0.00432,0.004949,0.011953,0.007976,0.007671,clean
0,0,0,0,0,0,0,0,0,0,0,0,0,0.010398,0,0,0,clean
0.005602,0,0.00263,0.004363,0,0.004765,0,0,0.007914,0.002742,0.007852,0,0.008456,0.013377,0.008268,0.008032,0.00749,clean
0,0.001529,0,0,0,0,0,0,0,0,0,0,0,0.010398,0,0.001526,0,clean
0,0,0,0,0,0,0,0,0,0,0,0,0.003144,0.013377,0.002984,0.003648,0,clean
0,0,0,0,0,0,0,0,0,0,0,0,0,0.01201,0,0,0,clean
0,0,0,0,0,0,0,0,0.002622,0,0.002488,0.001152,0,0.011745,0,0,0,clean
0,0,0,0,0,0,0,0,0,0,0,0,0,0.010398,0,0,0,clean
0,0,0,0,0,0,0,0,0,0,0,0,0,0.010398,0,0,0,clean
0,0,0,0,0,0,0,0,0,0,0,0,0,0,0.011224,0,0,clean
0,0,0,0,0,0,0,0,0,0,0,0,0,0.038662,0,0,0,clean
0,0.001793,0,0,0,0,0,0,0,0,0.001201,0,0,0.00831,0.000778,0.001851,0,clean
0,0,0,0,0,0,0,0,0,0,0,0,0,0,0,0,0,clean
0,0.002624,0,0,0,0,0,0,0.017349,0,0.019951,0,0.025699,0.010398,0.022086,0.022858,0,clean
0,0.001066,0,0,0,0,0,0,0,0,0,0,0,0.010398,0,0.001052,0,clean
0,0.003198,0,0,0,0,0,0,0.001616,0,0.01896,0,0.00273,0.024375,0.02121,0.005711,0,clean
0,0,0,0,0,0,0,0,0.00031,0,0.000543,0,0.000395,0.010398,0.000615,0.000496,0,clean
0,0,0,0,0,0,0,0,0,0,0,0,0,0,0,0,0,buggy
0,0.002028,0,0,0,0,0,0,0,0,0.000507,0,0.005046,0.010398,0,0.006877,0,clean
0.002984,0,0.003137,0,0.001468,0,0,0,0.003155,0.002785,0.003064,0,0.004754,0.004949,0.002921,0.00453,0.003155,clean
0.00236,0.003198,0.006204,0.018975,0.003908,0.002265,0.027046,0.013868,0.002871,0.020799,0.002644,0.00165,0.003733,0.05882,0.002861,0.003525,0.002862,buggy
0,0,0,0.001254,0,0,0,0,0.002871,0.001367,0.003737,0.00406,0.004457,0.013377,0.003963,0.004879,0,clean
0,0,0,0,0,0,0,0,0,0,0.017307,0,0.02407,0.010398,0.019225,0.018382,0,clean
0.002881,0,0.003231,0,0,0,0,0,0.002933,0,0.002887,0,0,0.01129,0.002984,0,0.003334,clean
0.00154,0,0.001637,0,0.00085,0,0,0,0.001624,0.002289,0.004175,0,0.002416,0.004949,0.00391,0.003421,0.001773,clean
0,0,0,0,0,0,0,0,0,0,0,0,0,0.004949,0,0,0,clean
0,0,0,0,0,0,0.000796,0,0,0,0,0,0,0.022421,0,0,0,clean
0.026057,0.03915,0.029129,0,0,0,0,0,0.030266,0,0.03001,0,0,0.010398,0.030608,0.037887,0.031012,clean
0.002292,0.04347,0.000691,0.002973,0,0,0,0.002658,0.006103,0.00345,0.008721,0,0.022943,0.009428,0.008123,0.060897,0.003169,clean
0.004807,0,0.00121,0,0.00663,0,0,0,0.016914,0.013707,0.018189,0,0,0.010398,0.005827,0,0.00651,buggy
0,0.003752,0,0,0.000876,0,0,0,0.007238,0.001367,0.014074,0,0.001077,0.010398,0.007943,0.004866,0,clean
0,0,0,0,0,0,0,0,0,0,0,0,0,0.041644,0,0,0,clean
0.009289,0,0,0,0,0,0,0,0.011247,0,0.011241,0,0,0.004518,0.011224,0,0.011041,clean
0,0,0,0,0,0,0,0,0,0,0,0,0,0,0,0,0,clean
0.00702,0.048609,0.003439,0.005911,0,0.003693,0,0,0.008382,0.005768,0.02914,0,0.006463,0.024375,0.028147,0.046356,0.008496,clean
0,0,0,0,0,0,0,0,0.000971,0,0.001033,0,0.007292,0.010398,0.001035,0.007396,0,clean
0.026057,0,0,0,0,0,0,0,0.030266,0,0.03001,0,0,0,0.030608,0,0.031012,buggy
0,0,0,0,0,0,0,0,0,0,0,0,0,0.00831,0,0,0,clean
0,0,0,0,0,0,0,0,0,0,0,0,0.020279,0.005149,0.019225,0.015089,0,clean
0,0,0,0,0,0,0.023233,0,0,0,0,0,0,0.038159,0,0,0,clean
0,0,0,0,0,0,0,0,0,0,0,0,0,0,0,0,0,clean
0,0.00381,0,0,0,0,0,0,0,0,0,0,0,0,0,0.004507,0,clean
0.000782,0.00973,0.000942,0,0,0.000966,0,0.001153,0.000971,0,0.001033,0,0,0.010398,0.001035,0.009654,0.000947,clean
0,0,0,0,0,0,0,0,0,0,0,0,0,0,0,0,0,clean
0,0.005266,0.002654,0,0,0.002571,0.000869,0,0,0,0.002686,0,0.002383,0.010398,0.002623,0.008599,0,clean
0,0,0,0,0,0,0,0,0,0,0,0,0,0,0,0,0,clean
0,0,0,0,0,0,0,0,0,0,0,0,0.004043,0.010398,0,0.003416,0,clean
0.00154,0,0,0,0,0,0.001517,0,0.001624,0,0.001659,0,0.006855,0.004949,0.001591,0.006924,0.001773,clean
0.003606,0.004074,0.002328,0.0018,0,0.001928,0.011783,0,0.015381,0.00226,0.017382,0,0,0.013302,0.004001,0.0041,0.003914,clean
0,0.03915,0,0,0,0,0,0,0,0,0.03001,0,0.03059,0,0.030608,0,0,clean
0,0,0,0,0,0,0.007058,0,0.039497,0,0.039394,0,0.03059,0.010398,0.00948,0.037887,0,clean
0,0,0,0,0,0,0,0,0,0,0,0,0.001313,0.010398,0,0.00123,0,clean
0,0.009202,0,0,0,0,0,0,0.001148,0,0.018643,0,0.02301,0.02032,0.020552,0.026498,0,buggy
0,0,0,0,0.005861,0,0,0,0,0.011968,0,0,0,0,0,0,0,clean
0.026057,0.041556,0.029129,0,0,0,0,0.007198,0.030266,0.027312,0.03001,0,0.03059,0.039276,0.030608,0.040463,0.031012,clean
0,0,0,0,0,0,0,0,0,0,0,0,0,0,0,0,0,clean
0,0,0,0,0,0,0,0,0,0,0,0,0,0.010398,0,0,0,clean
0,0,0,0.001173,0,0,0,0.001521,0,0,0.001033,0,0.005057,0.010398,0.001035,0.005763,0,clean
0,0,0,0,0,0,0,0,0,0,0,0,0,0,0,0,0,clean
0.00118,0.042065,0.000906,0.001197,0,0,0.023233,0,0.001224,0.001337,0.031243,0,0.001195,0.038159,0.001166,0.042217,0.001345,clean
0.002291,0,0.002879,0.003209,0.002182,0,0.006243,0,0.002842,0.003041,0.002857,0,0,0.011106,0.002903,0,0.002744,clean
0,0,0,0,0,0,0,0,0,0,0,0,0,0.027761,0,0,0,clean
0,0,0,0,0,0,0,0,0,0,0.017307,0,0.02407,0.010398,0,0.018382,0,clean
0.00154,0.001793,0,0,0,0.001287,0,0,0.005982,0,0.005816,0,0.005496,0.00831,0.005613,0.005376,0.001773,clean
0,0,0,0,0,0,0,0,0.003155,0,0,0,0,0.036071,0,0,0,clean
0.000161,0.03915,0.000344,0,0.000658,0,0,0,0.000446,0.000668,0.000525,0,0,0.00831,0.000654,0.037887,0.000457,clean
0,0,0,0,0,0,0,0,0,0,0,0,0,0,0,0,0,clean
0.027047,0.027318,0.02982,0,0,0,0,0.006744,0.03147,0,0.031103,0,0.03059,0.010398,0.031709,0.064436,0.031807,buggy
0,0,0,0,0,0,0.011783,0,0,0,0,0,0,0.010398,0,0,0,clean
0,0,0,0,0,0,0,0,0,0,0,0,0,0.010398,0,0,0,clean
0,0.00282,0,0,0,0,0,0,0,0,0.03001,0,0,0.041644,0.049832,0.002865,0,clean
0,0,0,0,0,0,0,0,0,0,0,0,0,0,0,0,0,clean
0,0,0,0,0,0,0,0,0,0,0.006336,0,0,0,0,0,0,clean
0.040259,0.04646,0.034572,0,0,0,0,0,0.048313,0,0.047123,0,0.011413,0,0.05241,0.066272,0.050309,clean
0,0,0,0,0,0,0,0,0,0,0,0,0,0.041644,0,0,0,clean
0,0,0,0,0,0,0,0,0,0,0,0,0,0.010398,0,0,0,clean
0,0,0,0,0,0,0,0,0,0,0,0,0,0,0,0,0,clean
0.001802,0,0,0.001386,0,0.001428,0,0,0.013993,0.00108,0.032436,0,0.00339,0.024375,0.003798,0.003268,0.002335,clean
0.0008,0.009908,0.000938,0,0,0,0,0,0.004742,0,0.00633,0,0.004914,0.010398,0.002232,0.015304,0.000941,clean
0,0,0,0,0,0,0,0,0,0,0,0,0,0.037859,0,0,0,clean
0,0,0,0,0,0,0,0.002203,0,0,0,0,0,0.004949,0,0,0,clean
0,0,0,0,0,0,0,0,0,0,0.001659,0,0,0.010398,0.001591,0,0,clean
0.002959,0,0.003283,0.001713,0,0.001585,0,0,0.012595,0.002613,0.011969,0.002169,0,0.007363,0.011791,0,0.004653,clean
0,0,0,0,0,0,0,0,0,0,0,0,0,0.010398,0,0,0,clean
0.004524,0.046358,0.004774,0.002748,0,0,0,0.038603,0.004779,0.002785,0.004723,0,0.001763,0.00831,0.004512,0.048402,0.004928,clean
0.001962,0.005862,0.001848,0.002997,0.000914,0,0,0,0.002848,0.003077,0.002892,0,0,0.010398,0.003791,0.006282,0.002291,clean
0,0,0,0,0,0,0,0,0,0,0,0,0,0,0,0,0,clean
0.000352,0.040127,0.000658,0.000743,0,0.000848,0.003055,0.033675,0.001888,0.000584,0.001989,0,0.001978,0.01144,0.001726,0.040642,0.000608,clean
0,0,0,0,0,0,0,0,0,0,0,0,0,0,0,0,0,clean
0,0,0,0,0,0,0,0,0,0,0,0,0,0.010398,0,0,0,clean
0.000621,0.003513,0.001558,0.001056,0,0.000589,0.000769,0,0.004027,0.000894,0.002777,0.001152,0.003733,0.014727,0.001983,0.007082,0.000754,clean
0,0,0,0,0,0,0,0,0,0,0,0,0,0,0,0,0,clean
0,0,0,0,0,0,0,0,0,0,0,0,0,0.010398,0,0,0,clean
0.00236,0,0.00263,0.00311,0,0.002265,0,0,0.002871,0.002643,0.002644,0,0.003733,0.003391,0.002861,0.003525,0.002862,buggy
0,0,0,0,0,0,0,0,0,0,0,0,0,0,0,0,0,clean
0,0,0,0,0,0,0,0,0,0,0,0,0,0.011467,0,0,0,buggy
0,0,0,0,0,0,0,0,0,0,0,0,0,0.010398,0,0,0,clean
0,0,0,0,0,0,0,0,0,0,0.017307,0,0.00273,0.02032,0.019225,0.002185,0,clean
0,0,0,0,0,0,0,0,0,0,0,0,0,0,0,0,0,clean
0,0.042959,0,0.003209,0,0,0,0,0,0.003041,0.002857,0,0,0.010398,0.002903,0.042394,0,clean
0,0,0,0,0,0,0,0,0,0,0.001033,0,0,0.010398,0,0,0,clean
0.009289,0.011267,0,0,0.005861,0,0,0,0.011247,0.011968,0.011241,0,0,0.004518,0.011224,0.011785,0.011041,clean
0,0.001334,0,0,0,0,0,0,0,0,0,0.000639,0,0.011007,0,0.001303,0,clean
0,0,0,0,0,0,0,0,0,0,0.001659,0,0,0.008406,0,0,0,clean
0.001478,0.066879,0.001757,0.001386,0,0,0,0.052751,0.002528,0.00108,0.002563,0,0,0.010398,0.002974,0.067261,0.001805,buggy
0,0,0,0,0,0,0,0,0,0,0,0,0,0.010398,0,0,0,clean
0,0.003395,0,0,0,0,0,0,0,0,0,0,0,0.010398,0,0.003247,0,clean
0,0,0,0,0,0,0,0,0,0,0,0,0,0,0,0,0,clean
0.009032,0.018718,0.010368,0.008256,0,0,0,0,0.010374,0.00793,0.010384,0,0.005716,0.010398,0.010958,0.01824,0.010771,clean
0.000782,0.007501,0.000942,0,0,0,0,0,0.000971,0,0.001033,0,0,0.010398,0.001035,0.008277,0.000947,clean
0,0,0,0,0,0,0,0,0,0,0,0,0.005716,0.010398,0,0.005158,0,clean
0,0.023879,0,0,0,0,0,0.002632,0,0,0,0.002169,0,0.005149,0,0.024913,0,clean
0,0,0,0,0,0,0,0,0,0,0,0,0,0.010398,0,0,0,clean
0.00154,0.001793,0.001637,0.0018,0,0,0,0,0.001624,0.00174,0.004405,0,0.001763,0.00831,0.004677,0.001851,0.001773,clean
0.00154,0,0,0,0,0,0.001517,0,0.001624,0,0.001659,0,0.010588,0.004949,0.001591,0.010449,0.001773,clean
0,0,0,0,0,0,0,0,0.002871,0,0.002644,0,0.007776,0.010398,0.002861,0.006941,0,clean
0.0008,0,0.000938,0.013591,0,0,0,0,0.01539,0.012527,0.018216,0,0.02301,0.024375,0.020214,0.017274,0.000941,clean
0,0,0,0,0,0,0,0,0,0,0,0,0,0.01201,0,0,0,clean
0,0.001933,0,0.001056,0,0,0,0,0.000892,0.000894,0.000912,0.00406,0.003144,0.013377,0,0.005563,0,clean
0.00154,0,0.001637,0,0,0,0.001517,0,0.001624,0,0.001659,0.000816,0.001763,0.037859,0.001591,0.001851,0.001773,clean
0.000591,0.001304,0.001156,0,0,0,0,0,0.001098,0,0.000995,0,0,0.010398,0.001055,0.001343,0.00092,clean
0,0,0,0,0,0,0,0,0,0,0.01896,0,0.00273,0.024375,0.02121,0.002185,0,clean
0.026057,0,0,0,0,0,0.010885,0,0.031396,0,0.031211,0,0.000659,0.027347,0.031386,0.001082,0.031012,buggy
0.009289,0.003198,0,0.003054,0,0.012197,0,0.00242,0.014096,0.015074,0.014048,0,0.001059,0.010398,0.013987,0.00544,0.011041,clean
0.026057,0.03915,0.029129,0,0,0,0.023233,0,0.030266,0,0.031668,0.01117,0.03059,0.038159,0.030608,0.037887,0.031012,clean
0,0,0,0,0,0,0,0,0,0,0,0,0,0,0,0,0,clean
0,0,0,0,0,0,0,0,0,0,0,0,0,0.010398,0,0,0,clean
0,0,0,0,0,0,0,0,0,0,0,0,0,0.010398,0,0,0,clean
0,0,0,0,0,0,0,0,0,0,0,0,0,0.010398,0,0,0,clean
0,0,0,0,0,0,0,0,0,0,0,0,0,0.00831,0,0,0,clean
0.004562,0.06226,0.005406,0.000387,0.000452,0,0,0,0.007808,0,0.00484,0,0.002371,0.010398,0.006057,0.068017,0.005265,clean
0,0.040177,0,0,0,0,0,0.033026,0,0,0,0,0,0.010398,0,0.038901,0,clean
0,0,0,0,0,0,0,0,0,0,0,0,0,0.00831,0,0,0,clean
0,0,0,0,0,0,0,0,0,0,0,0,0,0.010398,0,0,0,clean
0,0,0,0,0,0,0,0,0,0,0,0,0,0,0,0,0,clean
0,0,0,0,0,0,0,0,0,0,0,0,0,0.010398,0,0,0,clean
0,0,0,0,0,0,0,0,0,0,0,0,0,0.005149,0,0,0,clean
0,0.002141,0.002879,0.003209,0,0,0,0,0.002842,0.003041,0.005921,0,0.004299,0.010398,0.005824,0.006388,0,clean
0,0,0,0,0,0,0,0,0,0,0,0,0,0,0,0,0,clean
0.00154,0.001284,0.001637,0.0018,0,0.001287,0,0,0.001624,0.00174,0.001659,0,0.001763,0.00831,0.001591,0.004036,0.001773,clean
0.001478,0.119088,0.001757,0,0,0,0,0,0.001616,0,0.001654,0,0.00273,0.010398,0.001985,0.123662,0.001805,clean
0,0,0,0,0,0,0,0,0,0,0,0,0,0,0,0,0,clean
0,0,0,0,0,0,0,0,0,0,0,0,0,0.01129,0,0,0,clean
0,0.001001,0,0,0,0,0,0,0,0,0,0,0,0.010398,0,0.001108,0,clean
0,0.042276,0,0,0,0,0,0,0,0,0,0.000639,0,0.011007,0,0.041041,0,clean
0,0,0,0.001062,0.001811,0,0,0,0.00445,0.003254,0.006336,0,0,0,0,0,0,buggy
0,0.001066,0,0,0,0,0,0,0,0,0,0,0,0.010398,0,0.001052,0,clean
0,0,0,0,0,0,0,0,0.044743,0,0.021742,0,0.004723,0,0,0.004507,0,clean
0,0.002716,0.0022,0,0,0,0,0,0,0,0.017307,0,0,0.017159,0,0.002578,0,clean
0,0,0,0,0,0,0,0,0,0,0,0,0,0.010398,0,0,0,clean
0.00407,0.005755,0.007045,0.001056,0,0.000589,0.000769,0.00089,0.00555,0.000894,0.012522,0.001152,0.003803,0.009344,0.007098,0.01068,0.005832,clean
0,0,0,0,0,0,0,0,0,0,0,0,0,0,0,0,0,clean
0.011708,0,0.015802,0,0,0,0,0,0.014478,0,0.017307,0.006823,0.00542,0.021972,0.019225,0.005015,0.014294,clean
0.004157,0.003183,0.001409,0.001597,0.003514,0.001785,0,0,0.004467,0.005413,0.012072,0,0.006915,0.010398,0.009437,0.010595,0.004784,clean
0,0,0,0,0,0,0,0,0,0,0,0,0,0.010398,0,0,0,clean
0.000591,0.001304,0.001156,0,0,0,0,0,0.001098,0,0.000995,0,0,0.010398,0.001055,0.001343,0.00092,clean
0.001478,0.048452,0.001757,0,0,0,0,0,0.001616,0,0.001654,0,0.00273,0.010398,0.001985,0.04952,0.001805,clean
0,0,0,0,0,0,0.027046,0,0,0,0,0.00165,0,0.05882,0,0,0,clean
0,0,0,0,0,0,0,0,0,0,0,0,0,0,0,0,0,clean
0,0,0,0,0,0,0,0,0,0,0,0,0,0.010398,0,0,0,clean
0,0,0,0,0,0,0,0,0,0,0,0,0,0.023042,0,0,0,clean
0,0,0,0,0,0,0,0,0,0,0,0,0,0,0,0,0,clean
0,0,0,0,0,0,0,0,0,0,0,0,0,0,0,0,0,clean
0,0,0,0,0,0,0,0,0,0,0.001033,0,0,0.010398,0,0,0,clean
0,0,0,0,0,0,0,0,0,0,0,0,0.003144,0.010398,0,0.003648,0,clean
0,0,0,0,0,0,0,0,0,0,0,0,0,0,0,0,0,clean
0,0,0,0,0,0,0,0,0,0,0,0,0,0.010398,0,0,0,clean
0.000319,0,0,0.002246,0,0,0.002052,0,0.003264,0,0.003617,0,0,0.010213,0.003446,0,0.000473,clean
0.001174,0,0,0,0,0,0,0.002203,0.001312,0,0.001278,0.00165,0,0.006006,0.001243,0,0.001628,clean
0,0,0,0,0,0,0,0,0,0,0.000909,0,0.00283,0.010398,0.000989,0.002494,0,clean
0.000499,0.002279,0.00184,0,0,0,0,0,0.002724,0.001166,0.002659,0,0.004493,0.010398,0.002765,0.00705,0.000596,clean
0.002382,0.001697,0.002501,0.0028,0,0,0,0,0.002983,0.003125,0.002986,0,0,0.00831,0.003086,0.001401,0.002888,clean
0,0,0,0,0,0,0,0,0,0,0.000488,0,0.00542,0,0,0.005015,0,clean
0,0,0,0,0,0,0,0,0,0,0,0,0,0,0,0,0,clean
0,0,0,0,0,0,0,0,0,0,0,0,0,0,0,0,0,clean
0,0,0,0,0,0,0,0,0,0,0,0,0.00273,0.010398,0,0.002185,0,clean
0,0,0,0,0,0,0,0,0,0,0,0,0,0,0,0,0,clean
0.01249,0.018753,0.016745,0,0,0,0,0,0.015449,0,0.018869,0,0.001313,0.021972,0.02026,0.023291,0.015241,buggy
0,0,0,0.013591,0,0,0,0,0.014478,0.012527,0.017307,0,0.02301,0.024375,0.019225,0.017274,0,clean
0.005365,0.004795,0.005638,0.004134,0.000994,0.001428,0,0.000734,0.006137,0.003865,0.007704,0,0.009448,0.010213,0.007992,0.010316,0.006043,clean
0,0,0,0,0,0,0,0,0,0,0,0,0,0.010398,0,0,0,clean
0,0,0,0.001713,0,0,0,0,0.001779,0.001366,0.001544,0,0.000976,0.00831,0.001365,0.001938,0,clean
0,0,0,0,0,0,0,0,0,0,0,0,0,0.010398,0,0,0,clean
0,0,0,0,0,0,0.003039,0,0,0,0,0,0,0.012964,0,0,0,clean
0,0,0,0,0,0,0,0,0,0,0,0,0,0,0,0,0,clean
0,0,0,0,0,0,0,0,0,0,0,0,0.001313,0.010398,0,0.00123,0,clean
0.00154,0,0.001637,0.0018,0,0.001287,0.001517,0,0.001624,0.00174,0.001659,0.000816,0.005496,0.010098,0.001591,0.005376,0.001773,clean
0.00226,0.004333,0.0027,0,0,0,0,0,0.002587,0,0.002687,0,0.00106,0.010398,0.00302,0.005863,0.002752,clean
0,0,0,0,0,0,0,0,0,0,0,0,0,0,0,0,0,clean
0.01249,0.029142,0.016745,0.001173,0,0,0,0.001521,0.016653,0,0.019433,0,0,0.021972,0.021361,0.033531,0.015241,clean
0,0.094521,0,0,0,0,0,0.035524,0,0,0,0,0,0.010398,0,0.097917,0,clean
0.002581,0.028935,0.003046,0.000783,0,0.000966,0.011062,0,0.017883,0.000696,0.02011,0,0.022652,0.029353,0.022853,0.035729,0.003002,buggy
0,0,0,0,0,0,0,0,0,0,0,0,0,0.010398,0,0,0,clean
0,0,0,0,0,0,0,0,0,0,0,0,0,0.041644,0,0,0,clean
0.001188,0.016949,0.0022,0,0,0,0,0.002905,0,0,0.019743,0,0.020279,0.005149,0.021679,0.021478,0.001573,clean
0,0,0,0,0,0,0,0,0,0,0,0,0.001313,0.010398,0,0.00123,0,clean
0,0,0,0,0,0,0,0,0,0,0,0,0,0.010398,0,0,0,clean
0,0,0,0,0,0,0,0,0.000971,0,0.001033,0,0,0.010398,0,0,0,clean
0,0,0,0,0,0,0,0,0,0,0,0,0,0.010398,0,0,0,clean
0,0,0,0,0,0,0,0,0,0,0,0,0,0,0,0,0,clean
0.004639,0.004333,0.005326,0.003893,0.002652,0,0.027046,0,0.006371,0.003339,0.00908,0,0.013756,0.05882,0.010619,0.011877,0.005608,clean
0,0,0,0,0,0,0,0,0,0,0,0,0,0.010398,0,0,0,clean
0,0,0,0,0,0,0,0,0,0,0,0,0,0.011467,0,0,0,clean
0,0,0,0,0,0,0,0,0,0,0,0,0,0.027761,0,0,0,clean
0.005743,0.03915,0,0.001062,0,0,0,0,0.00445,0.003254,0.006336,0,0.00604,0,0.006784,0.045608,0.006543,clean
0.003784,0,0.00274,0,0,0.000928,0,0,0.005677,0,0.005881,0,0.009826,0.010398,0.007065,0.00903,0.005181,clean
0,0,0,0,0,0,0,0,0,0,0.017307,0,0.02301,0.010398,0,0.017274,0,clean
0,0,0,0,0,0,0,0,0,0,0.017307,0,0.02301,0.024375,0,0.017274,0,clean
0,0,0,0,0,0,0,0,0.001306,0,0.00213,0.00406,0.00729,0.013377,0.00131,0.008723,0,clean
0,0,0,0,0,0,0,0,0,0,0,0,0.00273,0.010398,0,0.002185,0,clean
0,0,0,0,0,0,0,0,0,0,0,0,0,0.010398,0,0,0,clean
0,0.008957,0,0.000783,0,0,0,0,0,0.000696,0.001576,0,0.001313,0.010398,0.00165,0.010757,0,clean
0,0.008587,0,0,0,0,0,0,0,0,0,0,0,0,0,0.007129,0,clean
0,0,0,0,0,0,0.003039,0,0,0,0,0,0,0.012964,0,0,0,clean
0,0.03915,0,0,0,0,0,0,0,0,0.023642,0,0.020279,0,0.026009,0.052976,0,buggy
0.003449,0.008587,0.006204,0,0.005303,0,0,0,0.00785,0.005609,0.007674,0,0,0,0.00431,0.007129,0.005079,buggy
0,0,0,0,0,0,0,0,0,0,0,0,0,0.010398,0,0,0,clean
0,0,0,0,0,0,0,0,0,0,0,0,0,0.010398,0,0,0,clean
0,0,0,0,0,0,0,0,0,0,0.017307,0,0.00273,0.022288,0.019225,0.002185,0,buggy
0,0,0,0,0,0,0,0,0,0,0,0,0,0.010398,0,0,0,clean
0,0,0,0,0,0,0,0,0,0,0,0,0,0,0,0,0,clean
0,0,0,0,0,0,0,0,0,0,0.017307,0,0,0.012366,0.019225,0,0,clean
0.002382,0.001697,0.002501,0.0028,0,0,0,0,0.002983,0.003125,0.002986,0,0,0.00831,0.003086,0.001401,0.002888,clean
0.01249,0.015664,0.016745,0,0,0,0,0,0.015449,0,0.01834,0,0,0.021972,0.02026,0.020136,0.015241,clean
0,0.006184,0,0,0,0,0,0,0.001098,0,0.000995,0,0.006733,0.010398,0.00291,0.011113,0,clean
0.026057,0.04129,0,0,0,0,0,0,0.041513,0,0.041251,0,0,0.00831,0.041832,0.040072,0.031012,clean
0,0,0,0,0,0,0,0,0,0,0.017307,0,0.02407,0.010398,0.019225,0.018382,0,clean
0,0,0,0,0,0,0,0,0,0,0,0,0.007029,0.010398,0,0.006388,0,clean
0,0,0,0,0,0,0.003039,0,0.00069,0,0.00059,0,0,0.012964,0,0,0,clean
0,0,0,0,0,0,0,0,0.001861,0,0.019297,0,0.029742,0.010398,0.00195,0.023519,0,clean
0.026057,0,0.029129,0,0,0,0.023233,0,0.030266,0,0.032867,0,0.031902,0.038159,0.03351,0.039117,0.031012,clean
0.00678,0.001933,0.003717,0.005146,0.000661,0,0,0,0.014995,0.003437,0.013931,0,0.009437,0.010398,0.014936,0.013127,0.008176,clean
0.006638,0.00432,0,0.001471,0,0,0,0,0.01275,0.00522,0.045021,0,0.002955,0.010398,0.035976,0.005965,0.008671,clean
0,0,0,0,0,0,0,0,0,0,0,0,0,0.010398,0,0,0,clean
0,0,0,0,0,0,0.010885,0,0,0,0,0,0,0.027347,0,0,0,clean
0,0,0,0,0,0,0,0,0,0,0,0,0,0.010398,0,0,0,clean
0,0,0,0,0,0,0,0,0,0,0,0,0.020279,0.005149,0.019225,0.015089,0,clean
0.001478,0,0.001757,0,0,0,0,0,0.001616,0,0.001654,0,0.03332,0.010398,0.001985,0.040072,0.001805,clean
0,0,0,0,0,0,0,0,0,0,0,0,0.005046,0.010398,0,0.004756,0,clean
0.008566,0.117339,0.005218,0,0.001811,0,0,0.003673,0.011807,0.003949,0.013578,0,0.008112,0.010398,0.013983,0.116227,0.010862,buggy
0,0,0.001637,0,0,0,0,0,0,0,0,0,0,0.00831,0,0,0,clean
0,0,0,0,0,0,0,0,0,0,0,0,0.00273,0.022288,0,0.002185,0,buggy
0,0,0,0,0,0,0,0,0,0,0.00059,0.00406,0,0.013377,0,0,0,clean
0.001174,0,0,0,0,0,0,0,0.001312,0,0.001278,0.00165,0,0.006006,0.001243,0,0.001628,clean
0,0,0,0,0,0,0,0,0,0,0,0,0,0.010398,0,0,0,clean
0,0.001027,0,0,0,0,0,0,0,0,0,0,0.001313,0.010398,0,0.002244,0,clean
0,0.046699,0,0,0,0,0,0,0,0,0,0,0,0,0,0.045617,0,clean
0,0,0,0,0,0,0,0,0,0,0,0,0.005979,0.010398,0,0.006166,0,clean
0.002881,0,0.003231,0,0,0,0,0,0.002933,0,0.002887,0,0,0.01129,0.002984,0,0.003334,clean
0,0.045183,0,0.027692,0,0,0,0,0.039611,0.027312,0.03001,0,0.001313,0.010398,0.030608,0.051059,0,clean
0.006151,0.003936,0.007137,0.007396,0.000994,0.001428,0.000847,0,0.007441,0.010353,0.024804,0,0.001759,0.012366,0.007974,0.007343,0.007437,buggy
0.007747,0.002237,0,0.010257,0,0.005465,0,0,0.044893,0.011359,0.05463,0,0.055021,0.010398,0.045473,0.059171,0.01082,buggy
0,0,0,0,0,0,0,0,0,0,0,0,0,0,0,0,0,clean
0.002984,0,0.003137,0,0.001468,0,0,0,0.003155,0.002785,0.003064,0,0.004754,0.004949,0.002921,0.00453,0.003155,clean
0.061262,0.105082,0.017618,0.026853,0.006303,0.056109,0,0.013319,0.10022,0.033034,0.108135,0,0.05365,0.010398,0.103692,0.152043,0.079945,buggy
0,0,0,0,0,0,0,0,0,0,0,0,0,0.010398,0,0,0,clean
0,0,0,0,0,0,0,0,0,0,0,0,0,0.010398,0,0,0,clean
0.000621,0.010711,0.000841,0.001056,0,0,0.000769,0,0.000892,0.000894,0.000912,0.001152,0.000845,0.014314,0.000991,0.009747,0.000754,clean
0,0.0043,0,0.001254,0,0,0.010885,0,0,0.001367,0.001148,0,0,0.027347,0,0.004259,0,clean
0,0,0,0,0,0,0,0,0,0,0,0,0,0.010398,0,0,0,clean
0,0,0,0,0,0,0,0,0,0,0,0,0,0.005149,0,0,0,clean
0,0.003788,0,0,0,0,0.000847,0,0.001616,0,0.01896,0,0.00273,0.024375,0.001985,0.006388,0,clean
0.005743,0.04646,0.002703,0,0,0,0,0.054308,0.00445,0,0.006336,0,0,0.012366,0.006784,0.045608,0.006543,buggy
0.001134,0.004773,0.0016,0,0,0,0,0,0.001655,0,0.001686,0,0,0.010398,0.00166,0.004872,0.001555,clean
0.0008,0.023219,0,0.000387,0.000452,0,0,0,0.000912,0.000564,0.000909,0,0.00106,0.010398,0.000989,0.029475,0.000941,clean
0,0,0,0,0,0,0,0,0,0,0,0,0,0.010398,0,0,0,clean
0,0.004544,0,0,0,0,0,0,0,0,0,0,0,0.038662,0,0.004486,0,clean
0,0,0,0,0,0,0,0,0,0,0,0,0,0.00831,0,0,0,clean
0,0,0,0,0,0,0,0,0,0,0,0,0,0,0,0,0,clean
0,0.011789,0,0,0,0,0,0.050297,0,0,0,0,0,0.010398,0,0.012445,0,clean
0.026057,0.03915,0.029129,0.027692,0,0,0,0.033026,0.030266,0.027312,0.03001,0,0.03059,0.010398,0.030608,0.038939,0.031012,clean
0,0,0,0,0,0,0,0,0,0,0,0,0.005716,0.010398,0,0.005158,0,clean
0,0,0,0,0,0,0,0,0,0,0,0,0,0.010398,0,0,0,clean
0,0,0,0,0,0,0.010885,0,0,0,0,0,0,0.027347,0,0,0,clean
0,0.006004,0,0,0,0,0,0,0,0,0,0,0,0.010398,0,0.005699,0,clean
0,0,0,0,0,0,0,0,0,0,0,0,0,0,0,0,0,clean
0.00154,0,0.001637,0,0,0,0,0.003946,0.001624,0.00174,0.001659,0,0.001763,0.037859,0.001591,0.001851,0.001773,clean
0,0,0,0,0,0,0,0,0,0,0,0,0,0.01379,0,0,0,clean
0,0,0,0,0,0,0,0,0,0,0,0,0,0.010398,0,0,0,clean
0.001478,0.043086,0.002879,0,0,0,0,0.036337,0.001616,0,0.001654,0,0,0.012366,0.001985,0.043045,0.001805,clean
0.000542,0,0,0,0,0.000928,0,0,0.000536,0,0.000488,0,0,0.010398,0.000605,0,0.000553,clean
0,0,0,0,0,0,0,0,0,0,0,0,0,0,0,0,0,clean
0.00154,0,0.001637,0,0,0,0,0,0.001624,0,0.001659,0,0.001763,0.004949,0.001591,0.001851,0.001773,clean
0,0,0,0,0,0.002642,0,0,0,0,0,0,0.004292,0,0,0.004676,0,clean
0.002984,0.004861,0.000716,0.001471,0,0.001774,0,0,0.011824,0.009651,0.034617,0,0.005624,0.010398,0.012029,0.008435,0.003155,clean
0,0,0,0,0,0,0,0,0,0,0,0,0,0.005149,0,0,0,clean
0.00154,0,0,0,0,0,0.001517,0,0.001624,0,0.001659,0,0.010588,0.004949,0.001591,0.010449,0.001773,clean
0,0,0,0,0,0,0,0,0,0,0,0,0,0.01129,0,0,0,clean
0.026057,0,0.029129,0.027692,0,0.025024,0.023233,0.033026,0.030266,0.027312,0.03001,0.01117,0.031902,0.038159,0.030608,0.039117,0.031012,buggy
0,0,0,0,0,0,0,0,0,0,0,0,0,0,0,0,0,clean
0,0,0,0,0,0,0,0,0,0,0.017307,0,0.007475,0.012366,0.019225,0.007514,0,clean
0,0.003691,0,0,0,0,0,0,0.001808,0,0.017307,0,0.036706,0.010398,0.022135,0.033391,0,clean
0,0,0,0,0,0,0,0,0,0,0,0,0,0.038662,0,0,0,clean
