0,2,1,3,0,11,0,3,1,6,3,3,6,3,1,18,3,clean
0,0,1,0,0,0,0,2,1,1,1,2,1,0,0,9,0,clean
7,0,0,139,5,422,0,22,1,1,231,77,6,64,34,9,12,clean
12,0,0,140,1,747,6,13,2,0,78,77,1,11,11,35,1,clean
0,0,0,6,2,23,0,6,2,0,15,10,2,3,0,15,6,clean
0,0,0,6,1,10,0,6,3,1,15,10,2,0,0,17,6,clean
0,0,2,11,2,54,0,6,2,4,15,16,6,2,0,21,6,buggy
0,0,1,8,1,43,0,4,1,4,6,18,5,2,2,9,3,clean
0,4,0,3,5,22,0,2,1,1,1,16,6,5,1,10,2,clean
0,0,0,8,2,20,0,3,1,7,3,6,9,26,0,9,0,clean
2,9,0,61,9,195,4,23,3,10,253,97,18,11,2,48,19,clean
0,0,0,2,3,21,0,2,1,1,1,16,4,6,3,9,2,clean
0,0,0,10,6,37,2,4,2,0,6,22,6,2,2,39,4,clean
1,0,0,19,1,73,0,5,1,1,10,25,2,1,1,10,4,clean
0,0,0,9,1,27,0,9,2,2,36,17,3,1,1,31,9,clean
0,0,1,25,5,111,0,13,3,8,78,38,13,3,3,37,11,buggy
0,1,0,15,3,61,1,5,3,1,10,19,3,3,2,35,5,clean
0,0,0,14,1,58,0,8,2,0,28,18,1,4,3,24,7,clean
0,0,0,1,2,10,0,2,1,1,1,6,3,0,0,10,2,clean
0,0,0,7,4,22,1,3,3,1,3,9,5,1,1,16,3,clean
0,0,0,17,0,51,0,18,1,3,153,20,3,8,8,9,18,clean
0,13,0,12,8,72,0,5,2,1,10,23,9,14,1,11,0,clean
0,0,0,9,1,38,0,5,1,9,10,9,10,0,0,9,5,clean
0,0,0,12,9,70,0,2,1,0,1,38,9,0,0,9,2,clean
1,0,0,9,4,31,0,6,1,1,15,22,5,3,3,11,5,clean
0,0,0,12,3,41,0,6,3,1,15,18,4,3,3,17,6,clean
0,6,0,11,5,45,0,5,2,1,10,15,6,6,0,11,0,clean
0,0,0,6,8,47,0,2,1,1,1,12,9,4,4,10,2,clean
0,0,0,10,4,40,0,3,1,1,3,12,5,7,7,11,3,clean
0,1,0,6,2,20,0,4,1,3,6,10,5,3,0,18,4,buggy
0,0,22,3,0,7,0,4,1,90,6,5,90,0,0,9,4,buggy
2,2,0,53,11,306,0,33,1,19,528,107,29,19,8,0,27,buggy
0,6,0,4,2,21,0,3,1,2,3,6,4,7,1,9,3,clean
1,2,0,16,2,37,0,10,1,72,45,18,74,2,0,18,7,clean
1,2,0,41,10,123,1,5,2,1,10,25,11,2,0,19,0,clean
0,0,2,14,4,74,1,8,3,2,28,36,6,9,0,16,2,clean
0,9,0,32,10,189,1,13,2,1,78,64,10,9,0,16,4,buggy
0,0,0,13,1,50,0,10,1,3,45,14,4,4,4,27,10,clean
0,0,0,6,6,66,2,3,2,2,3,41,8,0,0,39,3,clean
0,0,0,3,0,9,0,3,1,2,3,3,2,2,2,9,2,clean
1,0,0,31,4,98,0,9,3,1,36,41,5,8,6,17,7,clean
2,0,0,17,4,78,0,8,3,1,28,25,5,5,5,17,6,clean
0,0,0,23,5,76,0,11,1,9,55,21,14,3,0,27,11,clean
0,8,0,17,2,96,0,11,2,5,55,23,7,8,0,33,10,clean
0,0,0,5,3,34,0,2,1,1,1,15,4,0,0,10,2,clean
0,0,0,1,8,35,0,1,1,0,0,18,8,0,0,9,1,clean
0,0,0,5,1,39,0,3,2,1,3,8,2,3,3,39,3,clean
1,0,0,8,5,36,0,4,1,2,6,17,7,4,4,9,3,clean
3,0,0,42,10,140,0,15,2,12,105,75,21,4,4,39,11,buggy
0,0,0,64,14,174,2,24,2,5,276,123,16,4,4,58,19,buggy
1,0,0,16,5,61,2,10,3,0,45,24,5,1,1,55,9,clean
0,0,4,18,8,71,2,7,2,6,21,57,14,10,0,39,1,clean
11,19,0,177,27,829,0,70,1,9,2415,263,34,60,25,9,0,buggy
0,0,0,7,4,34,0,3,1,2,3,14,6,2,2,9,3,clean
4,0,0,15,9,64,0,5,1,0,10,33,9,2,2,9,1,clean
0,0,0,10,2,58,0,8,2,1,28,17,3,7,7,17,0,clean
0,0,0,18,3,60,0,10,1,4,45,30,7,2,2,39,10,clean
0,3,0,24,3,87,0,3,1,1,3,28,4,5,0,27,2,clean
0,4,0,18,13,130,0,3,2,1,3,35,14,6,2,11,2,buggy
1,0,12,24,1,89,0,16,1,45,120,37,46,3,3,18,15,clean
0,1,0,18,1,51,0,12,1,5,66,16,6,5,4,9,9,clean
1,0,0,46,12,280,0,15,1,17,105,86,29,7,5,9,14,clean
0,0,0,5,1,19,0,5,2,3,10,9,4,4,4,15,5,clean
0,0,0,21,1,53,0,8,1,1,28,16,2,13,0,9,4,clean
1,1,0,43,14,229,1,10,2,0,45,53,14,3,2,16,2,clean
0,0,0,3,1,9,0,3,2,4,3,4,5,1,1,11,3,clean
0,0,0,6,1,20,0,5,1,6,10,6,7,3,3,11,5,clean
0,0,0,3,3,22,0,1,1,0,0,11,3,0,0,9,1,clean
0,0,3,2,0,6,2,2,2,1,1,2,1,4,3,27,2,buggy
0,0,1,17,5,60,0,9,1,1,36,27,6,5,5,24,9,clean
0,0,1,15,2,50,0,8,1,1,28,18,3,3,3,15,7,clean
0,4,0,7,3,37,0,5,2,1,10,12,3,4,0,13,5,clean
0,0,1,0,0,0,0,5,1,2,10,5,2,0,0,9,0,clean
0,1,0,4,0,11,3,4,2,1,6,4,1,1,0,12,4,clean
0,0,4,31,10,116,2,16,2,2,120,69,12,0,0,39,11,buggy
0,1,0,17,3,57,0,4,1,2,6,26,5,5,0,27,2,clean
1,0,0,33,9,265,1,18,2,1,153,73,10,4,0,19,4,clean
4,0,0,33,9,226,0,10,1,4,45,84,11,8,8,18,6,buggy
0,3,0,6,2,19,0,2,1,0,1,7,2,3,0,18,1,clean
0,6,0,15,2,76,0,2,1,2,1,8,4,6,0,9,2,buggy
0,0,0,6,1,27,1,2,3,1,1,7,2,9,7,16,2,clean
0,0,0,2,5,18,0,2,1,1,1,9,6,2,2,10,2,clean
0,3,1,11,0,41,0,10,1,4,45,15,4,6,3,18,0,clean
0,0,0,16,3,55,0,4,1,3,6,13,6,1,1,9,0,buggy
0,0,0,17,5,69,0,14,1,9,91,34,14,10,10,18,12,clean
0,0,6,1,1,3,0,1,2,0,0,2,1,0,0,11,1,clean
0,2,0,6,1,13,0,6,2,1,15,7,2,2,0,13,1,clean
0,0,0,10,0,33,0,10,1,9,45,10,9,9,6,18,6,clean
0,0,0,4,2,16,1,2,2,0,1,8,2,0,0,19,1,clean
0,0,0,6,2,32,0,6,2,4,15,18,6,1,1,13,6,clean
0,0,0,11,0,37,0,11,1,5,55,11,5,5,5,9,11,clean
0,0,0,3,4,15,0,3,2,0,3,10,4,3,2,15,3,clean
0,0,0,7,4,21,1,2,3,1,1,8,5,2,2,16,2,clean
3,0,1,44,5,267,0,18,1,1,153,73,6,9,0,27,12,clean
0,8,1,8,2,24,2,8,1,0,28,21,2,12,4,17,8,buggy
1,0,6,48,16,214,0,50,1,138,1225,124,153,5,3,9,39,buggy
0,0,0,10,1,35,0,5,2,1,10,14,2,4,4,15,5,clean
0,0,0,1,3,9,0,2,3,1,1,8,4,0,0,12,2,clean
1,0,0,9,3,51,0,3,1,0,3,19,3,0,0,9,2,clean
0,1,0,4,0,11,3,4,2,1,6,4,1,1,0,12,4,clean
0,1,0,3,2,12,0,2,1,2,1,8,4,3,2,10,2,clean
0,0,0,16,5,92,0,8,2,1,28,34,6,5,0,33,7,clean
3,0,0,40,4,139,5,5,4,2,10,30,6,4,4,27,0,clean
2,3,0,58,9,276,0,17,2,1,136,118,10,17,14,13,15,clean
1,0,0,24,5,73,56,8,2,4,28,41,9,2,0,68,2,clean
1,6,0,19,2,75,0,14,1,1,91,24,3,6,0,21,13,clean
0,0,1,18,3,66,0,6,1,2,15,19,5,3,3,9,0,clean
1,0,0,5,5,26,0,3,2,1,3,12,6,32,32,15,2,clean
5,0,0,31,3,128,0,13,1,5,78,52,8,4,4,9,8,clean
2,0,0,12,5,71,0,10,1,0,45,29,5,3,3,9,8,clean
2,4,0,114,9,467,0,30,1,13,435,116,22,19,11,9,5,buggy
0,0,0,33,8,209,56,5,2,1,10,95,9,0,0,68,1,clean
0,0,0,1,2,7,0,2,2,1,1,6,3,0,0,15,2,clean
0,0,0,1,0,3,0,1,1,2,0,1,2,0,0,27,1,clean
1,0,0,10,4,60,0,3,1,2,3,22,6,1,1,9,2,clean
0,0,0,8,4,43,0,5,3,0,10,13,4,1,1,31,5,clean
0,0,0,2,4,12,0,2,1,1,1,7,5,1,1,10,2,clean
0,0,1,4,0,17,6,4,3,6,6,4,6,1,0,30,3,clean
0,0,0,6,0,21,0,5,2,4,10,9,4,2,2,13,5,clean
0,0,0,1,0,3,0,1,1,0,0,1,0,0,0,27,1,clean
0,6,0,26,4,133,0,6,3,1,15,31,5,8,0,24,5,clean
4,0,0,37,9,182,0,12,1,14,66,120,23,6,6,9,8,clean
0,0,0,9,2,24,1,4,2,1,6,12,3,1,1,13,3,clean
1,7,0,24,16,141,0,6,2,2,15,68,18,7,0,39,5,clean
0,0,6,4,0,12,0,6,1,4,15,6,4,2,2,9,5,clean
0,3,0,3,1,16,0,3,2,1,3,6,2,3,0,11,3,clean
0,6,0,29,7,166,1,10,2,2,45,52,8,10,4,15,5,clean
0,4,0,3,2,12,1,3,2,1,3,6,3,4,0,13,3,clean
0,0,6,2,1,6,0,5,2,12,10,6,12,0,0,39,4,clean
0,0,0,9,3,38,2,5,3,2,10,12,5,1,1,27,5,clean
0,0,0,1,1,4,0,1,1,1,0,2,2,0,0,9,1,clean
15,0,0,102,3,289,0,18,1,1,153,143,4,5,5,9,2,clean
0,0,0,7,3,28,5,2,4,2,1,9,5,0,0,27,0,clean
0,1,0,4,7,32,0,2,1,1,1,15,8,1,0,10,2,clean
1,1,0,17,10,73,2,7,2,0,21,41,10,7,4,39,6,clean
0,0,0,8,4,43,0,5,3,1,10,13,5,1,1,31,5,clean
0,0,0,2,3,9,3,1,3,0,0,7,3,0,0,29,1,clean
0,0,0,18,1,62,0,6,1,2,15,12,3,0,0,9,6,clean
0,0,19,95,4,306,0,26,1,21,325,76,25,6,0,9,3,clean
0,0,16,2,1,6,0,3,1,17,3,5,18,0,0,18,3,clean
0,0,2,0,0,0,0,4,1,2,6,4,2,0,0,9,2,clean
0,2,0,11,3,45,0,11,2,1,55,29,4,2,0,24,11,clean
0,0,0,21,7,144,0,12,3,4,66,34,11,2,2,44,12,clean
0,6,0,2,2,7,0,2,1,1,1,4,3,6,0,9,2,clean
0,0,0,5,4,22,1,3,3,1,3,10,5,1,1,24,3,clean
0,0,0,3,3,10,2,3,2,0,3,6,3,0,0,39,2,clean
15,0,0,171,1,907,6,16,2,0,120,138,1,14,14,35,1,clean
2,3,0,36,9,143,0,13,2,2,78,58,11,7,0,21,11,clean
0,0,6,3,1,7,0,6,1,41,15,9,42,0,0,9,6,clean
0,1,1,3,2,8,0,2,1,2,1,6,4,1,0,9,0,clean
0,0,0,2,0,5,0,3,1,4,3,3,4,0,0,11,3,clean
0,1,9,8,3,29,0,3,1,10,3,12,13,3,0,9,3,buggy
0,6,0,2,1,13,0,3,1,1,3,8,2,6,0,9,3,clean
0,0,0,10,4,29,1,4,3,1,6,12,5,2,2,16,4,clean
1,0,0,3,0,8,0,3,1,0,3,3,0,0,0,9,2,clean
1,0,0,12,4,37,2,7,2,0,21,22,4,8,6,39,6,clean
0,0,0,2,2,6,0,2,2,0,1,5,2,2,1,15,2,clean
0,0,16,2,0,6,0,4,2,25,6,4,25,1,1,13,3,clean
0,0,0,2,2,7,0,2,1,2,1,4,4,2,2,10,2,clean
12,0,0,141,1,788,6,13,2,0,78,90,1,11,11,35,1,clean
0,0,3,60,3,182,0,22,2,13,231,57,16,16,0,41,20,clean
0,1,3,1,0,3,0,6,1,4,15,6,4,1,0,9,0,clean
0,7,0,8,2,35,0,5,1,3,10,14,5,7,0,9,0,clean
0,0,0,1,0,3,0,1,1,4,0,1,4,0,0,29,1,clean
0,0,0,18,10,86,0,3,1,1,3,46,11,2,2,9,3,clean
0,0,0,2,4,14,2,2,2,0,1,10,4,5,0,39,2,clean
0,0,0,5,1,25,0,5,1,6,10,10,7,2,2,9,5,clean
3,0,0,57,7,215,2,28,2,2,378,84,9,8,7,58,19,buggy
5,0,0,30,11,165,0,18,1,6,153,84,16,7,6,39,13,clean
0,2,0,3,2,16,0,2,1,6,1,6,8,2,0,10,2,clean
0,0,0,7,1,28,2,5,3,1,10,6,2,3,3,44,3,clean
4,0,0,33,6,88,0,8,2,1,28,36,7,8,4,15,4,clean
2,0,0,10,3,62,0,6,2,2,15,13,4,7,6,11,4,clean
0,0,1,0,0,0,0,4,1,2,6,4,2,0,0,9,0,clean
0,7,0,3,4,35,0,3,2,2,3,11,6,7,0,11,1,clean
1,0,0,24,3,79,0,7,3,1,21,28,4,3,3,17,6,clean
1,0,0,1,0,1,0,1,1,0,0,1,0,8,0,9,0,clean
0,1,0,1,0,4,2,1,2,0,0,1,0,1,0,19,1,clean
0,0,3,0,0,0,0,2,1,3,1,2,3,0,0,9,0,clean
5,1,0,32,9,141,0,11,1,31,55,42,39,14,13,9,5,clean
17,0,0,351,1,2032,6,18,2,0,153,259,1,19,19,35,1,clean
0,0,0,6,5,35,0,3,2,0,3,15,5,2,1,15,3,clean
0,0,0,3,3,15,1,2,3,1,1,8,4,0,0,16,2,clean
0,0,0,11,1,42,0,8,1,1,28,10,2,4,4,18,8,clean
0,0,0,4,3,20,1,2,3,2,1,8,5,1,0,16,1,clean
1,0,0,2,8,56,0,2,1,0,1,18,8,0,0,9,1,clean
0,0,0,6,1,20,6,6,3,1,15,7,2,2,0,30,5,clean
0,0,0,8,5,39,1,2,3,1,1,25,6,2,2,16,2,clean
2,0,0,32,4,107,0,13,1,14,78,52,18,9,2,9,9,buggy
0,0,0,42,0,686,0,11,1,1,55,36,1,1,0,9,11,clean
0,3,0,6,5,31,0,3,2,1,3,10,6,3,0,11,2,clean
1,0,0,10,4,39,0,8,1,2,28,23,6,4,4,18,6,clean
1,1,2,18,8,61,0,9,3,57,36,30,65,2,1,37,8,clean
1,1,0,17,9,115,0,5,1,0,10,45,9,6,5,9,3,clean
0,0,0,5,3,13,1,3,4,1,3,6,4,0,0,54,2,clean
4,2,0,66,12,319,0,14,1,5,91,130,17,11,9,9,4,buggy
0,1,0,2,4,14,0,2,3,1,1,8,5,1,0,12,2,clean
4,1,0,22,6,101,0,7,2,1,21,44,7,8,3,21,2,clean
0,1,0,15,3,63,0,6,2,3,15,36,6,1,0,21,6,clean
3,0,0,14,8,61,0,4,1,0,6,27,8,0,0,9,1,clean
0,1,0,9,0,33,2,6,2,4,15,10,4,2,1,14,6,clean
0,0,0,4,8,23,0,2,1,1,1,13,9,1,1,10,2,clean
0,0,0,10,9,56,0,3,1,2,3,25,11,1,1,10,2,clean
0,3,1,0,0,0,0,0,1,0,0,0,0,4,0,9,0,clean
0,0,0,2,2,9,1,2,2,1,1,4,3,0,0,19,0,clean
3,1,0,79,15,427,0,9,1,2,36,150,17,4,3,9,6,buggy
5,0,0,50,6,166,0,14,2,1,91,63,6,12,12,16,9,buggy
0,0,0,5,2,21,0,2,1,0,1,7,2,0,0,9,2,clean
3,0,0,18,8,154,0,4,1,0,6,62,8,5,3,9,1,clean
0,0,0,2,1,6,1,2,4,18,1,3,19,0,0,21,1,clean
0,5,0,7,0,29,0,7,1,4,21,7,4,5,0,9,6,clean
0,1,0,46,10,214,0,10,1,12,45,105,20,1,0,9,10,clean
0,0,0,2,2,5,0,2,1,0,1,5,2,0,0,10,2,clean
2,0,1,75,12,300,5,30,3,2,435,124,14,7,6,78,16,buggy
2,0,15,25,0,90,0,12,1,33,66,23,33,3,2,9,8,clean
0,3,0,24,3,87,0,3,1,2,3,23,5,5,0,27,2,clean
13,0,0,219,1,1295,6,14,2,0,91,150,1,14,14,35,1,clean
0,0,2,15,3,63,0,9,2,2,36,24,5,4,4,13,9,clean
0,0,0,61,8,270,9,13,2,1,78,67,9,5,2,54,8,clean
0,0,1,15,5,57,0,7,3,2,21,31,7,8,0,17,5,clean
1,27,0,5,3,21,0,4,1,7,6,15,10,56,0,9,3,clean
0,0,2,2,0,6,0,6,1,2,15,8,2,0,0,9,5,clean
0,0,0,1,0,5,0,1,1,0,0,3,0,0,0,9,1,clean
0,2,0,3,0,10,0,3,1,3,3,3,3,2,0,18,3,clean
0,0,0,5,1,14,1,2,4,2,1,3,3,1,1,21,1,clean
5,0,0,59,8,270,0,9,1,1,36,100,9,3,3,9,3,clean
3,0,0,32,3,141,1,8,3,1,28,66,4,10,7,16,5,clean
0,0,0,22,5,74,0,12,2,1,66,49,6,4,4,20,12,clean
0,0,1,11,8,68,11,5,2,1,10,42,9,5,5,33,3,clean
0,0,0,7,1,21,0,7,1,6,21,8,7,4,4,18,6,clean
14,16,5,290,27,1009,38,73,1,46,2628,345,73,42,24,9,42,buggy
0,0,0,3,2,12,0,3,2,4,3,8,6,0,0,15,3,clean
0,0,0,7,5,35,0,5,1,2,10,19,7,7,0,9,4,buggy
2,0,0,23,10,88,0,3,1,0,3,53,10,4,4,9,1,clean
0,0,0,11,5,48,1,8,2,0,28,40,5,4,4,30,7,clean
0,2,0,5,2,19,1,2,3,1,1,4,3,2,0,16,2,clean
0,0,0,27,12,132,0,18,1,37,153,63,48,11,11,9,18,clean
0,0,0,23,5,125,0,7,2,0,21,37,5,2,2,14,3,clean
0,0,0,16,3,86,0,8,2,1,28,34,4,8,0,24,7,clean
0,1,1,9,6,26,0,7,2,3,21,20,9,1,0,39,6,buggy
0,0,0,18,13,73,0,12,3,2,66,41,15,2,2,46,12,clean
0,1,0,1,4,9,0,1,1,1,0,15,5,1,0,9,1,clean
0,8,0,13,1,54,0,10,1,5,45,24,6,9,1,9,7,clean
1,6,0,22,7,116,1,11,2,1,55,41,8,6,0,15,5,buggy
0,0,0,2,1,6,0,2,1,1,1,4,2,3,3,10,2,clean
0,0,0,6,3,29,2,3,3,0,3,13,3,1,1,15,3,clean
0,1,0,4,4,32,0,3,1,1,3,13,5,3,2,10,2,clean
8,1,0,104,25,507,0,17,1,3,136,175,27,18,16,9,0,buggy
0,0,2,2,1,6,1,2,4,2,1,3,3,0,0,21,1,clean
0,0,0,8,4,39,0,5,3,0,10,13,4,1,1,31,5,clean
0,2,0,11,6,43,0,4,2,1,6,33,7,3,0,15,4,clean
0,0,0,18,1,27,0,3,1,1,3,5,2,17,0,9,2,clean
0,1,0,2,4,20,0,2,1,1,1,8,5,2,1,10,2,clean
0,0,0,16,3,64,0,10,2,2,45,23,5,6,0,16,10,clean
0,0,4,24,4,73,1,15,2,5,105,64,9,3,3,30,9,clean
0,0,0,8,6,25,1,5,3,1,10,19,7,1,1,44,5,clean
1,0,0,9,5,57,0,2,1,0,1,25,5,0,0,9,1,clean
5,5,0,26,8,114,0,7,1,2,21,35,10,19,11,9,0,clean
1,1,0,20,11,103,0,6,1,0,15,49,11,4,1,9,5,clean
1,4,0,13,11,66,2,5,2,0,10,37,11,7,2,39,4,clean
2,0,1,31,4,140,0,10,1,2,45,33,6,14,14,9,1,clean
0,10,0,10,3,56,0,3,1,1,3,10,4,12,2,9,2,clean
45,7,0,408,3,1504,39,51,1,1,1275,238,4,18,2,9,5,clean
0,0,0,1,3,10,0,2,1,1,1,8,4,0,0,10,2,clean
4,0,0,26,4,122,1,8,3,1,28,74,5,38,4,16,3,clean
0,0,0,3,1,13,1,3,2,2,3,6,3,1,1,13,3,clean
7,0,0,109,1,615,6,8,2,0,28,60,1,11,11,35,1,clean
0,1,2,7,1,21,0,7,2,1,21,12,1,1,0,15,6,clean
0,0,0,1,0,3,0,1,1,0,0,1,0,0,0,28,1,clean
0,0,0,19,6,81,0,7,3,2,21,29,8,11,11,17,6,clean
0,0,0,5,5,18,0,5,2,1,10,14,6,2,1,21,5,clean
0,0,0,4,6,23,1,2,3,2,1,13,8,1,1,16,2,clean
0,0,0,10,2,46,3,1,3,0,0,16,2,0,0,24,0,clean
0,0,0,9,8,38,12,3,3,0,3,28,8,0,0,46,2,clean
0,0,0,1,0,3,0,1,1,1,0,1,1,0,0,27,1,clean
0,0,0,11,0,33,0,7,1,8,21,7,8,3,2,9,7,buggy
0,0,3,5,1,16,0,11,2,38,55,13,38,1,1,26,10,clean
0,0,0,33,9,113,0,13,3,17,78,65,24,4,4,44,13,clean
0,0,0,6,3,36,0,5,2,1,10,10,4,2,1,23,5,clean
0,0,0,21,2,59,0,4,2,2,6,19,4,5,4,15,4,clean
0,0,0,10,4,44,0,2,1,2,1,18,6,0,0,9,2,clean
1,0,0,10,15,92,0,3,1,0,3,50,15,4,4,48,1,clean
0,0,0,0,0,0,0,1,1,6,0,1,6,0,0,27,1,clean
0,0,0,15,11,77,0,3,1,1,3,42,12,2,2,9,3,clean
2,15,0,84,10,388,0,17,2,6,136,60,15,22,7,13,6,clean
0,0,0,26,5,75,0,4,3,1,6,15,6,7,7,24,2,buggy
0,0,0,2,1,6,6,2,4,1,1,3,2,0,0,106,0,clean
1,0,0,2,1,4,0,2,1,0,1,3,1,0,0,9,1,clean
0,0,3,0,0,0,0,2,1,8,1,2,8,0,0,9,2,clean
1,0,0,7,0,16,0,3,1,1,3,5,1,8,1,18,2,clean
0,0,0,13,7,68,1,7,3,1,21,36,8,2,2,47,7,clean
0,5,0,20,3,74,0,19,2,1,171,31,4,8,3,39,19,clean
0,8,0,2,0,9,0,3,1,2,3,4,2,8,0,9,3,clean
0,0,0,2,1,6,1,2,5,8,1,3,9,0,0,23,1,clean
1,1,1,7,20,87,0,6,1,3,15,41,23,5,0,10,4,clean
0,0,0,4,3,14,1,2,3,1,1,8,4,2,2,16,2,clean
0,0,2,54,14,295,2,20,2,4,190,101,17,10,7,58,9,buggy
5,0,0,48,20,232,0,13,1,1,78,147,21,8,8,9,8,clean
0,0,0,9,8,49,3,1,2,0,0,24,8,0,0,23,0,clean
11,0,0,164,1,924,6,12,2,0,66,102,1,14,14,35,1,clean
0,0,0,2,2,12,1,2,3,1,1,9,3,0,0,45,2,clean
2,2,0,5,1,14,0,11,2,1,55,14,2,6,4,33,9,clean
0,0,0,5,3,12,1,2,3,1,1,9,4,0,0,16,2,clean
0,0,1,0,0,0,0,2,1,2,1,2,2,0,0,9,0,clean
0,0,1,10,7,30,0,7,2,73,21,25,80,1,1,39,6,clean
0,5,0,11,2,77,0,5,1,4,10,12,6,10,2,9,5,clean
0,2,0,8,3,28,0,8,2,0,28,18,3,2,0,33,8,clean
0,0,0,4,4,31,0,4,2,0,6,14,4,4,3,15,4,clean
0,5,0,13,4,80,1,9,2,2,36,35,4,5,0,15,6,clean
0,0,0,14,4,50,0,10,2,3,45,25,7,1,1,44,10,clean
0,0,6,2,0,6,0,4,1,6,6,4,6,1,0,9,4,clean
0,8,0,2,0,9,0,3,1,2,3,4,2,8,0,9,3,clean
1,0,1,12,3,52,0,13,1,9,78,28,12,4,4,9,11,clean
0,5,0,7,1,24,0,7,1,3,21,9,4,5,0,9,6,clean
0,0,5,19,2,61,0,15,1,31,105,30,33,3,3,9,15,clean
0,0,0,4,0,13,0,4,1,3,6,4,3,3,3,9,4,clean
5,0,0,44,1,281,6,6,2,0,15,24,1,7,7,35,1,clean
0,5,0,10,2,26,0,4,1,2,6,10,4,5,0,9,4,clean
1,0,0,16,8,79,0,9,1,1,36,30,9,6,6,18,5,clean
0,1,0,8,4,30,0,6,2,1,15,12,5,8,6,11,6,buggy
0,5,0,11,3,42,0,9,1,2,36,20,5,6,1,9,8,clean
0,0,0,13,9,78,0,2,1,0,1,43,9,0,0,9,2,clean
0,1,0,13,2,44,0,7,1,4,21,20,6,18,4,18,7,buggy
3,0,0,32,10,237,0,11,1,0,55,63,10,2,2,9,8,clean
2,0,0,7,6,48,3,3,2,0,3,35,6,1,1,23,0,clean
0,0,1,1,0,3,0,6,1,1,15,7,1,0,0,9,0,clean
0,2,0,9,4,53,1,7,2,0,21,33,4,2,0,15,4,clean
0,0,0,5,1,14,3,3,4,0,3,4,1,3,3,22,3,clean
1,1,6,6,1,24,0,4,1,0,6,12,1,2,1,18,1,clean
0,0,3,0,0,0,0,4,1,3,6,4,3,0,0,9,0,clean
2,12,1,23,4,132,0,7,1,1,21,46,5,16,2,10,3,clean
0,0,0,8,1,18,0,1,1,1,0,7,2,0,0,9,1,clean
0,0,3,13,2,55,1,5,3,1,10,15,3,6,6,16,3,buggy
0,0,2,0,0,0,0,6,1,1,15,6,1,0,0,9,0,clean
0,0,0,4,1,16,0,3,1,1,3,7,2,1,1,27,3,clean
0,2,0,15,5,131,0,9,2,9,36,28,14,2,0,39,8,clean
0,0,0,27,13,153,11,9,2,0,36,71,13,9,3,33,3,buggy
1,0,0,19,4,77,0,10,1,3,45,29,7,7,7,12,9,clean
0,1,0,17,3,57,0,4,1,2,6,26,5,5,0,27,2,clean
19,0,0,128,3,482,0,21,1,1,210,174,4,8,8,9,1,clean
0,1,0,21,5,77,0,4,1,2,6,45,7,1,0,12,4,clean
0,0,0,3,2,6,1,2,5,3,1,4,5,0,0,23,1,clean
1,0,0,9,1,20,0,3,1,2,3,5,3,0,0,9,2,clean
2,0,0,27,14,117,0,4,1,1,6,52,15,1,1,9,2,clean
0,0,0,1,0,4,0,2,2,2,1,2,2,0,0,13,2,clean
0,0,0,1,0,3,0,2,2,1,1,2,1,0,0,19,2,clean
1,0,0,14,3,56,1,4,3,0,6,17,3,7,6,16,2,clean
0,0,1,82,5,335,0,42,2,6,861,88,11,2,0,29,41,clean
0,0,0,14,2,29,2,5,3,2,10,27,4,0,0,71,5,clean
0,4,0,47,5,256,0,20,1,1,190,38,6,16,0,9,15,clean
0,1,0,6,3,44,0,5,2,1,10,10,4,2,1,23,5,clean
0,0,0,3,3,11,2,2,2,0,1,6,3,0,0,39,2,clean
0,6,0,6,2,29,0,3,1,2,3,6,4,7,1,9,3,clean
0,0,0,7,7,40,13,3,4,0,3,31,7,0,0,51,2,clean
0,0,0,1,1,3,0,2,1,1,1,3,2,0,0,10,2,clean
0,0,2,24,1,82,2,24,2,1,276,60,2,1,0,58,19,clean
0,0,0,18,5,94,1,9,3,1,36,36,6,13,13,41,9,clean
16,0,0,321,2,847,0,19,1,1,171,423,3,5,5,9,2,clean
0,3,0,24,3,87,0,3,1,2,3,23,5,5,0,27,2,clean
0,0,0,3,1,10,2,3,4,2,3,5,3,0,0,63,3,clean
0,0,0,24,3,101,0,12,1,7,66,26,10,6,4,18,10,clean
0,0,0,2,1,5,0,1,1,17,0,2,18,0,0,9,1,clean
0,0,0,12,3,51,0,6,2,1,15,23,3,3,3,15,6,buggy
0,0,2,28,8,88,0,13,2,1,78,44,9,3,3,39,12,clean
0,0,3,12,3,30,0,12,1,8,66,25,11,3,2,18,11,clean
0,0,0,9,3,35,2,7,2,1,21,15,4,1,1,35,7,clean
0,4,0,11,2,45,0,6,1,1,15,18,3,5,1,12,6,clean
4,7,0,66,6,240,0,31,1,122,465,72,128,11,3,18,27,clean
0,0,0,3,2,15,0,2,1,3,1,7,5,0,0,9,2,clean
0,0,0,3,1,12,0,3,1,7,3,7,8,0,0,11,3,clean
0,1,0,46,5,138,0,16,1,174,120,99,179,6,5,18,16,clean
0,0,0,6,6,39,12,3,3,1,3,27,7,0,0,46,2,clean
0,0,0,7,2,30,1,3,3,0,3,11,2,2,2,16,3,clean
0,0,1,6,2,18,2,6,3,1,15,8,2,0,0,55,6,clean
1,0,0,5,3,25,0,3,2,0,3,11,3,27,27,15,2,clean
1,0,0,29,5,59,0,9,2,1,36,28,6,7,7,21,8,clean
2,0,0,25,14,167,0,8,1,13,28,56,26,0,0,9,6,clean
7,0,0,64,5,271,0,19,1,1,171,40,6,41,29,9,10,clean
0,2,2,22,7,114,2,12,2,19,66,55,26,3,1,36,12,buggy
0,0,0,8,5,34,0,5,3,1,10,18,6,4,4,24,4,clean
1,0,0,11,5,60,0,3,1,0,3,34,5,1,0,9,1,clean
1,0,0,6,0,18,1,2,3,2,1,8,2,0,0,46,1,clean
0,0,0,7,5,32,0,6,2,5,15,16,10,1,1,21,6,clean
0,0,0,6,3,34,1,2,3,1,1,10,4,10,7,16,2,clean
0,0,0,6,1,19,0,5,1,4,10,16,5,1,1,32,5,clean
2,0,4,30,2,131,0,13,2,5,78,36,7,6,4,33,8,clean
0,0,0,2,2,9,2,2,2,0,1,6,2,0,0,39,2,clean
4,1,1,39,5,182,0,20,2,11,190,75,15,11,6,11,11,buggy
9,14,0,174,18,583,26,43,1,2,903,221,20,31,17,9,22,clean
0,0,3,14,6,56,1,12,2,3,66,31,9,1,1,32,10,clean
0,0,0,26,4,81,0,10,2,2,45,53,6,2,2,39,9,clean
0,0,0,8,4,43,0,5,3,0,10,13,4,1,1,31,5,clean
0,1,0,4,3,19,1,2,3,1,1,6,4,1,0,16,2,clean
5,0,0,39,7,154,0,15,1,1,105,55,8,13,13,9,5,buggy
1,1,0,4,3,16,14,4,3,1,6,12,4,8,0,39,3,clean
0,1,0,4,3,19,1,2,3,1,1,6,4,1,0,16,2,clean
0,0,0,3,0,7,1,4,2,3,6,4,3,2,2,13,4,clean
1,10,0,17,8,75,0,8,2,5,28,28,11,10,0,13,4,clean
8,1,0,72,7,240,2,23,2,4,253,89,11,14,13,39,14,clean
0,3,0,16,1,41,0,1,1,1,0,2,2,3,0,9,1,clean
3,3,0,42,8,129,0,10,2,2,45,76,10,4,1,21,6,clean
0,0,0,1,3,19,0,3,2,1,3,6,4,0,0,19,2,clean
0,0,0,3,2,10,0,4,2,1,6,6,3,1,1,21,4,clean
0,0,0,18,4,81,10,3,4,1,3,24,5,1,1,24,2,clean
0,0,0,6,3,44,1,3,3,1,3,11,4,3,3,49,3,clean
0,0,0,6,3,20,0,5,1,2,10,11,4,2,2,9,4,clean
14,0,0,44,2,173,0,17,1,2,136,68,4,40,40,9,3,clean
1,11,0,41,8,238,0,7,2,1,21,52,9,11,0,11,4,clean
0,0,0,1,0,3,0,1,1,3,0,1,3,0,0,27,1,clean
0,0,0,5,3,21,0,4,1,4,6,18,7,2,2,9,4,clean
12,0,0,140,1,877,6,13,2,0,78,85,1,18,18,35,1,clean
11,21,0,179,13,574,39,32,1,3,496,177,15,40,19,9,17,clean
0,2,1,1,0,4,0,1,1,1,0,1,1,2,0,18,1,clean
0,0,0,4,3,17,1,2,3,11,1,6,14,0,0,16,2,clean
1,0,0,9,8,40,0,2,1,0,1,26,8,1,0,9,1,clean
0,0,0,8,1,71,0,2,1,1,1,7,2,0,0,10,2,buggy
1,0,0,12,5,40,0,7,1,2,21,24,7,1,1,9,6,clean
0,1,0,5,4,18,2,4,2,1,6,11,5,1,0,39,4,clean
2,10,2,6,2,22,5,4,3,1,6,18,3,26,16,78,2,buggy
8,0,0,36,9,147,0,15,3,1,105,72,10,8,8,17,7,clean
1,0,0,6,5,28,0,2,1,0,1,14,5,0,0,9,1,clean
1,0,0,13,3,39,0,8,3,0,28,19,3,2,0,22,7,clean
1,1,0,11,7,40,2,7,2,1,21,31,8,5,3,39,6,clean
0,0,0,3,3,10,2,3,2,0,3,6,3,0,0,39,2,clean
0,1,0,2,6,23,2,2,1,1,1,11,6,1,0,31,1,clean
0,8,0,4,0,13,0,4,1,0,6,5,0,8,0,9,4,clean
3,0,5,55,11,177,0,17,1,6,136,115,17,20,9,19,9,clean
0,9,0,10,0,38,0,3,1,1,3,4,1,9,0,9,1,buggy
0,7,0,26,5,132,0,12,2,2,66,44,7,15,8,24,4,clean
0,1,0,17,3,57,0,4,1,2,6,26,5,5,0,27,2,clean
0,10,0,31,10,186,0,9,2,2,36,43,10,10,0,15,2,clean
0,7,0,10,2,42,0,7,2,2,21,12,3,7,0,13,5,clean
0,0,0,10,2,36,1,7,3,19,21,17,21,3,3,16,7,clean
0,0,0,16,6,50,0,11,1,2,55,39,8,4,4,9,10,clean
0,0,0,2,2,6,3,2,3,0,1,6,2,0,0,29,1,buggy
0,0,3,1,0,3,0,5,1,4,10,6,4,0,0,18,5,clean
0,0,0,4,3,10,3,2,4,0,1,5,3,1,1,22,2,clean
0,0,0,10,4,27,2,6,3,2,15,17,6,1,1,51,5,clean
0,2,0,5,1,13,0,5,2,1,10,6,2,2,0,13,3,clean
0,0,0,20,2,115,0,2,1,6,1,7,8,9,4,9,2,clean
0,0,1,18,1,63,0,11,1,28,55,32,29,3,3,18,9,clean
0,6,0,2,2,18,0,1,1,0,0,5,2,6,0,9,1,clean
1,0,0,1,8,11,5,1,2,0,0,9,8,0,0,15,0,clean
10,0,0,130,1,753,6,11,2,0,55,85,1,12,12,35,1,clean
1,0,0,16,12,98,0,7,1,2,21,58,14,1,1,9,6,clean
0,0,0,10,8,39,13,3,4,0,3,33,8,0,0,51,2,clean
4,0,0,31,3,129,9,15,2,0,105,34,3,7,7,37,7,clean
0,3,0,7,3,37,0,6,2,0,15,22,3,3,0,14,6,clean
26,7,0,334,2,1040,38,32,1,1,496,184,3,19,2,9,5,clean
0,0,0,38,0,72,0,2,1,0,1,45,0,0,0,9,2,clean
1,0,0,8,1,30,1,4,3,6,6,14,7,2,2,16,3,buggy
0,1,2,1,0,3,0,7,1,2,21,7,2,1,0,9,0,clean
0,0,3,10,2,32,0,10,2,6,45,19,8,1,0,31,10,clean
5,0,0,41,1,265,6,6,2,0,15,23,1,7,7,35,1,clean
0,4,0,12,3,44,0,5,1,3,10,14,6,6,2,9,0,clean
0,0,1,12,10,97,0,7,2,1,21,50,10,7,0,24,7,clean
0,0,1,0,0,0,0,4,1,1,6,4,1,0,0,9,0,clean
0,0,0,7,4,19,2,4,3,6,6,12,10,1,1,49,3,clean
0,3,0,3,2,9,13,4,2,1,6,9,3,5,2,35,3,clean
0,0,1,18,8,55,3,8,4,0,28,41,8,4,0,64,7,clean
0,1,0,3,8,26,0,2,3,1,1,19,9,1,0,12,2,clean
1,0,0,44,12,204,0,4,1,2,6,92,14,1,1,9,3,clean
0,0,0,6,3,22,3,5,4,0,10,12,3,1,0,64,4,clean
0,4,0,10,12,50,0,7,1,2,21,36,14,4,0,9,7,clean
33,0,0,262,1,1501,6,34,2,0,561,137,1,4,4,35,1,clean
0,0,4,7,2,22,0,13,1,27,78,17,29,2,2,18,13,buggy
0,0,0,1,0,3,9,2,2,1,1,2,1,0,0,26,2,clean
0,0,0,6,2,47,0,6,1,2,15,20,4,2,0,9,0,clean
0,3,0,24,3,90,0,3,1,5,3,29,8,5,0,27,2,clean
11,0,0,98,1,540,6,12,2,0,66,59,1,11,11,35,1,clean
0,0,1,20,5,63,0,8,1,2,28,31,6,4,2,16,8,clean
0,0,3,11,4,31,0,12,1,15,66,28,19,0,0,12,12,clean
0,0,0,1,0,3,0,1,1,1,0,1,1,0,0,27,1,clean
0,8,0,2,0,9,0,3,1,2,3,4,2,8,0,9,3,clean
0,4,0,7,2,32,0,5,2,1,10,9,3,4,0,13,5,clean
0,0,0,44,2,216,1,3,3,2,3,8,4,2,2,16,3,clean
0,0,1,39,5,189,0,23,1,3,253,84,8,10,0,9,19,clean
0,0,0,6,0,18,2,6,3,0,15,6,0,0,0,55,6,clean
0,0,1,3,2,10,2,3,2,0,3,5,2,0,0,39,2,clean
0,0,0,58,26,319,0,10,2,0,45,165,26,3,1,12,4,clean
2,3,2,58,6,258,0,17,2,1,136,79,6,10,4,15,14,clean
0,1,0,4,4,19,0,2,3,1,1,13,5,1,0,12,2,clean
0,0,20,31,6,93,0,21,1,37,210,54,43,7,5,18,15,clean
0,1,0,18,1,46,0,4,1,1,6,22,2,3,2,18,4,clean
1,0,0,3,5,16,12,3,3,0,3,14,5,1,1,36,1,clean
1,0,1,6,4,18,11,4,2,1,6,10,5,2,1,33,2,clean
0,0,0,3,2,9,0,3,2,1,3,9,3,1,1,50,3,clean
0,1,0,4,2,14,0,4,2,1,6,11,3,1,0,11,4,clean
1,0,1,20,2,68,0,8,2,3,28,16,5,8,7,42,6,clean
1,0,0,12,7,66,0,3,1,1,3,40,8,4,4,9,2,clean
14,7,0,217,3,604,26,20,1,1,190,103,4,19,2,9,5,clean
4,0,0,32,4,98,0,10,1,1,45,34,5,4,4,0,6,buggy
11,0,0,162,1,919,6,12,2,0,66,104,1,14,14,35,1,clean
0,0,0,4,2,24,0,4,4,2,6,9,4,2,2,50,4,buggy
0,0,0,19,9,63,1,7,3,1,21,40,10,5,5,44,4,clean
0,0,0,10,2,40,1,3,3,0,3,23,2,2,2,16,3,clean
0,1,1,1,0,3,0,6,1,2,15,6,2,1,0,9,0,clean
0,0,1,9,3,32,0,4,2,2,6,10,5,3,1,11,3,clean
0,3,0,5,0,19,0,2,1,2,1,2,2,3,0,9,1,clean
0,7,0,22,5,96,0,11,2,2,55,25,7,7,0,15,3,clean
0,1,0,4,0,9,0,2,2,2,1,5,2,1,0,19,2,clean
0,0,0,16,3,83,0,8,2,1,28,34,4,8,0,24,7,clean
0,0,33,4,0,12,0,6,1,50,15,9,50,1,1,9,4,buggy
0,1,0,0,0,0,0,0,1,0,0,0,0,5,0,9,0,clean
0,0,0,8,2,20,0,5,2,10,10,14,12,1,1,29,4,clean
0,0,0,1,1,11,1,1,3,2,0,3,3,2,2,22,1,clean
0,0,0,10,6,48,0,9,2,6,36,24,12,6,4,15,9,clean
0,0,0,7,5,22,0,6,2,8,15,15,13,0,0,39,5,clean
0,0,0,3,4,13,0,2,2,0,1,8,4,2,2,15,2,clean
0,0,1,4,1,10,0,3,2,6,3,5,7,0,0,11,3,clean
1,15,0,2,0,7,0,2,1,6,1,3,6,19,4,9,1,clean
0,0,0,10,6,70,0,5,1,2,10,35,8,3,3,9,5,clean
0,0,2,9,7,45,12,5,3,1,10,33,8,1,0,46,4,clean
12,0,0,164,4,312,0,22,1,1,231,157,5,8,8,9,8,clean
0,0,0,10,4,29,1,4,3,2,6,10,6,2,2,16,4,clean
0,0,0,12,2,36,10,2,4,0,1,14,2,0,0,24,1,clean
1,0,0,28,9,85,0,9,3,0,36,27,9,10,10,17,6,clean
0,0,0,2,0,6,3,2,4,0,1,2,0,0,0,64,2,clean
0,1,0,4,2,14,0,4,1,4,6,11,6,1,0,10,4,clean
0,0,0,4,3,14,1,2,3,0,1,10,3,1,1,16,2,clean
0,0,0,2,0,5,3,2,3,0,1,3,0,1,1,29,1,buggy
1,2,3,37,5,128,0,11,1,3,55,39,8,16,7,16,6,clean
0,0,0,7,7,25,2,5,3,6,10,19,13,1,1,49,4,clean
0,0,0,3,3,13,2,2,2,0,1,8,3,0,0,39,2,clean
0,0,0,4,4,31,0,3,1,2,3,19,6,1,1,9,3,clean
6,0,0,58,3,171,0,8,1,1,28,123,4,2,2,9,1,clean
0,0,0,2,15,51,0,2,1,0,1,27,15,0,0,9,2,clean
0,0,0,3,3,13,0,2,1,2,1,5,5,2,2,9,2,clean
0,0,1,46,8,149,0,21,2,30,210,94,36,5,4,39,20,clean
0,0,5,14,1,38,0,9,2,8,36,18,9,2,2,15,6,clean
0,3,0,5,1,22,0,3,1,1,3,7,2,3,0,29,2,clean
0,0,0,2,0,5,0,2,1,0,1,2,0,0,0,10,2,clean
41,0,0,479,1,2864,6,42,2,0,861,312,1,34,34,35,1,clean
0,0,0,4,1,13,0,2,1,3,1,12,4,0,0,9,2,clean
0,0,3,0,0,0,0,2,1,1,1,2,1,0,0,9,0,clean
1,0,0,22,7,147,0,6,1,4,15,52,11,6,6,9,4,clean
0,0,1,0,0,0,0,2,1,1,1,2,1,0,0,9,0,clean
1,0,0,6,1,23,0,6,1,10,15,12,11,3,3,9,5,clean
0,0,0,3,3,12,0,3,2,71,3,8,74,0,0,15,3,clean
0,8,0,2,0,13,0,2,1,4,1,3,4,8,0,9,2,clean
0,0,2,0,0,0,0,1,2,1,0,1,1,0,0,21,1,clean
0,2,0,5,4,86,0,4,1,1,6,12,5,2,0,18,4,clean
0,0,0,4,0,14,0,2,2,5,1,4,5,2,2,19,2,clean
0,9,0,6,1,17,0,3,1,1,3,7,2,9,0,9,2,buggy
0,1,0,1,0,4,2,1,2,1,0,1,1,1,0,21,0,clean
6,0,0,56,26,269,0,11,1,1,55,144,27,5,5,9,5,clean
0,1,0,2,2,10,1,2,3,4,1,4,6,1,0,16,2,clean
0,0,0,0,0,0,0,0,1,0,0,0,0,1,0,9,0,clean
2,0,1,24,3,98,0,13,2,9,78,34,12,7,6,24,10,clean
0,7,0,8,3,32,0,5,2,2,10,12,5,7,0,11,3,clean
7,0,0,51,7,151,0,16,2,1,120,80,7,10,10,16,9,clean
0,1,0,27,12,163,0,4,1,1,6,43,13,5,4,9,2,clean
0,0,0,6,4,35,14,2,2,0,1,12,4,2,2,15,2,clean
0,1,0,4,2,14,0,4,1,3,6,11,5,1,0,10,4,clean
0,0,0,3,3,12,0,3,2,44,3,8,47,0,0,15,3,clean
0,0,0,2,1,7,15,1,4,0,0,3,1,0,0,80,1,clean
0,0,1,0,0,0,0,4,1,2,6,4,2,0,0,9,0,clean
0,0,0,8,4,29,1,4,3,2,6,15,6,0,0,47,4,clean
1,6,0,19,2,75,0,14,1,1,91,24,3,6,0,21,13,clean
0,7,0,5,5,26,0,5,2,1,10,14,6,7,0,13,4,clean
0,0,0,2,4,11,0,2,2,0,1,7,4,3,1,15,2,clean
1,0,0,24,8,183,0,10,1,4,45,73,12,7,0,9,0,clean
4,0,0,29,3,115,0,16,1,1,120,33,4,4,4,9,12,clean
0,0,0,3,2,11,2,2,2,0,1,5,2,0,0,39,2,clean
1,0,0,2,3,26,0,2,1,3,1,10,6,0,0,9,1,clean
0,0,0,11,9,66,11,5,2,0,10,41,9,4,0,33,3,clean
0,0,1,2,2,7,2,2,3,0,1,4,2,0,0,42,2,clean
6,0,0,21,11,137,0,12,1,5,66,67,15,8,8,32,6,clean
1,0,0,14,6,53,1,5,2,2,10,28,8,1,1,13,3,clean
2,0,0,40,5,154,0,16,1,3,120,57,8,12,11,9,14,clean
1,0,0,29,15,199,0,12,1,1,66,69,16,10,10,0,11,clean
6,0,0,51,1,345,6,7,2,0,21,32,1,8,8,35,1,clean
16,0,0,206,1,1131,6,17,2,0,136,127,1,17,17,35,1,clean
1,1,0,4,6,52,0,4,1,1,6,25,7,1,0,9,3,clean
0,0,0,4,3,15,1,2,3,2,1,8,5,1,0,16,1,clean
0,0,0,29,7,170,0,11,3,10,55,59,17,2,2,44,11,buggy
0,0,0,12,4,33,1,5,3,1,10,13,5,2,2,16,5,clean
1,3,1,10,4,38,11,7,2,2,21,23,6,7,4,33,4,clean
0,0,0,11,2,49,0,3,1,1,3,17,3,0,0,10,3,clean
0,0,4,7,1,23,0,8,2,4,28,13,5,1,1,23,8,clean
0,0,0,8,0,24,0,8,1,1,28,8,1,4,4,9,8,clean
0,0,0,3,1,11,1,2,2,0,1,3,1,0,0,19,0,clean
0,0,0,6,4,18,0,4,3,1,6,12,5,2,2,24,2,clean
0,1,0,4,4,19,0,2,3,1,1,14,5,1,0,12,2,clean
0,0,1,1,3,24,3,1,2,0,0,14,3,0,0,23,0,clean
0,0,0,9,1,30,0,6,2,2,15,13,3,2,2,15,6,clean
1,7,0,64,13,268,0,21,1,1,210,160,14,11,0,48,14,clean
0,0,1,13,7,36,0,10,3,20,45,33,27,1,0,44,10,clean
0,0,16,23,7,84,0,12,1,99,66,49,103,1,1,27,11,clean
0,0,0,17,3,49,16,6,3,11,15,13,14,0,0,104,6,buggy
0,0,0,12,3,23,0,6,1,1,15,14,4,1,1,12,6,clean
0,1,0,17,3,57,0,4,1,2,6,26,5,5,0,27,2,clean
0,0,4,9,0,28,1,6,3,10,15,14,10,2,0,16,6,clean
0,0,0,13,4,44,0,3,1,2,3,26,6,2,0,9,1,clean
0,0,0,9,0,26,0,3,2,1,3,3,1,3,0,31,3,clean
1,0,0,24,8,168,0,10,1,4,45,72,12,7,0,9,0,clean
0,0,0,2,16,53,0,2,1,0,1,27,16,0,0,9,2,clean
0,0,1,0,0,0,0,2,1,2,1,2,2,0,0,9,0,clean
0,1,0,67,7,267,2,26,2,3,325,156,10,9,8,58,20,clean
0,0,1,8,1,25,0,1,1,1,0,7,2,0,0,10,1,clean
1,6,0,19,2,75,0,14,1,1,91,24,3,6,0,19,13,clean
0,0,0,4,2,9,15,3,4,1,3,6,3,0,0,80,1,clean
0,0,0,43,17,226,0,17,1,5,136,128,20,8,8,18,10,clean
1,0,0,47,12,206,0,4,1,0,6,78,12,0,0,9,3,clean
0,1,0,4,10,37,0,2,1,1,1,22,11,1,0,10,2,clean
0,0,0,8,4,38,1,2,3,1,1,10,5,2,1,16,2,clean
4,0,0,32,2,115,0,11,3,1,55,64,3,4,4,17,7,clean
10,11,1,244,23,822,36,47,1,1,1081,284,24,37,24,9,30,clean
0,0,0,12,6,35,1,7,3,1,21,25,7,2,2,44,6,clean
1,0,0,27,5,126,0,6,1,13,15,56,18,8,8,9,5,clean
0,1,0,10,1,45,0,6,1,1,15,10,2,4,3,9,6,clean
0,0,0,5,3,16,1,3,2,2,3,8,5,0,0,19,0,clean
0,0,0,50,25,469,0,18,1,3,153,277,27,10,10,9,17,buggy
0,6,0,2,2,13,0,2,1,1,1,4,3,6,0,9,1,buggy
0,4,0,2,0,12,0,2,1,2,1,2,2,4,0,9,0,clean
0,0,0,11,3,22,0,5,1,0,10,12,3,1,1,12,5,clean
1,0,0,8,2,32,1,3,3,1,3,13,3,5,3,16,2,buggy
0,0,0,3,5,19,0,1,1,0,0,7,5,0,0,10,1,clean
7,0,0,116,1,644,6,8,2,0,28,63,1,12,12,35,1,clean
2,0,0,14,1,66,1,4,3,2,6,15,3,9,9,16,2,clean
1,0,0,13,7,60,0,7,1,2,21,25,9,6,2,9,6,clean
0,0,0,18,6,98,0,12,3,7,66,31,13,2,2,44,12,clean
1,0,0,39,9,166,0,14,1,20,91,71,29,0,0,9,13,clean
0,0,0,10,2,79,0,6,2,4,15,18,6,11,11,15,0,clean
1,0,0,20,7,81,0,9,1,1,36,47,8,2,2,15,8,clean
0,0,0,5,4,19,0,3,2,1,3,14,5,3,2,15,3,clean
0,0,0,4,1,16,1,2,2,1,1,3,2,0,0,19,0,clean
0,4,0,10,11,58,0,2,1,1,1,29,12,5,1,10,2,clean
0,0,0,21,13,88,2,9,3,3,36,44,16,4,2,49,8,clean
6,1,0,48,13,176,0,15,1,3,105,74,16,7,5,9,9,clean
1,0,0,27,6,185,0,10,1,4,45,78,10,10,4,9,0,clean
26,7,0,301,3,947,36,32,1,1,496,167,4,19,2,9,5,clean
0,0,0,21,8,102,2,14,2,1,91,63,9,5,0,27,14,clean
0,0,0,2,2,7,1,2,3,1,1,4,3,0,0,45,2,clean
0,0,0,4,3,19,3,2,4,0,1,6,3,2,0,22,2,clean
0,0,0,4,5,17,0,3,2,1,3,12,6,2,1,15,3,clean
0,0,0,10,5,51,0,2,1,1,1,19,6,6,3,9,2,clean
0,1,7,18,5,64,0,18,1,69,153,35,74,2,0,9,17,buggy
0,0,0,5,0,18,0,5,1,7,10,5,7,4,4,9,5,clean
1,0,0,10,2,45,1,3,3,1,3,17,3,7,4,16,2,buggy
3,0,2,33,7,107,0,13,3,1,78,44,8,9,4,17,6,clean
0,0,0,2,2,7,2,2,4,0,1,4,2,0,0,44,2,clean
0,3,0,79,1,225,0,1,1,1,0,2,2,3,0,9,1,clean
7,0,0,36,4,135,0,12,3,2,66,51,6,11,11,24,4,clean
0,0,4,0,0,0,0,4,1,26,6,4,26,0,0,9,4,clean
11,4,0,40,12,188,0,13,1,0,78,80,12,19,0,9,2,clean
0,0,1,3,2,11,0,3,2,0,3,9,2,1,0,21,3,clean
0,0,0,28,9,90,0,11,2,20,55,54,28,5,5,39,10,clean
0,0,0,13,2,62,1,8,3,1,28,24,3,14,3,16,7,buggy
9,0,0,60,15,332,0,16,1,3,120,119,17,11,11,9,0,buggy
0,8,0,6,3,30,1,5,2,1,10,11,4,8,0,11,0,clean
0,1,0,4,3,16,2,4,2,0,6,10,3,1,0,39,4,clean
47,3,4,484,28,2630,0,126,1,66,7875,908,91,59,45,9,55,buggy
0,7,0,4,5,32,0,3,1,2,3,12,7,7,0,9,3,clean
0,1,0,2,4,19,0,2,3,1,1,8,5,1,0,12,2,clean
0,0,0,3,2,9,2,3,3,0,3,6,2,0,0,27,3,clean
0,0,0,23,4,97,2,14,2,4,91,41,8,5,5,27,14,clean
1,0,0,7,3,18,0,6,1,1,15,12,4,2,2,9,5,clean
0,0,0,4,1,18,0,4,1,2,6,8,3,0,0,9,4,clean
0,0,0,11,2,32,1,2,3,10,1,8,12,2,2,16,2,clean
0,0,42,3,1,10,0,3,2,4,3,5,5,1,0,13,2,buggy
0,0,0,12,4,30,0,8,2,7,28,16,11,1,0,39,7,clean
0,0,0,14,3,37,0,10,1,16,45,17,18,2,2,18,10,clean
0,0,0,6,2,45,0,6,1,2,15,20,4,2,0,9,0,clean
0,0,0,1,0,3,0,1,1,5,0,1,5,0,0,27,1,clean
0,0,3,7,4,26,0,6,1,0,15,15,4,3,0,13,4,clean
1,0,0,16,0,73,0,5,2,2,10,7,2,8,7,13,4,clean
0,0,12,0,0,0,0,2,1,18,1,2,18,0,0,9,2,clean
0,0,5,20,12,76,0,10,2,13,45,44,24,2,0,39,8,clean
0,0,0,3,4,14,0,3,2,0,3,10,4,3,2,15,3,clean
0,0,0,2,2,7,0,2,2,0,1,4,2,0,0,15,2,clean
0,0,0,21,7,102,2,14,2,1,91,64,8,5,0,27,14,clean
0,2,1,5,0,16,0,5,1,4,10,5,4,2,0,9,5,clean
0,0,1,0,0,0,0,5,1,2,10,5,2,0,0,9,0,clean
0,0,3,9,3,28,2,9,3,0,36,13,3,1,0,55,9,clean
0,0,0,16,5,88,0,8,2,1,28,35,6,5,0,33,7,clean
0,0,0,4,1,25,0,2,2,1,1,3,2,2,2,11,2,clean
0,0,10,3,1,9,0,3,2,8,3,4,9,1,0,13,2,clean
1,0,0,3,4,32,0,2,1,0,1,14,4,0,0,9,1,clean
0,0,1,0,0,0,0,2,1,2,1,2,2,0,0,9,0,clean
0,0,0,6,5,19,2,4,2,0,6,14,5,2,2,39,4,clean
0,4,0,15,3,71,0,4,1,1,6,47,4,4,0,9,0,clean
6,0,0,58,10,313,0,15,1,3,105,73,13,15,8,18,1,clean
0,0,0,4,3,33,0,2,1,0,1,16,3,1,1,9,2,clean
0,0,0,6,6,40,12,3,3,0,3,28,6,0,0,46,2,clean
0,0,0,10,6,40,0,7,3,1,21,24,7,1,0,22,7,clean
1,0,1,54,7,85,2,15,3,5,105,49,12,6,6,49,13,buggy
11,0,0,155,1,866,6,12,2,0,66,92,1,13,13,35,1,clean
0,0,0,26,2,140,1,2,3,1,1,8,3,9,9,16,2,clean
4,0,0,68,17,285,0,32,1,1,496,105,18,22,12,9,28,clean
0,0,0,1,0,3,0,1,1,1,0,1,1,0,0,27,1,clean
