2,0.105389,6.6749,0,0.332866,0,1,0.082167,4,0.209245,clean
0,0,0,0,0,0,0,0,1,0,clean
7,0.032927,19.4361,1,0.49789,0,1,0.042112,8,0.05424,clean
3,0.061022,17.9064,0,0.454358,0,0,0.037487,5,0.046823,buggy
3,0.109004,17.0697,0,0.440287,0,0,0.038071,7,0.05196,clean
3,0.185996,11.5477,0,0.429205,0,0,0.080149,5,0.153375,buggy
9,0.103528,17.2611,0,0.450399,2,3,0.040739,12,0.066245,buggy
1,0.001136,3.19695,0,0.09499,0,0,0.011819,1,0.0312,clean
0,0.003338,4.22329,0,0.11579,0,0,0.012712,0,0.033951,clean
0,0.000274,1.76682,0,0.061715,0,0,0.010097,0,0.033928,clean
0,0.000312,1.77712,0,0.06092,0,0,0.009619,0,0.030953,clean
1,0.003182,5.70432,0,0.157991,0,0,0.016726,1,0.035389,buggy
2,0.001672,3.1496,0,0.101419,0,0,0.014346,2,0.039834,clean
0,0.006706,8.14056,0,0.206728,0,0,0.017771,0,0.031407,clean
1,0.067433,9.57998,0,0.2679,0,0,0.029185,4,0.063506,buggy
5,0.063615,12.2306,0,0.341364,0,0,0.037391,8,0.085691,clean
0,0.010836,3.11109,0,0.100341,0,0,0.014144,1,0.038692,clean
1,0.024357,4.02695,0,0.09399,0,0,0.005597,1,0.000503,buggy
1,0.043605,19.1174,0,0.481436,0,0,0.038785,3,0.046112,clean
9,0.369512,25.1599,0,0.623979,0,0,0.047506,11,0.046519,buggy
2,0.00455,5.77294,0,0.167957,0,0,0.019283,2,0.03939,buggy
0,0.019358,7.26892,0,0.188027,0,0,0.017213,0,0.034363,clean
0,0.012883,9.37455,0,0.251853,0,0,0.02454,1,0.043453,clean
0,0.003968,6.42599,0,0.168539,0,0,0.015846,0,0.031381,clean
1,0.002317,5.98276,0,0.159804,0,0,0.015881,1,0.034432,clean
1,0.00475,5.65358,0,0.13134,0,0,0.00769,1,0.000587,clean
1,0.028313,4.77474,0,0.143885,0,0,0.017848,1,0.040995,clean
5,0.24729,11.5775,0,0.326755,0,0,0.034437,7,0.054811,clean
0,0.002636,6.41569,0,0.169334,0,0,0.016324,0,0.034357,clean
2,0.039517,16.1857,0,0.429977,0,0,0.044419,2,0.101605,clean
1,0.003336,4.50833,0,0.126122,0,0,0.013761,1,0.03137,clean
2,0.037745,5.82803,0,0.203738,0,0,0.033997,4,0.111609,clean
8,0.106021,19.2704,0,0.561836,0,1,0.068253,9,0.162104,clean
3,0.009116,4.0222,0,0.137003,0,0,0.021448,3,0.067993,buggy
0,0.005149,3.05459,0,0.103073,0,0,0.015822,1,0.048942,clean
1,0.026678,12.8088,0,0.34727,0,0,0.034019,2,0.055539,clean
2,0.036498,8.4335,0,0.223727,0,0,0.021548,3,0.041134,clean
2,0.046009,4.3791,0,0.175778,0,0,0.036692,3,0.139632,clean
1,0.040444,9.58809,0,0.257069,0,0,0.024989,2,0.046032,clean
2,0.093037,8.24327,0,0.228435,0,0,0.023735,2,0.043708,buggy
0,0.000075,1.76682,0,0.061715,0,0,0.010097,0,0.033928,clean
1,0.003447,5.98814,0,0.189977,0,0,0.027985,2,0.087151,buggy
5,0.08323,15.3807,0,0.428461,0,0,0.049206,5,0.121265,clean
2,0.011532,10.231,0,0.264389,0,0,0.023697,2,0.042078,clean
1,0.01644,10.9524,0,0.283022,0,0,0.025295,1,0.042665,clean
4,0.020496,13.3755,0,0.330495,0,0,0.025459,4,0.032299,clean
0,0.002624,6.42599,0,0.168539,0,0,0.015846,0,0.031381,clean
0,0.010288,4.8313,0,0.130281,0,0,0.013612,0,0.033993,clean
3,0.025599,11.4311,0,0.293069,0,0,0.026063,3,0.04934,buggy
1,0.016912,4.82617,0,0.148137,0,0,0.018977,3,0.044745,clean
1,0.013479,6.41247,0,0.18365,0,0,0.020532,1,0.041567,clean
4,0.025081,17.5389,0,0.450224,0,0,0.03825,5,0.049022,clean
0,0.010498,6.13795,0,0.167716,0,0,0.017199,0,0.035156,clean
2,0.070179,3.03875,0,0.102722,0,0,0.015791,2,0.04901,buggy
4,0.024539,16.0268,0,0.421753,0,1,0.038199,5,0.05262,clean
3,0.06121,11.181,0,0.273962,1,1,0.021077,3,0.031444,clean
1,0.00701,6.25954,0,0.187686,0,0,0.022801,3,0.048477,clean
2,0.003184,4.91442,0,0.148539,0,0,0.018511,2,0.042564,clean
0,0.00582,1.56044,0,0.052586,0,0,0.008031,2,0.024708,clean
0,0.00127,2.98549,0,0.089567,0,0,0.01163,0,0.033976,buggy
8,0.08726,15.0607,0,0.40016,0,0,0.036932,12,0.051975,clean
0,0.003018,3.17095,0,0.098286,0,0,0.013117,0,0.035415,clean
3,0.014798,6.08326,0,0.178371,0,0,0.02083,3,0.043326,clean
6,0.168814,9.50088,0,0.276775,0,0,0.031553,6,0.060442,clean
10,0.146628,23.0493,0,0.637645,0,1,0.06736,10,0.13037,buggy
3,0.013351,6.31854,0,0.185109,0,0,0.021531,4,0.04405,clean
25,0.37033,35.7287,2,0.959499,0,4,0.096029,27,0.188175,buggy
15,0.093952,15.7846,0,0.405879,1,1,0.034761,19,0.045946,clean
5,0.034693,11.0213,0,0.298719,0,0,0.029079,5,0.045629,clean
0,0.00005,1.76682,0,0.061715,0,0,0.010097,1,0.033928,clean
1,0.002385,2.5349,0,0.061041,0,0,0.003986,2,0.000487,clean
5,0.022498,14.1511,0,0.360466,0,0,0.030134,5,0.040125,clean
1,0.113067,8.70423,0,0.232212,0,0,0.02259,1,0.044415,clean
24,0.35218,18.4647,0,4.43194,1,3,0.113534,25,0.241672,buggy
1,0.0002,1.76682,0,0.061715,0,0,0.010097,1,0.033928,clean
0,0,0,0,0,0,0,0,0,0,clean
0,0.003928,3.15995,0,0.098123,0,0,0.012803,2,0.0309,clean
0,0.002561,6.41569,0,0.169334,0,0,0.016324,0,0.034357,clean
0,0.017314,5.02919,0,0.157739,0,0,0.02102,1,0.052183,clean
13,0.16008,32.4055,0,0.877723,0,2,0.090603,20,0.152441,clean
4,0.014598,5.81133,0,0.178762,0,1,0.023117,4,0.057388,clean
10,0.1664,11.6025,0,0.321663,0,0,0.032953,14,0.054952,clean
8,0.104276,19.4569,0,0.560133,0,0,0.066241,13,0.150287,clean
5,0.172599,14.1924,0,0.423048,0,1,0.057151,6,0.141875,buggy
1,0.039411,5.87009,0,0.178441,0,0,0.022223,4,0.049263,clean
143,0.575244,58.1518,0,5.64663,0,7,0.287622,232,0.595488,buggy
0,0.000574,1.76682,0,0.061715,0,0,0.010097,1,0.033928,clean
1,0.015483,12.2006,0,0.300266,0,0,0.023327,1,0.034588,clean
1,0.002156,3.20019,0,0.101264,0,0,0.01392,1,0.03766,clean
4,0.028944,10.3932,0,0.300803,0,0,0.034114,5,0.068497,clean
0,0.001721,1.76682,0,0.061715,0,0,0.010097,0,0.033928,clean
0,0,0,0,0,0,0,0,1,0,clean
0,0.016594,3.76631,0,0.107617,0,0,0.012662,0,0.03402,clean
5,0.017182,5.77253,0,0.161748,0,0,0.017223,5,0.033326,clean
7,0.0146,14.5709,0,0.42749,0,4,0.049961,8,0.100945,clean
4,0.02465,14.7404,0,0.393407,0,0,0.037034,5,0.056304,buggy
1,0.012925,5.82803,0,0.203738,0,0,0.033997,2,0.111609,clean
3,0.026478,12.178,0,0.316429,0,0,0.029039,4,0.054665,clean
0,0.000499,1.56044,0,0.052586,0,0,0.008031,2,0.024708,clean
1,0.00015,1.76682,0,0.061715,0,0,0.010097,1,0.033928,clean
6,0.039654,11.8849,0,0.327927,0,1,0.038,6,0.100611,clean
3,0.109524,16.789,0,0.434841,0,0,0.037666,4,0.048534,clean
0,0.000324,1.76682,0,0.061715,0,0,0.010097,1,0.033928,clean
7,0.303933,22.6033,0,0.566813,0,0,0.044885,9,0.049364,clean
16,0.169126,29.2299,0,0.769653,1,2,0.069665,24,0.095919,clean
0,0.022374,5.82803,0,0.203738,0,0,0.033997,1,0.111609,clean
0,0.004124,6.41569,0,0.169334,0,0,0.016324,0,0.034357,clean
1,0.006953,7.34429,0,0.203375,0,0,0.021266,2,0.041726,clean
1,0.027621,5.02919,0,0.157739,0,0,0.02102,2,0.052183,clean
6,0.082586,7.53288,0,0.199282,0,0,0.018837,7,0.034896,clean
1,0.008913,8.78554,0,0.223539,0,0,0.01934,1,0.034545,clean
0,0.004118,6.41569,0,0.169334,0,0,0.016324,0,0.034357,clean
2,0.063676,10.0211,0,0.272807,0,0,0.026733,3,0.041527,buggy
0,0.005532,7.80551,0,0.200341,0,0,0.017649,0,0.031454,clean
0,0,0,0,0,0,0,0,1,0,clean
6,0.127705,22.1695,0,0.608177,0,1,0.065047,8,0.142486,buggy
0,0.00005,1.76682,0,0.061715,0,0,0.010097,1,0.033928,clean
3,0.078306,5.38037,0,0.167073,0,0,0.021842,3,0.052793,buggy
0,0.012827,11.4216,0,0.28814,0,0,0.023816,1,0.034665,buggy
3,0.002763,9.16954,0,0.250493,0,0,0.025501,3,0.049098,clean
3,0.016626,8.70673,0,0.250397,0,0,0.027874,5,0.05252,clean
1,0.012684,9.56428,0,0.240212,0,0,0.02005,1,0.034511,clean
4,0.040315,15.4609,0,0.398501,0,0,0.034877,5,0.053312,clean
0,0.002796,4.47111,0,0.129062,0,0,0.015004,1,0.035411,clean
7,0.142096,18.9709,0,0.496521,0,1,0.044453,10,0.061955,clean
1,0.010933,3.18918,0,0.100676,0,0,0.013792,3,0.037278,clean
2,0.029797,10.1212,0,0.267058,0,0,0.024728,3,0.039742,buggy
7,0.038878,17.2555,0,0.44291,0,2,0.038099,8,0.054363,buggy
0,0.018395,4.33338,0,0.13686,0,0,0.018535,0,0.047507,clean
0,0.011331,7.26436,0,0.19472,0,0,0.019169,0,0.037348,clean
2,0.012017,3.82133,0,0.110934,0,0,0.013258,2,0.034271,clean
2,0.007312,9.33423,0,0.238731,0,0,0.02078,2,0.035366,clean
0,0,0,0,0,0,0,0,1,0,clean
1,0.000195,1.77712,0,0.06092,0,0,0.009619,1,0.030953,clean
0,0.000078,1.77712,0,0.06092,0,0,0.009619,0,0.030953,clean
1,0.01532,9.33201,0,0.239563,0,0,0.020917,2,0.034965,clean
8,0.086154,19.2402,0,0.513978,0,0,0.049089,12,0.081061,buggy
0,0.011226,5.36088,0,0.153661,0,0,0.017609,1,0.041052,clean
4,0.087613,8.84204,1,0.325697,0,1,0.062837,6,0.158513,buggy
4,0.148072,10.5179,0,0.327386,0,1,0.04542,6,0.118382,clean
0,0,0,0,0,0,0,0,0,0,clean
2,0.03079,6.84217,0,0.186014,0,0,0.018667,4,0.035558,clean
2,0.006282,6.17907,0,0.163964,0,0,0.016038,2,0.034362,clean
5,0.147613,17.0216,0,0.445294,0,1,0.039676,7,0.055433,clean
0,0.023859,4.33338,0,0.13686,0,0,0.018535,0,0.047507,clean
0,0.01111,7.56276,0,0.209902,0,0,0.021783,1,0.039355,clean
0,0.000249,1.76682,0,0.061715,0,0,0.010097,1,0.033928,clean
2,0.016804,11.602,0,0.301471,0,0,0.027046,4,0.04327,clean
2,0.037003,10.2788,0,0.370556,0,1,0.069928,2,0.139066,clean
2,0.024371,7.61847,0,0.211703,0,0,0.022008,2,0.039724,clean
3,0.030922,10.2527,0,0.259914,0,0,0.02175,3,0.032558,clean
4,0.023639,5.85726,0,0.184515,0,0,0.024722,4,0.061849,clean
12,0.097614,17.575,0,0.435284,1,0,0.033732,13,0.041236,clean
11,0.185011,18.208,0,0.458825,0,1,0.037296,13,0.04733,clean
2,0.010854,8.27328,0,0.209368,0,0,0.017859,2,0.031443,clean
6,0.18421,16.4861,0,0.426508,0,1,0.036869,7,0.04819,clean
13,0.318937,24.0899,0,0.701512,0,0,0.086632,15,0.193329,buggy
0,0.003156,7.72196,0,0.198359,0,0,0.017775,0,0.034375,clean
7,0.147213,14.3803,1,0.44699,0,1,0.06422,9,0.167895,clean
0,0.010267,2.56656,0,0.075144,0,0,0.008439,0,0.013579,clean
1,0.000531,3.18664,0,0.095785,0,0,0.012297,1,0.034176,clean
0,0.000234,1.77712,0,0.06092,0,0,0.009619,0,0.030953,clean
0,0,0,0,0,0,0,0,1,0,clean
4,0.013786,7.38057,0,0.21865,0,0,0.025914,4,0.053385,clean
13,0.29679,17.3217,0,0.520802,0,2,0.066235,15,0.145362,buggy
0,0.007602,6.41569,0,0.169334,0,0,0.016324,0,0.034357,clean
2,0.013328,10.9671,0,0.298623,0,1,0.029566,2,0.048997,buggy
1,0.006721,3.18664,0,0.095785,0,0,0.012297,1,0.034176,clean
0,0.013579,3.79659,0,0.122015,0,0,0.017107,1,0.046344,clean
0,0.012896,5.05758,0,0.180782,0,0,0.031316,3,0.10687,clean
1,0.004754,2.59113,0,0.098855,0,0,0.018939,3,0.071757,clean
1,0.011118,1.84469,0,0.070979,0,0,0.013738,4,0.053061,buggy
0,0.01178,8.62288,0,0.226977,0,0,0.021197,0,0.037588,clean
1,0.000374,1.76682,0,0.061715,0,0,0.010097,1,0.033928,clean
7,0.072387,7.28484,0,0.21678,0,0,0.026017,9,0.055587,clean
2,0.003156,2.8819,0,0.088687,0,0,0.011883,2,0.034168,clean
0,0.014074,4.41258,0,0.138856,0,0,0.018583,1,0.046384,clean
0,0,0,0,0,0,0,0,1,0,clean
8,0.043682,18.2366,0,0.508446,0,0,0.054174,19,0.109583,clean
1,0.00885,6.30121,0,0.168658,0,0,0.016648,1,0.034507,clean
1,0.002766,5.98276,0,0.159804,0,0,0.015881,1,0.034432,clean
1,0.004795,7.47927,0,0.194515,0,0,0.017889,1,0.034528,clean
0,0,0,0,0,0,0,0,1,0,clean
2,0.021139,9.94289,0,0.2527,0,0,0.02132,2,0.032576,buggy
1,0.000125,1.76682,0,0.061715,0,0,0.010097,1,0.033928,clean
0,0,0,0,0,0,0,0,1,0,clean
5,0.019649,13.2632,0,0.36862,0,0,0.037579,6,0.058068,clean
2,0.021594,8.66479,0,0.237853,0,0,0.024318,2,0.045138,clean
0,0.003501,3.30831,0,0.096281,0,0,0.011635,0,0.031038,clean
1,0.057229,2.34667,0,0.100815,0,0,0.023026,3,0.090605,clean
3,0.024412,5.7361,0,0.186302,0,0,0.028105,3,0.089645,clean
3,0.020661,13.8167,0,0.355037,0,0,0.030343,3,0.040751,clean
0,0.002511,4.59691,0,0.123336,0,0,0.012697,0,0.030986,clean
0,0.006385,4.68802,0,0.13759,0,0,0.016333,0,0.037315,clean
6,0.018729,11.6447,0,0.31008,0,0,0.029137,6,0.045161,clean
4,0.062796,13.4531,0,0.361356,0,0,0.034432,6,0.052727,buggy
0,0.000773,1.76682,0,0.061715,0,0,0.010097,1,0.033928,clean
1,0.005431,3.19948,0,0.099881,0,0,0.013314,1,0.034302,clean
2,0.031842,15.1891,0,0.383475,0,0,0.031518,3,0.042994,clean
3,0.075962,12.5527,1,0.365311,0,2,0.044492,4,0.107408,clean
0,0.024918,4.41258,0,0.138856,0,0,0.018583,1,0.046384,clean
2,0.019338,3.88096,0,0.115222,0,0,0.014164,3,0.035222,clean
6,0.05088,20.9156,0,0.533881,0,0,0.044597,11,0.05499,clean
3,0.032386,4.63681,0,0.13874,0,0,0.017015,3,0.038993,clean
2,0.024678,15.1351,0,0.417368,0,0,0.045043,2,0.101606,clean
3,0.08281,18.1407,0,0.508653,0,0,0.053893,8,0.097592,clean
19,0.562202,28.6537,1,0.884783,1,1,0.122037,24,0.208569,buggy
1,0.103651,22.3051,0,0.565657,0,0,0.04661,4,0.057772,buggy
4,0.028826,12.5353,0,0.336625,0,0,0.032623,5,0.05658,clean
1,0.056409,11.9472,0,0.324418,0,0,0.03188,3,0.052581,clean
0,0.002845,4.57426,0,0.133715,0,0,0.01579,0,0.03623,clean
1,0.036407,12.4285,0,0.314288,0,0,0.026363,2,0.040878,buggy
0,0.00403,7.72196,0,0.198359,0,0,0.017775,0,0.034375,clean
1,0.010355,3.23696,0,0.101805,0,0,0.013728,1,0.035577,clean
1,0.000474,1.76682,0,0.061715,0,0,0.010097,1,0.033928,clean
2,0.090947,14.2974,0,0.365666,0,0,0.031054,3,0.043339,clean
0,0.003873,6.41569,0,0.169334,0,0,0.016324,0,0.034357,clean
0,0.002368,3.19695,0,0.09499,0,0,0.011819,0,0.0312,clean
8,0.02007,15.3538,2,0.406026,1,2,0.038288,8,0.067676,buggy
0,0.003618,3.30831,0,0.096281,0,0,0.011635,0,0.031038,clean
2,0.04396,6.14016,0,0.183033,0,0,0.022001,2,0.046323,clean
7,0.019705,7.25623,0,0.254391,0,1,0.043408,7,0.144345,buggy
0,0.010617,7.2787,0,0.196003,0,0,0.019409,0,0.037387,clean
2,0.007647,5.25839,0,0.167761,0,0,0.023664,4,0.067326,clean
7,0.105636,15.0525,0,0.38367,1,2,0.032332,8,0.044481,clean
0,0.000723,1.76682,0,0.061715,0,0,0.010097,1,0.033928,clean
1,0.012767,5.95836,0,0.179524,0,0,0.022003,4,0.048075,clean
3,0.177304,8.96501,0,0.329377,0,0,0.060323,5,0.209759,clean
3,0.011136,11.0669,0,0.289658,0,0,0.026447,4,0.043093,clean
0,0.004106,6.41569,0,0.169334,0,0,0.016324,0,0.034357,clean
1,0.004057,7.83167,0,0.202284,0,0,0.018251,1,0.034458,clean
1,0.026917,6.42966,0,0.146747,0,0,0.008126,1,0.000523,buggy
3,0.010164,5.20137,1,0.18445,0,1,0.031932,4,0.106445,clean
0,0.000723,1.76682,0,0.061715,0,0,0.010097,1,0.033928,clean
0,0.006066,4.385,0,0.138801,0,0,0.018873,3,0.048639,clean
5,0.025982,6.75539,0,0.188915,0,0,0.020042,7,0.038363,clean
0,0.067891,9.64564,0,0.26412,0,0,0.026697,1,0.047988,clean
0,0,0,0,0,0,0,0,0,0,clean
2,0.02091,5.4784,0,0.162692,0,0,0.019396,3,0.040616,buggy
1,0.056264,14.3708,0,0.372883,0,0,0.033324,3,0.052553,clean
5,0.02341,6.83071,0,0.204273,0,0,0.024752,5,0.053449,clean
1,0.004606,5.88474,0,0.163011,0,0,0.016989,2,0.032853,clean
2,0.013623,2.71813,0,0.097266,0,0,0.016651,2,0.058544,clean
5,0.053917,9.06318,0,0.249566,0,0,0.025588,5,0.047408,clean
1,0.000727,2.91017,0,0.089251,0,0,0.011895,1,0.034148,clean
1,0.007707,1.76682,0,0.061715,0,0,0.010097,1,0.033928,clean
6,0.050549,16.7735,0,0.432571,0,2,0.037274,6,0.048973,clean
1,0.001222,1.76682,0,0.061715,0,1,0.010097,1,0.033928,clean
2,0.027667,9.15622,0,0.260371,0,0,0.028432,3,0.053744,clean
12,0.054265,6.85196,0,0.200102,0,0,0.02301,13,0.045085,buggy
1,0.025696,5.80709,0,0.176462,0,0,0.021972,4,0.048817,clean
2,0.015201,13.9802,0,0.365025,0,1,0.032644,2,0.046887,clean
1,0.003033,5.15731,0,0.151683,0,0,0.018295,1,0.04468,buggy
1,0.020427,3.16218,0,0.126981,0,0,0.026568,1,0.099918,clean
1,0.013236,7.56943,0,0.201354,0,0,0.019991,1,0.043955,clean
0,0.00254,3.18664,0,0.095785,0,0,0.012297,0,0.034176,clean
0,0.04231,4.87416,0,0.130918,0,0,0.013344,1,0.03107,clean
3,0.021183,4.41258,0,0.138856,0,0,0.018583,7,0.046384,clean
2,0.009002,5.78633,0,0.189271,0,1,0.0285,2,0.08741,clean
5,0.077979,11.2693,0,0.341903,0,0,0.044478,5,0.112159,buggy
3,0.005276,10.9403,0,0.290691,0,0,0.027113,3,0.041221,buggy
0,0.002804,1.77712,0,0.06092,0,0,0.009619,0,0.030953,clean
0,0.000424,1.76682,0,0.061715,0,0,0.010097,0,0.033928,buggy
13,0.119315,25.1717,0,0.736829,0,1,0.089343,20,0.208576,clean
0,0.015444,2.84822,0,0.093944,0,0,0.013756,3,0.039721,clean
0,0.000224,1.76682,0,0.061715,0,0,0.010097,1,0.033928,clean
3,0.024385,10.6649,0,0.299704,0,0,0.034374,4,0.087661,clean
0,0.00325,6.41569,0,0.169334,0,0,0.016324,0,0.034357,clean
0,0,0,0,0,0,0,0,0,0,clean
1,0.001821,1.76682,0,0.061715,0,0,0.010097,2,0.033928,clean
2,0.025552,6.95514,0,0.181513,0,0,0.017229,3,0.036886,clean
1,0.071607,2.53371,0,0.108391,0,0,0.024517,3,0.098913,clean
3,0.059526,8.16318,1,0.212081,0,1,0.019643,3,0.038618,clean
3,0.013679,8.35105,0,0.239145,0,0,0.026308,3,0.047876,clean
2,0.017724,6.81975,0,0.186258,0,0,0.018871,3,0.035989,clean
0,0.009908,3.17095,0,0.098286,0,0,0.013117,2,0.035415,clean
1,0.000117,1.77712,0,0.06092,0,0,0.009619,1,0.030953,clean
0,0,0,0,0,0,0,0,1,0,clean
4,0.041056,10.548,0,0.315123,0,0,0.041387,4,0.108195,clean
9,0.074576,15.3743,0,0.465938,0,0,0.061259,20,0.167274,buggy
0,0.001821,1.76682,0,0.061715,0,0,0.010097,1,0.033928,clean
4,0.00343,9.97572,0,0.268533,0,0,0.026442,4,0.049191,clean
13,0.207969,23.3982,0,0.600741,0,1,0.051233,15,0.069042,clean
1,0.002675,4.63082,0,0.140528,0,0,0.017666,2,0.041167,clean
3,0.00983,10.1254,0,0.260074,0,0,0.022639,3,0.036103,buggy
4,0.065148,10.3576,0,0.309082,0,0,0.039084,7,0.104285,clean
3,0.064858,12.5129,0,0.33012,0,0,0.030439,5,0.048495,clean
0,0.009415,2.90397,0,0.089543,0,0,0.012007,1,0.034256,clean
2,0.00234,2.97312,0,0.09279,0,0,0.012583,2,0.034972,clean
11,0.1339,21.326,0,0.606667,0,1,0.068983,17,0.143122,clean
0,0.004287,6.41569,0,0.169334,0,0,0.016324,0,0.034357,clean
1,0.007372,14.2096,0,0.350393,0,0,0.025328,1,0.012831,clean
3,0.015856,4.56949,0,0.143157,0,0,0.018997,3,0.046836,clean
2,0.032133,12.3915,0,0.302879,0,0,0.023141,2,0.03448,clean
2,0.004493,8.69863,0,0.231362,0,0,0.022461,2,0.044427,clean
2,0.037414,7.67578,0,0.227349,0,0,0.027823,3,0.066976,clean
1,0.000549,1.76682,0,0.061715,0,0,0.010097,1,0.033928,clean
0,0.005482,4.68802,0,0.13759,0,0,0.016333,0,0.037315,clean
4,0.048885,8.77144,0,0.249935,0,0,0.027205,5,0.048936,clean
5,0.06336,17.6161,1,0.478782,1,2,0.049793,7,0.103828,clean
1,0.001207,4.30172,0,0.122757,0,0,0.014083,1,0.034415,buggy
0,0.002534,4.70143,0,0.130576,0,0,0.014013,0,0.031376,clean
1,0.026943,8.42497,0,0.243099,0,0,0.027355,2,0.053262,clean
4,0.008638,7.65733,0,0.224651,0,3,0.025988,4,0.050405,buggy
0,0.005043,3.30831,0,0.096281,0,0,0.011635,0,0.031038,clean
1,0.000324,1.76682,0,0.061715,0,0,0.010097,1,0.033928,clean
3,0.00518,3.82071,0,0.112153,0,0,0.013405,3,0.031977,clean
4,0.095054,12.6447,0,0.372343,0,0,0.046846,4,0.114264,buggy
7,0.0697,12.0569,0,0.295255,1,1,0.022714,7,0.034431,clean
4,0.051834,9.50905,0,0.315169,0,0,0.04983,4,0.153264,clean
0,0.014669,4.41258,0,0.138856,0,0,0.018583,1,0.046384,clean
1,0.000442,1.50465,0,0.041832,0,0,0.004125,1,0.004336,clean
6,0.111078,12.4581,0,0.370047,0,1,0.046993,7,0.123234,buggy
0,0.006935,5.99576,0,0.176426,0,0,0.020821,1,0.044566,clean
1,0.003864,2.97312,0,0.09279,0,0,0.012583,1,0.034972,clean
6,0.04594,18.4091,1,0.522088,0,1,0.063426,7,0.170188,clean
0,0,0,0,0,0,0,0,1,0,clean
1,0.004737,7.72196,0,0.198359,0,0,0.017775,1,0.034375,clean
10,0.174071,24.0348,1,0.617363,0,1,0.052749,12,0.070944,clean
3,0.013962,6.80521,0,0.201654,0,0,0.024297,3,0.05481,buggy
0,0.00015,1.76682,0,0.061715,0,0,0.010097,1,0.033928,clean
0,0.005398,5.36933,0,0.147436,0,0,0.015487,0,0.034436,clean
0,0.017749,10.3221,0,0.269015,0,0,0.024595,1,0.042657,clean
3,0.007697,3.82133,0,0.110934,0,0,0.013258,3,0.034271,clean
2,0.01023,5.99307,0,0.159009,0,0,0.015403,2,0.031456,clean
1,0.036912,4.33338,0,0.13686,0,0,0.018535,1,0.047507,clean
3,0.025608,14.5859,0,0.394849,0,0,0.038195,7,0.057889,clean
2,0.116717,8.16874,1,0.282248,0,2,0.046786,3,0.147652,clean
2,0.043105,5.02919,0,0.157739,0,0,0.02102,3,0.052183,clean
5,0.046914,7.66405,0,0.224176,0,0,0.025925,6,0.052152,clean
2,0.009172,3.22666,0,0.1026,0,2,0.014206,2,0.038552,clean
2,0.010189,3.18664,0,0.095785,0,0,0.012297,2,0.034176,clean
1,0.005175,3.27147,0,0.103547,0,0,0.014222,2,0.038264,clean
5,0.115525,14.4493,0,0.391226,0,0,0.038522,5,0.065873,buggy
3,0.037039,11.6432,0,0.331159,0,0,0.03557,8,0.059211,clean
0,0.00364,4.40164,0,0.129826,0,0,0.015603,2,0.03638,clean
0,0.005149,3.05459,0,0.103073,0,0,0.015822,1,0.048942,clean
0,0.001048,1.76682,0,0.061715,0,0,0.010097,1,0.033928,clean
2,0.015136,12.6847,0,0.324998,0,0,0.027819,2,0.039889,clean
2,0.025564,8.67717,0,0.231637,1,1,0.022577,2,0.042604,clean
4,0.066557,12.4038,0,0.317891,0,0,0.02729,5,0.040021,clean
3,0.015777,10.5501,0,0.28857,0,0,0.030389,4,0.068374,clean
2,0.00425,3.10682,0,0.101533,0,0,0.014729,2,0.042149,buggy
0,0.007106,5.82082,0,0.156835,0,0,0.015824,0,0.034363,clean
1,0.012703,6.41569,0,0.169334,0,0,0.016324,1,0.034357,clean
0,0.000224,1.76682,0,0.061715,0,0,0.010097,1,0.033928,clean
0,0.002606,3.17095,0,0.098286,0,0,0.013117,0,0.035415,clean
3,0.022224,11.9584,0,0.331568,0,0,0.036384,4,0.083518,buggy
3,0.012041,11.3834,0,0.294949,0,0,0.026105,3,0.039796,buggy
0,0.033663,4.43166,0,0.125048,0,0,0.014065,0,0.034296,buggy
0,0.014477,5.2122,0,0.169698,0,0,0.024863,2,0.074601,clean
1,0.003693,7.47927,0,0.194515,0,0,0.017889,1,0.034528,clean
3,0.040737,10.9347,0,0.29316,0,0,0.027831,3,0.042728,clean
1,0.007237,6.44121,0,0.172314,0,0,0.016937,1,0.034547,clean
2,0.008546,3.05459,0,0.103073,0,1,0.015822,2,0.048942,clean
0,0.002622,6.41569,0,0.169334,0,0,0.016324,0,0.034357,clean
3,0.012155,10.2202,0,0.254429,0,0,0.020681,3,0.034434,clean
4,0.068733,12.7504,0,0.320106,0,1,0.025941,5,0.03607,clean
2,0.086592,11.2422,0,0.351129,0,1,0.049781,4,0.140146,clean
3,0.033261,20.1475,0,0.513333,0,0,0.042768,7,0.053717,clean
0,0.026071,11.8601,0,0.307225,0,0,0.02734,1,0.04351,clean
3,0.083804,13.1504,0,0.354994,0,0,0.034195,6,0.052516,clean
1,0.004537,2.97312,0,0.09279,0,0,0.012583,1,0.034972,clean
4,0.101182,10.5825,0,0.286375,0,1,0.027905,5,0.045787,clean
0,0.022392,4.46612,0,0.137024,0,0,0.017702,3,0.044007,clean
19,0.231115,23.5046,0,0.666988,0,0,0.075255,27,0.16107,clean
3,0.050222,12.9005,0,0.400366,0,0,0.063037,3,0.180073,clean
2,0.021928,4.41258,0,0.138856,0,0,0.018583,4,0.046384,clean
0,0.006921,3.15995,0,0.098123,0,0,0.012803,2,0.0309,clean
3,0.009938,11.6831,0,0.308426,0,0,0.028801,3,0.049298,clean
11,0.061121,13.1737,0,0.320958,0,1,0.024189,11,0.034569,buggy
0,0.001222,1.76682,0,0.061715,0,0,0.010097,1,0.033928,clean
1,0.017182,10.2628,0,0.259347,0,0,0.02179,1,0.035301,clean
0,0.02544,8.45639,0,0.237405,0,0,0.025618,1,0.051808,clean
0,0.008195,4.18914,0,0.11457,0,0,0.01231,0,0.030987,clean
0,0.00282,7.72196,0,0.198359,0,0,0.017775,0,0.034375,clean
0,0.012406,10.5804,0,0.2631,0,0,0.021234,0,0.034462,clean
4,0.132699,5.44491,0,0.178602,0,0,0.026003,5,0.074379,clean
1,0.003867,4.87697,0,0.147296,0,0,0.018343,2,0.042282,clean
1,0.000863,3.19695,0,0.09499,0,0,0.011819,1,0.0312,clean
1,0.000249,1.76682,0,0.061715,0,0,0.010097,1,0.033928,clean
1,0.00074,1.77712,0,0.06092,0,0,0.009619,1,0.030953,clean
0,0.000234,1.77712,0,0.06092,0,0,0.009619,1,0.030953,clean
1,0.005587,9.5123,0,0.237287,0,0,0.019312,1,0.031428,clean
5,0.037127,7.96788,0,0.252799,0,0,0.035669,5,0.099588,clean
0,0.001147,1.76682,0,0.061715,0,0,0.010097,1,0.033928,clean
0,0.005539,3.30831,0,0.096281,0,0,0.011635,0,0.031038,clean
0,0.000665,1.56044,0,0.052586,0,0,0.008031,2,0.024708,clean
2,0.031087,1.39536,0,0.065265,0,0,0.016472,4,0.06599,clean
0,0.005856,9.36692,0,0.235736,0,0,0.019793,0,0.034427,clean
1,0.09423,15.5993,0,0.460971,0,0,0.064446,3,0.132967,clean
1,0.002616,5.98276,0,0.159804,0,0,0.015881,1,0.034432,clean
0,0.003397,3.30831,0,0.096281,0,0,0.011635,0,0.031038,clean
14,0.255267,25.5219,0,0.784625,0,0,0.116361,17,0.275399,buggy
0,0.004113,3.96663,0,0.10933,0,0,0.011996,0,0.030977,clean
9,0.032041,18.6755,0,0.472019,0,0,0.038926,9,0.053428,clean
0,0,0,0,0,0,0,0,1,0,clean
0,0.008813,1.56044,0,0.052586,0,0,0.008031,2,0.024708,clean
5,0.015287,10.1348,0,0.271462,0,0,0.026216,5,0.045184,clean
3,0.011621,11.5039,0,0.305795,0,1,0.029238,3,0.051913,clean
2,0.01403,7.21846,0,0.213975,0,0,0.025257,5,0.051013,clean
0,0.001596,1.76682,0,0.061715,0,0,0.010097,0,0.033928,clean
1,0.000219,3.01668,0,0.09829,0,0,0.014198,1,0.040488,clean
13,0.222613,27.4268,0,0.691779,0,1,0.055587,15,0.061541,clean
2,0.017908,9.04795,0,0.251191,0,0,0.025725,3,0.042007,buggy
4,0.011871,12.307,0,0.302588,0,0,0.02344,4,0.03461,clean
1,0.092344,18.7155,0,0.473389,0,0,0.038688,5,0.047615,clean
0,0.006626,8.96317,0,0.226889,0,0,0.019388,0,0.034476,clean
4,0.04321,10.8049,0,0.306018,0,0,0.032627,6,0.054315,clean
1,0.000156,1.77712,0,0.06092,0,0,0.009619,1,0.030953,clean
12,0.127435,14.5398,0,0.402685,0,0,0.040422,19,0.057045,clean
2,0.14763,2.57507,1,0.154779,0,2,0.047388,3,0.145018,clean
0,0.008271,6.61569,0,0.175221,0,0,0.016642,0,0.031518,clean
1,0.006377,4.50329,0,0.126056,0,0,0.013768,1,0.031378,clean
0,0,0,0,0,0,0,0,1,0,clean
0,0.003131,7.72196,0,0.198359,0,0,0.017775,0,0.034375,clean
1,0.003752,7.4204,0,0.193055,0,0,0.017787,1,0.034516,clean
4,0.120521,15.2441,0,0.474406,0,0,0.074136,4,0.191705,clean
6,0.090617,20.0741,0,0.516704,0,0,0.044543,7,0.061821,clean
1,0.027254,12.5339,0,0.32952,0,0,0.03059,1,0.051992,clean
4,0.089486,5.8145,0,0.328955,0,1,0.090302,6,0.256859,clean
3,0.095102,12.6913,0,0.333497,0,0,0.0303,4,0.044621,clean
8,0.204454,28.2413,0,0.790734,0,0,0.09095,14,0.177829,clean
1,0.002715,4.49802,0,0.126917,0,0,0.014239,1,0.034345,clean
1,0.004133,8.04434,0,0.205054,0,0,0.018029,1,0.03437,clean
4,0.030283,12.2832,0,0.330444,0,0,0.033194,5,0.069952,clean
2,0.005741,9.57359,2,0.255362,1,2,0.024261,2,0.040017,buggy
0,0.029397,4.41258,0,0.138856,0,0,0.018583,1,0.046384,clean
6,0.024348,11.9634,0,0.336504,0,3,0.03517,6,0.05497,buggy
5,0.011106,10.912,2,0.276409,1,2,0.02295,6,0.032841,buggy
6,0.034489,9.9241,0,0.248526,0,1,0.020523,6,0.034509,buggy
0,0.007541,4.68802,0,0.13759,0,0,0.016333,0,0.037315,clean
1,0.000249,1.76682,0,0.061715,0,0,0.010097,1,0.033928,clean
0,0.009322,3.22666,0,0.1026,0,0,0.014206,2,0.038552,clean
0,0.002938,3.36633,0,0.107253,0,0,0.014868,1,0.040121,clean
0,0.001164,1.56044,0,0.052586,0,0,0.008031,2,0.024708,clean
0,0.000665,1.56044,0,0.052586,0,0,0.008031,2,0.024708,clean
1,0.00005,1.76682,0,0.061715,0,0,0.010097,1,0.033928,clean
0,0.068983,5.47181,0,0.159603,0,0,0.018793,1,0.043405,clean
1,0.001197,1.76682,0,0.061715,0,0,0.010097,1,0.033928,clean
9,0.162237,17.2944,0,0.431978,0,1,0.034331,9,0.043447,clean
1,0.042745,11.9189,0,0.324421,0,0,0.033346,3,0.07072,clean
0,0.002805,4.75414,0,0.127787,0,0,0.013346,0,0.033962,clean
1,0.013088,6.30121,0,0.168658,0,0,0.016648,1,0.034507,clean
3,0.087866,11.4044,0,0.325439,0,0,0.042591,3,0.109312,buggy
0,0.006817,1.56044,0,0.052586,0,0,0.008031,2,0.024708,clean
0,0,0,0,0,0,0,0,1,0,clean
0,0.053021,4.43166,0,0.125048,0,0,0.014065,0,0.034296,buggy
0,0.000078,1.77712,0,0.06092,0,0,0.009619,0,0.030953,clean
0,0.001663,1.56044,0,0.052586,0,0,0.008031,2,0.024708,clean
5,0.007316,8.3733,0,0.248802,0,0,0.02954,6,0.059708,buggy
0,0.066565,4.41258,0,0.138856,0,0,0.018583,1,0.046384,clean
0,0.024391,4.44773,0,0.139481,0,0,0.018528,3,0.045914,clean
3,0.027617,10.2283,0,0.293581,0,0,0.03237,8,0.058411,clean
8,0.118152,18.3841,0,0.533019,0,1,0.062986,9,0.133062,clean
3,0.033988,14.266,0,0.383392,0,0,0.036382,5,0.052975,clean
0,0.013763,7.10003,0,0.19124,0,0,0.019024,0,0.03735,clean
1,0.004465,1.76682,0,0.061715,0,0,0.010097,1,0.033928,clean
9,0.464042,10.3631,1,4.37129,0,1,0.162985,11,0.404081,buggy
2,0.026521,4.57971,0,0.139678,0,1,0.017899,2,0.044721,clean
0,0.003832,6.41569,0,0.169334,0,0,0.016324,0,0.034357,clean
0,0.002693,6.42599,0,0.168539,0,0,0.015846,0,0.031381,clean
2,0.021203,4.79899,0,0.145418,0,0,0.018085,2,0.040495,buggy
1,0.002384,1.38451,0,0.049262,0,0,0.008337,2,0.029068,clean
1,0.001248,4.19546,0,0.119524,0,0,0.013524,2,0.031517,buggy
0,0.004365,3.15241,0,0.103077,0,0,0.01496,1,0.042799,clean
2,0.009918,11.1153,0,0.28513,0,0,0.024875,2,0.041132,clean
0,0.005,3.05459,0,0.103073,0,0,0.015822,1,0.048942,clean
1,0.003295,6.09363,0,0.185614,0,0,0.023235,1,0.051836,clean
5,0.055484,25.7875,0,0.665477,0,1,0.057341,8,0.075384,clean
0,0.001422,2.99178,0,0.099413,0,0,0.014797,1,0.043815,clean
1,0.054939,7.17242,0,0.228232,0,0,0.033926,2,0.104807,buggy
31,0.373898,33.6659,4,0.958309,5,6,0.115257,32,0.222775,buggy
3,0.064898,5.63729,0,0.176667,0,0,0.023386,5,0.056957,clean
5,0.158569,19.8036,0,0.514681,0,0,0.046258,8,0.075247,clean
5,0.133105,19.1818,0,0.495106,0,0,0.042918,6,0.059104,clean
7,0.021781,19.1282,0,0.511397,0,0,0.048309,7,0.072878,clean
0,0,0,0,0,0,0,0,1,0,clean
1,0.005398,8.05292,0,0.234844,0,0,0.027348,2,0.059362,clean
7,0.063238,19.8138,1,0.524193,2,3,0.049639,8,0.088857,buggy
1,0.009932,9.53614,0,0.25412,0,0,0.024092,1,0.039735,clean
1,0.003764,2.97312,0,0.09279,0,0,0.012583,1,0.034972,clean
4,0.116715,16.1061,0,0.410909,0,1,0.034471,4,0.044892,clean
0,0.031897,6.90917,0,0.1993,0,0,0.022258,0,0.041551,clean
11,0.191977,22.9998,1,0.660711,0,3,0.084445,14,0.220466,buggy
1,0.005865,10.1983,0,0.253344,0,0,0.020263,1,0.031468,clean
3,0.008712,4.51037,0,0.14367,0,0,0.019751,3,0.051645,clean
2,0.035008,11.1043,0,0.301086,0,0,0.029415,2,0.046867,buggy
0,0.015448,4.41258,0,0.138856,0,0,0.018583,1,0.046384,clean
2,0.012715,9.1192,0,0.267765,0,0,0.030928,3,0.058961,clean
5,0.012768,14.0791,0,0.38395,0,0,0.038439,5,0.067598,clean
1,0,0,0,0,0,0,0,1,0,clean
0,0.00327,7.6651,0,0.196109,0,0,0.01723,0,0.031399,clean
0,0.002242,5.63928,0,0.14874,0,0,0.014638,0,0.034052,clean
1,0.004246,6.41569,0,0.169334,0,0,0.016324,1,0.034357,clean
5,0.08079,13.1365,0,0.367256,0,0,0.037749,15,0.05623,clean
1,0.001965,3.01668,0,0.09829,0,0,0.014198,2,0.040488,clean
5,0.033566,9.92215,1,4.18617,0,1,0.085452,7,0.181692,buggy
3,0.007177,11.828,0,0.314543,0,0,0.029894,4,0.051466,clean
7,0.022804,15.769,0,0.398003,0,0,0.032685,7,0.044093,clean
0,0.003269,7.46676,0,0.191806,0,0,0.017037,0,0.031409,buggy
1,0.021051,3.03875,0,0.102722,0,1,0.015791,2,0.04901,clean
0,0.0002,1.76682,0,0.061715,0,0,0.010097,1,0.033928,buggy
1,0.005304,8.39741,0,0.217436,0,0,0.019627,1,0.035407,buggy
1,0.014132,5.5393,0,0.168267,0,0,0.021894,3,0.059604,buggy
2,0.044194,5.55124,0,0.181891,0,1,0.026319,3,0.074596,clean
0,0.06798,5.02919,0,0.157739,0,0,0.02102,2,0.052183,clean
0,0,0,0,0,0,0,0,1,0,clean
8,0.149945,21.8778,1,0.595141,0,2,0.05821,8,0.089612,buggy
0,0,0,0,0,0,0,0,1,0,clean
1,0.003499,7.47927,0,0.194515,0,0,0.017889,1,0.034528,clean
2,0.014303,9.20458,0,0.246125,0,0,0.023861,3,0.044043,clean
0,0.000665,1.56044,0,0.052586,0,0,0.008031,2,0.024708,clean
0,0.003824,8.04434,0,0.205054,0,0,0.018029,0,0.03437,clean
1,0.000249,1.76682,0,0.061715,0,0,0.010097,1,0.033928,clean
0,0.015957,5.24229,0,0.152022,0,0,0.017987,1,0.044469,clean
1,0.003171,7.47927,0,0.194515,0,0,0.017889,1,0.034528,buggy
4,0.186016,11.0132,0,0.319893,0,0,0.036295,5,0.069738,buggy
2,0.020084,3.04262,0,0.084262,0,0,0.008247,3,0.008702,clean
2,0.036905,8.36237,0,0.226477,0,0,0.022322,3,0.039675,clean
1,0.015405,8.51102,0,0.225648,0,0,0.021628,2,0.040143,clean
4,0.056221,14.7948,0,0.378897,0,0,0.032213,4,0.044033,clean
0,0.00661,3.36633,0,0.107253,0,0,0.014868,1,0.040121,clean
1,0.018213,4.50833,0,0.126122,0,0,0.013761,1,0.03137,clean
0,0.004159,7.72196,0,0.198359,0,0,0.017775,0,0.034375,clean
2,0.038001,4.8424,0,0.159886,0,0,0.023593,4,0.068913,clean
1,0.007181,3.98647,0,0.114134,0,0,0.013313,1,0.034176,clean
3,0.017487,11.8519,0,0.315309,0,0,0.029175,3,0.041388,clean
3,0.03743,14.5908,0,0.376646,0,0,0.032922,5,0.047981,clean
0,0.022222,4.41258,0,0.138856,0,0,0.018583,1,0.046384,clean
10,0.252955,17.9368,0,0.528067,0,2,0.06219,10,0.131198,clean
9,0.036948,10.5919,0,0.29603,0,0,0.030669,11,0.049302,clean
12,0.193112,31.5637,1,0.794498,0,1,0.064169,16,0.079218,clean
27,0.095906,35.8788,0,4.99501,0,1,0.199176,42,0.400336,buggy
1,0.025583,12.0816,0,0.313029,0,0,0.027765,2,0.043137,clean
0,0.01162,3.71677,0,0.117977,0,0,0.016098,0,0.041707,clean
0,0.000499,1.56044,0,0.052586,0,0,0.008031,2,0.024708,clean
0,0,0,0,0,0,0,0,1,0,clean
5,0.105731,17.2562,0,0.489061,0,0,0.055156,9,0.120031,clean
0,0.005067,7.26436,0,0.19472,0,0,0.019169,0,0.037348,clean
0,0.011072,2.84822,0,0.093944,0,0,0.013756,3,0.039721,clean
0,0.003185,6.41569,0,0.169334,0,0,0.016324,0,0.034357,clean
1,0.009729,2.23703,0,0.087183,0,0,0.017252,2,0.066867,clean
2,0.004275,4.80854,0,0.144244,0,0,0.017736,2,0.040324,clean
0,0.019249,5.68119,0,0.147519,0,0,0.013921,0,0.031003,clean
3,0.030971,6.83452,0,0.227843,0,0,0.03441,5,0.103915,buggy
1,0.051336,11.1725,0,0.310246,0,0,0.032988,2,0.068309,buggy
1,0.014315,6.02605,0,0.176257,0,0,0.020352,2,0.040699,buggy
3,0.004933,7.696,0,0.219763,0,0,0.024111,3,0.044677,clean
1,0.001097,3.19695,0,0.09499,0,0,0.011819,1,0.0312,clean
3,0.12801,14.3413,0,0.383659,0,0,0.036134,4,0.053654,clean
3,0.049227,5.6766,0,0.151782,0,0,0.015216,3,0.034241,clean
3,0.056695,5.05091,0,0.247483,0,0,0.06477,4,0.207366,buggy
0,0.004965,2.67051,0,0.096349,0,0,0.016802,1,0.059399,clean
0,0.010861,7.81509,0,0.198115,0,0,0.017291,0,0.034116,clean
5,0.122363,10.9776,0,4.29487,0,1,0.120766,12,0.261606,clean
0,0.005309,6.41569,0,0.169334,0,0,0.016324,0,0.034357,clean
8,0.075869,10.2464,0,0.289839,0,0,0.030943,9,0.053163,clean
4,0.020257,16.2007,0,0.411045,0,0,0.03375,4,0.041182,clean
3,0.00611,3.82071,0,0.112153,0,0,0.013405,4,0.031977,clean
2,0.055891,11.1198,0,0.301819,0,0,0.029592,3,0.047824,buggy
1,0.01246,4.36826,1,0.159775,0,1,0.028557,2,0.10271,clean
6,0.042147,21.2841,0,0.550266,0,1,0.047415,6,0.059469,clean
2,0.015312,12.0347,0,0.310315,0,0,0.027349,4,0.04325,clean
5,0.054705,9.64953,0,0.280825,0,0,0.031867,7,0.059641,clean
0,0.000078,1.77712,0,0.06092,0,0,0.009619,1,0.030953,clean
0,0,0,0,0,0,0,0,0,0,clean
0,0.005587,7.72196,0,0.198359,0,0,0.017775,0,0.034375,clean
2,0.133329,5.15869,0,0.147555,0,0,0.016621,4,0.036011,buggy
6,0.013492,13.06,0,0.346922,1,1,0.03257,6,0.051767,clean
7,0.048264,11.2702,0,0.315381,0,0,0.032511,7,0.049251,clean
2,0.027569,6.05686,0,0.179677,0,0,0.021464,4,0.04571,clean
3,0.012874,11.5519,0,0.295297,0,0,0.025738,3,0.044411,clean
1,0.003962,2.90397,0,0.089543,0,0,0.012007,2,0.034256,clean
3,0.062943,10.2582,0,0.288809,0,0,0.030457,6,0.050685,clean
1,0.01693,5.38823,0,0.159697,0,0,0.019149,3,0.042116,clean
2,0.014362,7.21846,0,0.213975,0,0,0.025257,5,0.051013,clean
16,0.345489,27.4277,0,0.741349,0,1,0.076166,20,0.151917,clean
0,0.008692,5.4727,0,0.142564,0,0,0.013618,0,0.030993,clean
6,0.076003,12.7295,0,0.346092,0,1,0.03417,8,0.057858,clean
0,0.000698,1.76682,0,0.061715,0,0,0.010097,1,0.033928,clean
1,0.002543,4.7997,0,0.146801,0,0,0.018692,1,0.043853,clean
0,0.031059,6.26191,0,0.184027,0,0,0.021583,0,0.045054,clean
1,0.001192,1.38451,0,0.049262,0,1,0.008337,2,0.029068,clean
2,0.145847,6.35106,0,0.198321,0,0,0.02603,4,0.062258,clean
9,0.212011,15.7896,0,0.439259,0,0,0.044523,23,0.063604,clean
0,0.002362,4.64887,0,0.107619,0,0,0.006227,0,0.000428,clean
2,0.016984,7.70698,0,0.210719,0,0,0.021298,3,0.039555,clean
3,0.006365,8.04434,0,0.205054,0,0,0.018029,3,0.03437,clean
1,0.002547,3.18664,0,0.095785,0,0,0.012297,1,0.034176,clean
2,0.004608,2.15793,0,0.085143,0,0,0.017156,3,0.067305,clean
6,0.079729,21.0274,0,0.564533,0,0,0.055702,7,0.102155,clean
0,0,0,0,0,0,0,0,1,0,clean
2,0.066065,5.52957,0,0.144814,1,1,0.014162,2,0.033969,clean
2,0.012817,9.08573,0,0.264973,0,0,0.033375,3,0.092455,clean
0,0.003076,3.32521,0,0.102206,0,0,0.013261,1,0.033396,clean
2,0.071993,17.7108,0,0.44627,0,0,0.036368,4,0.04718,clean
8,0.051439,17.5143,0,0.472641,0,0,0.04605,8,0.076121,clean
0,0.00279,6.41569,0,0.169334,0,0,0.016324,0,0.034357,clean
1,0.000349,1.76682,0,0.061715,0,0,0.010097,1,0.033928,clean
7,0.107786,15.7896,0,0.439259,0,0,0.044523,16,0.063604,clean
9,0.162925,16.1068,0,0.460277,0,0,0.050492,18,0.091535,clean
1,0.000506,1.77712,0,0.06092,0,0,0.009619,1,0.030953,clean
5,0.087589,13.7684,0,0.361643,0,0,0.032547,5,0.045625,buggy
5,0.180108,12.3564,0,0.346518,0,0,0.035935,13,0.05506,clean
15,0.185114,20.29,0,0.544254,0,0,0.051189,20,0.071305,buggy
7,0.070493,12.6552,0,0.381441,0,0,0.049461,7,0.118216,clean
0,0.00663,3.36633,0,0.107253,0,0,0.014868,1,0.040121,clean
3,0.014734,7.08978,0,0.207289,0,0,0.024551,4,0.056909,clean
15,0.28815,36.1864,0,0.926008,0,1,0.078151,19,0.101493,clean
12,0.064252,21.4581,0,0.581607,0,0,0.063742,13,0.133499,buggy
2,0.013035,10.8383,0,0.283314,0,1,0.025598,2,0.03976,clean
0,0.003711,6.41569,0,0.169334,0,0,0.016324,0,0.034357,clean
2,0.092507,5.42567,0,0.163456,0,0,0.021171,2,0.059836,clean
1,0.034364,6.90708,0,0.200311,0,0,0.022758,1,0.044585,clean
7,0.06572,19.4171,0,0.500895,0,0,0.043404,7,0.059724,buggy
0,0.003397,3.30831,0,0.096281,0,0,0.011635,0,0.031038,clean
1,0.008934,9.30009,0,0.235653,0,0,0.02007,1,0.034582,clean
1,0.002287,3.19189,0,0.097192,0,0,0.012663,1,0.03454,clean
1,0.014265,13.9202,0,0.353593,0,0,0.029724,2,0.043077,clean
0,0.00507,7.62199,0,0.200409,0,0,0.018811,1,0.035401,clean
6,0.080818,15.7601,0,0.420319,0,0,0.041963,6,0.088106,clean
1,0.012715,14.4321,0,0.364765,0,0,0.029916,1,0.039515,clean
0,0.004601,3.05459,0,0.103073,0,0,0.015822,1,0.048942,clean
0,0.013772,4.22329,0,0.11579,0,0,0.012712,0,0.033951,clean
10,0.261921,21.3635,1,0.574178,1,2,0.058696,12,0.12329,buggy
3,0.033219,11.6615,0,0.318039,0,0,0.031323,4,0.048696,clean
4,0.147133,7.03016,0,0.266561,0,0,0.05103,6,0.185238,clean
13,0.465812,12.9364,0,0.367558,0,0,0.040144,17,0.076078,buggy
0,0.019203,8.98492,0,0.249354,0,0,0.025786,2,0.045159,clean
3,0.020726,13.1509,0,0.342488,0,0,0.030239,3,0.041558,clean
1,0.005899,2.53244,0,0.14333,0,0,0.042109,3,0.118851,clean
1,0.007102,3.05459,0,0.103073,0,0,0.015822,2,0.048942,clean
0,0.006435,3.36633,0,0.107253,0,0,0.014868,1,0.040121,clean
2,0.005479,6.12275,0,0.179163,0,0,0.020705,2,0.04143,clean
1,0.058272,5.02919,0,0.157739,0,0,0.02102,3,0.052183,clean
1,0.016234,5.88694,1,0.16399,0,1,0.017282,2,0.033463,clean
0,0,0,0,0,0,0,0,0,0,clean
0,0.000848,1.76682,0,0.061715,0,0,0.010097,1,0.033928,clean
15,0.491876,31.2057,0,0.842852,0,2,0.084841,22,0.153551,clean
1,0.004761,2.98374,0,0.110513,0,0,0.02022,2,0.073642,clean
0,0.003188,6.42599,0,0.168539,0,0,0.015846,0,0.031381,clean
10,0.075287,18.222,0,0.472256,0,0,0.041053,11,0.053648,clean
1,0.055086,5.95086,0,4.05042,0,0,0.061121,5,0.091954,clean
1,0,0,0,0,0,0,0,1,0,clean
2,0.002466,5.98276,0,0.159804,0,0,0.015881,2,0.034432,clean
5,0.022324,14.6314,0,0.388401,0,0,0.036613,5,0.061266,clean
8,0.188985,23.6105,0,0.619785,0,0,0.05927,10,0.114436,buggy
1,0.005187,1.42715,0,0.060711,0,0,0.013616,2,0.055234,buggy
2,0.00243,3.70646,0,0.118772,0,0,0.016576,2,0.044683,clean
0,0.000673,1.76682,0,0.061715,0,0,0.010097,1,0.033928,clean
4,0.23486,17.1691,0,0.48637,0,0,0.051395,16,0.07927,clean
3,0.030958,12.0774,0,0.329447,0,0,0.032812,3,0.05503,clean
2,0.003447,7.22187,0,0.187374,0,0,0.017266,2,0.034449,clean
1,0.001833,2.80367,0,0.08713,0,0,0.011851,1,0.03424,clean
10,0.127542,17.039,1,0.436048,3,1,0.036688,10,0.045397,buggy
0,0.007039,6.41569,0,0.169334,0,0,0.016324,0,0.034357,clean
1,0.014835,8.1934,0,0.209779,0,1,0.018641,1,0.03526,clean
2,0.019593,6.19566,0,0.165168,0,0,0.016003,2,0.031474,clean
1,0.002038,3.19189,0,0.097192,0,0,0.012663,1,0.03454,clean
2,0.002332,1.27443,0,0.030363,0,0,0.001916,2,0.000182,clean
0,0.020286,1.56044,0,0.052586,0,0,0.008031,2,0.024708,clean
1,0.005385,7.7645,0,0.199447,0,0,0.017872,1,0.034457,clean
3,0.026911,17.1566,0,0.434798,0,0,0.035963,4,0.047279,clean
4,0.045229,8.67717,0,0.231637,1,1,0.022577,4,0.042604,clean
0,0.000175,1.76682,0,0.061715,0,0,0.010097,2,0.033928,clean
0,0.000665,1.56044,0,0.052586,0,0,0.008031,2,0.024708,clean
11,0.162209,21.0216,1,0.604907,0,4,0.072207,11,0.1722,buggy
1,0.007966,4.31805,0,0.191213,0,0,0.046542,1,0.124527,buggy
0,0.002773,5.61911,0,0.131568,0,0,0.007916,0,0.000771,clean
1,0.034433,5.02919,0,0.157739,0,0,0.02102,2,0.052183,clean
0,0.008811,6.79305,0,0.185277,0,0,0.019172,0,0.040487,clean
0,0.00346,7.95718,0,0.203899,0,0,0.017862,0,0.031467,clean
0,0.002705,7.05038,0,0.184482,0,0,0.017286,0,0.034452,clean
0,0.000857,1.77712,0,0.06092,0,0,0.009619,0,0.030953,clean
1,0.006809,4.83647,0,0.147342,1,0,0.018499,1,0.041769,clean
9,0.052834,17.3119,0,0.442344,0,1,0.037205,9,0.047384,clean
0,0.01252,5.82803,0,0.203738,0,0,0.033997,1,0.111609,clean
0,0.021645,6.94415,0,0.176464,0,0,0.01553,0,0.031057,clean
1,0.022347,3.71677,0,0.117977,0,0,0.016098,2,0.041707,clean
6,0.153476,14.0182,0,0.396183,0,0,0.043119,7,0.085141,clean
0,0.005368,6.01575,0,0.167057,0,0,0.0178,0,0.037333,clean
16,0.208845,27.2665,0,4.65711,0,0,0.133149,19,0.198858,buggy
0,0.019552,2.84822,0,0.093944,0,0,0.013756,3,0.039721,clean
3,0.009209,12.0117,0,0.326155,0,0,0.031975,5,0.051569,clean
1,0.000662,1.77712,0,0.06092,0,0,0.009619,1,0.030953,clean
3,0.031643,17.2759,0,0.439795,0,0,0.036466,3,0.044711,clean
0,0.042076,5.45209,0,0.143516,0,0,0.013919,0,0.031042,clean
2,0.097936,3.17095,0,0.098286,0,0,0.013117,2,0.035415,buggy
12,0.354262,17.9211,0,0.516434,0,0,0.058559,19,0.115377,clean
4,0.061208,10.3419,0,0.282827,0,0,0.027881,4,0.042255,clean
1,0.004446,7.72196,0,0.198359,0,0,0.017775,1,0.034375,clean
0,0,0,0,0,0,0,0,1,0,clean
2,0.001532,3.54759,0,0.10365,0,0,0.012429,2,0.031313,buggy
0,0.002586,6.41569,0,0.169334,0,0,0.016324,0,0.034357,clean
0,0.10999,4.41258,0,0.138856,0,0,0.018583,1,0.046384,clean
0,0,0,0,0,0,0,0,1,0,clean
2,0.008043,4.53091,0,0.134411,0,0,0.016345,2,0.038939,clean
6,0.041973,14.5398,0,0.402685,0,0,0.040422,13,0.057045,clean
11,0.090499,23.0656,0,0.603103,0,1,0.053994,13,0.07708,clean
0,0.001749,3.17013,0,0.097144,0,0,0.01277,0,0.034743,buggy
12,0.089864,25.6709,0,0.667679,2,1,0.059405,12,0.089296,clean
1,0.001318,3.0616,0,0.094197,0,0,0.012325,2,0.032188,clean
6,0.009855,7.94205,0,0.277405,0,0,0.045769,13,0.152188,clean
0,0.003393,4.57426,0,0.133715,0,0,0.01579,0,0.03623,clean
1,0.000624,1.76682,0,0.061715,0,0,0.010097,1,0.033928,clean
0,0.002954,5.33086,0,0.146586,0,0,0.015446,0,0.034438,clean
3,0.002763,9.16954,0,0.250493,0,0,0.025501,3,0.049098,clean
0,0.012891,3.15241,0,0.103077,0,0,0.01496,3,0.042799,clean
0,0.026894,5.36088,0,0.153661,0,0,0.017609,1,0.041052,clean
1,0.002137,4.88727,0,0.146501,0,0,0.017865,2,0.039307,clean
3,0.038139,8.00679,1,0.225817,0,1,0.025313,5,0.060089,buggy
1,0.004398,6.42599,0,0.168539,0,1,0.015846,1,0.031381,clean
3,0.033736,16.617,0,0.450625,0,0,0.043698,6,0.065873,clean
8,0.175564,13.0943,0,0.400439,1,0,0.055147,8,0.12469,buggy
15,0.318076,17.978,1,0.682371,1,3,0.130902,18,0.312836,buggy
22,0.223226,42.0495,0,1.10863,1,2,0.101742,30,0.153951,buggy
36,0.782287,30.4541,0,4.84923,0,2,0.18529,50,0.374889,clean
2,0.008566,8.74592,0,0.225924,0,0,0.020135,3,0.035025,clean
1,0.050123,6.4348,0,0.232775,0,0,0.042068,1,0.142203,clean
8,0.169755,14.2492,0,0.449008,0,0,0.063954,10,0.183001,buggy
0,0.007863,11.7532,0,0.292636,0,0,0.023408,0,0.034871,clean
4,0.058523,10.571,0,0.307588,0,0,0.035158,4,0.070237,clean
7,0.210853,21.8404,0,0.563558,0,0,0.048778,8,0.068871,buggy
3,0.01223,13.3046,0,0.346805,0,0,0.030985,3,0.045982,clean
1,0.003861,5.99307,0,0.159009,0,0,0.015403,1,0.031456,clean
1,0.024161,6.05686,0,0.179677,0,0,0.021464,3,0.04571,clean
0,0.00133,1.56044,0,0.052586,0,0,0.008031,2,0.024708,clean
14,0.271202,26.5914,0,0.705493,0,1,0.069345,18,0.130538,clean
0,0.000156,1.77712,0,0.06092,0,0,0.009619,0,0.030953,clean
10,0.274109,23.6268,1,0.665848,0,2,0.076075,11,0.164834,clean
0,0.005954,4.68802,0,0.13759,0,0,0.016333,0,0.037315,clean
0,0.003116,1.77712,0,0.06092,0,0,0.009619,0,0.030953,clean
1,0.001878,5.89435,0,0.169543,0,0,0.019111,3,0.039035,clean
0,0.000831,1.56044,0,0.052586,0,0,0.008031,2,0.024708,clean
0,0.003741,3.17095,0,0.098286,0,0,0.013117,0,0.035415,clean
7,0.026885,12.4057,0,0.350401,0,0,0.038188,19,0.076616,buggy
1,0.078337,5.51129,0,0.153718,0,0,0.016496,1,0.035146,clean
1,0.00715,1.56044,0,0.052586,0,0,0.008031,2,0.024708,clean
3,0.01341,8.51529,0,0.240457,0,0,0.02527,5,0.039327,clean
0,0.005187,4.75414,0,0.127787,0,0,0.013346,0,0.033962,clean
0,0.009821,5.35698,0,0.144873,0,0,0.014885,0,0.03415,clean
0,0.002532,3.18664,0,0.095785,0,0,0.012297,0,0.034176,clean
7,0.051409,20.3477,0,0.515244,0,0,0.042056,8,0.049813,buggy
0,0.002465,3.18664,0,0.095785,0,0,0.012297,0,0.034176,clean
2,0.004542,8.69863,0,0.231362,0,0,0.022461,2,0.044427,clean
4,0.058001,12.6078,0,0.348779,0,0,0.035403,5,0.056454,clean
2,0.006019,7.47927,0,0.194515,0,0,0.017889,2,0.034528,clean
0,0.00187,5.36933,0,0.147436,0,0,0.015487,0,0.034436,clean
1,0.005459,6.21176,0,0.189499,0,0,0.023841,3,0.053616,clean
4,0.095371,17.5178,0,0.421899,0,0,0.03005,4,0.034828,clean
0,0.019143,6.15544,0,0.177006,0,0,0.019986,2,0.04145,clean
1,0,0,0,0,0,0,0,1,0,clean
0,0.002543,6.41569,0,0.169334,0,0,0.016324,0,0.034357,clean
0,0,0,0,0,0,0,0,1,0,clean
1,0.00207,1.76682,0,0.061715,0,0,0.010097,1,0.033928,clean
15,0.205914,27.2338,1,0.724685,0,3,0.070158,18,0.124462,clean
3,0.066654,16.6715,0,0.460028,0,0,0.050771,3,0.113029,clean
1,0.001023,1.76682,0,0.061715,0,0,0.010097,1,0.033928,clean
3,0.048193,6.45747,0,0.204077,0,1,0.028269,3,0.078402,clean
0,0.000117,1.77712,0,0.06092,0,0,0.009619,0,0.030953,clean
3,0.04909,7.22788,0,0.298961,0,2,0.065606,4,0.138708,buggy
1,0.004494,7.47927,0,0.194515,0,0,0.017889,1,0.034528,clean
6,0.057181,18.2028,0,0.469285,0,0,0.041528,7,0.068509,clean
1,0.000117,1.77712,0,0.06092,0,1,0.009619,1,0.030953,clean
3,0.019468,6.20292,0,0.18202,0,0,0.021255,3,0.043827,clean
3,0.046118,13.5092,0,0.362505,0,0,0.039444,3,0.100537,clean
1,0.007935,7.63517,0,0.208079,0,0,0.021174,2,0.042246,clean
1,0.005064,4.72501,0,0.141992,0,0,0.017424,1,0.038895,clean
2,0.042388,11.2502,0,0.312778,0,0,0.037039,2,0.100516,clean
6,0.043657,6.94439,0,0.203728,0,0,0.023638,7,0.046788,clean
2,0.005432,3.12618,0,0.098696,0,0,0.013541,2,0.036832,clean
2,0.020346,8.81525,0,0.235264,0,0,0.022926,3,0.044937,clean
1,0.003562,7.23217,0,0.186578,0,0,0.016788,1,0.031474,clean
4,0.243135,15.8933,0,0.421662,0,0,0.039991,7,0.070749,buggy
2,0.027253,2.9034,0,0.11519,0,1,0.023451,4,0.091562,buggy
0,0.026566,11.7472,0,0.304492,0,0,0.027161,2,0.043268,clean
4,0.014336,4.69981,0,0.140719,0,0,0.017266,5,0.039439,clean
0,0.001115,3.19311,0,0.093871,0,0,0.011545,0,0.031054,clean
1,0.013726,9.5467,0,0.251988,0,0,0.023778,2,0.04265,clean
10,0.140377,21.4383,0,0.574608,0,0,0.056507,13,0.104791,clean
0,0.001571,1.76682,0,0.061715,0,0,0.010097,1,0.033928,clean
0,0.002571,2.99178,0,0.099413,0,0,0.014797,1,0.043815,clean
0,0.003086,6.42599,0,0.168539,0,0,0.015846,0,0.031381,clean
2,0.030456,4.4013,0,0.134278,0,0,0.017475,2,0.047038,clean
0,0.001164,1.56044,0,0.052586,0,0,0.008031,2,0.024708,clean
0,0.005702,9.02416,0,0.227553,0,0,0.01928,1,0.0344,clean
2,0.01055,8.22594,0,0.228725,0,0,0.023858,2,0.043458,buggy
1,0.024198,4.41258,0,0.138856,0,0,0.018583,2,0.046384,clean
0,0.029437,3.8069,0,0.12122,0,0,0.016629,1,0.043368,clean
1,0.011664,3.17625,0,0.094381,0,0,0.011756,1,0.031175,clean
1,0.007449,10.1306,0,0.274225,0,0,0.027863,3,0.059212,clean
1,0.022974,8.47144,0,0.231447,0,0,0.023305,1,0.041703,clean
0,0,0,0,0,0,0,0,0,0,clean
4,0.018776,13.5775,0,0.35167,0,0,0.031161,4,0.048347,buggy
6,0.026915,18.2442,0,0.474248,0,0,0.042069,7,0.061239,buggy
0,0,0,0,0,0,0,0,1,0,clean
1,0.000648,1.76682,0,0.061715,0,0,0.010097,1,0.033928,buggy
0,0.006423,4.18914,0,0.11457,0,0,0.01231,0,0.030987,clean
1,0.006332,7.6507,0,0.206349,0,0,0.020649,1,0.041955,clean
2,0.208582,13.8243,0,0.347748,0,0,0.028479,2,0.04099,buggy
0,0.010231,9.95198,0,0.248675,0,0,0.020429,0,0.034434,clean
23,0.532839,38.2013,1,1.01253,2,1,0.094705,24,0.152349,buggy
5,0.026935,10.6277,0,0.281968,1,2,0.026609,5,0.043977,clean
0,0.017784,3.1028,0,0.102465,0,0,0.015133,1,0.044337,clean
3,0.015588,9.66991,0,0.262385,0,0,0.025675,4,0.041234,clean
1,0.001486,3.19695,0,0.09499,0,0,0.011819,1,0.0312,clean
7,0.10781,18.4852,0,0.49561,0,0,0.047804,7,0.081712,clean
2,0.07253,7.36317,0,4.11741,0,0,0.079909,7,0.151176,clean
0,0.01152,4.50348,0,0.135081,0,0,0.016779,1,0.040448,clean
0,0.025959,8.07975,0,0.236319,0,0,0.030189,1,0.086704,clean
2,0.045445,4.23308,0,0.138302,1,0,0.020298,3,0.059904,buggy
4,0.013274,14.001,0,0.370064,0,1,0.034024,5,0.04968,clean
0,0.005741,7.87093,0,0.221422,0,0,0.023726,1,0.044889,clean
0,0.003193,6.41569,0,0.169334,0,0,0.016324,0,0.034357,clean
0,0.000857,1.77712,0,0.06092,0,0,0.009619,1,0.030953,buggy
0,0.049381,3.71865,0,0.110538,0,0,0.013499,1,0.032397,clean
0,0.005985,9.31549,0,0.239474,0,0,0.021005,0,0.035268,clean
0,0.003981,6.41569,0,0.169334,0,0,0.016324,0,0.034357,clean
1,0.012856,5.84321,0,0.157322,0,0,0.015621,1,0.031525,clean
1,0.008508,10.7189,0,0.285475,0,0,0.027007,2,0.044091,clean
0,0.000399,1.76682,0,0.061715,0,0,0.010097,1,0.033928,clean
4,0.036348,14.6883,0,0.378963,0,0,0.033609,7,0.057299,clean
1,0.005307,2.71813,0,0.097266,0,0,0.016651,2,0.058544,clean
1,0.012584,10.3221,0,0.269015,0,0,0.024595,1,0.042657,clean
2,0.041109,8.97676,0,0.285053,0,0,0.04038,3,0.114071,buggy
0,0.013729,5.72876,0,0.149601,0,0,0.014226,0,0.031076,clean
11,0.291638,15.4536,0,0.439562,0,1,0.048911,18,0.097813,buggy
5,0.009451,10.0245,0,0.268815,0,1,0.026166,5,0.047357,clean
3,0.016933,4.69981,0,0.140719,0,0,0.017266,3,0.039439,clean
0,0.003005,4.87416,0,0.130918,0,0,0.013344,0,0.03107,clean
9,0.27717,20.6318,0,0.616172,0,0,0.083824,9,0.205717,clean
1,0.05717,5.02919,0,0.157739,0,0,0.02102,4,0.052183,clean
4,0.127028,17.0132,0,0.560387,0,0,0.090611,7,0.227326,clean
2,0.044551,15.677,0,0.421727,0,0,0.040685,8,0.06509,clean
0,0.000665,1.56044,0,0.052586,0,0,0.008031,2,0.024708,clean
1,0.000117,1.77712,0,0.06092,0,1,0.009619,1,0.030953,clean
4,0.072874,21.903,0,0.561237,0,0,0.046882,10,0.053183,clean
4,0.067882,3.81443,0,4.09013,0,1,0.098978,8,0.214649,clean
3,0.026681,10.7641,0,0.286389,0,0,0.027136,3,0.044929,clean
3,0.017058,4.41939,0,0.197615,0,0,0.047994,3,0.128048,clean
0,0.004604,4.68802,0,0.13759,0,0,0.016333,0,0.037315,clean
2,0.098615,6.39356,0,0.221531,0,0,0.036353,4,0.117278,clean
0,0.004988,1.56044,0,0.052586,0,0,0.008031,2,0.024708,clean
0,0.025137,7.20141,0,0.197819,0,0,0.020533,2,0.04215,clean
0,0.003189,6.41569,0,0.169334,0,0,0.016324,0,0.034357,clean
3,0.083929,18.6835,0,0.497542,0,0,0.050074,4,0.104534,clean
3,0.081698,10.4273,0,0.318859,0,0,0.040803,5,0.097464,clean
1,0.001136,3.19695,0,0.09499,0,0,0.011819,1,0.0312,clean
0,0.00239,3.18664,0,0.095785,0,0,0.012297,0,0.034176,clean
1,0.04032,10.2902,0,0.28873,0,0,0.031539,3,0.068147,clean
3,0.021319,11.5044,0,0.312227,0,0,0.030375,5,0.046371,clean
2,0.032409,3.28852,0,0.104707,0,0,0.014515,2,0.039303,clean
2,0.038033,14.8927,0,0.384781,0,0,0.033455,3,0.046565,clean
0,0.00718,4.5126,0,0.130509,0,0,0.015209,1,0.035721,buggy
8,0.153059,9.50502,0,0.271362,0,0,0.029503,9,0.051703,clean
5,0.15206,21.0564,0,0.5292,0,1,0.041927,5,0.0449,buggy
0,0.000274,1.76682,0,0.061715,0,0,0.010097,1,0.033928,clean
0,0.018105,2.84822,0,0.093944,0,0,0.013756,3,0.039721,clean
5,0.12552,14.328,0,0.426771,0,0,0.053621,8,0.131196,buggy
0,0.006675,10.2185,0,0.255261,0,0,0.020891,0,0.034491,clean
1,0.116567,6.91542,0,0.190289,0,0,0.019516,3,0.036632,buggy
6,0.064607,17.3959,0,0.550306,0,0,0.083847,7,0.14765,buggy
5,0.02255,8.42705,0,0.226056,0,1,0.022293,6,0.042673,clean
15,0.393324,13.0688,0,0.593991,0,3,0.13859,27,0.403804,buggy
1,0.017489,9.75182,0,0.278914,0,0,0.030393,7,0.052276,clean
2,0.035857,5.74149,0,0.173855,0,0,0.021697,4,0.049748,clean
1,0,0,0,0,0,0,0,1,0,clean
1,0.013291,9.74272,0,0.242331,0,1,0.019552,1,0.031431,clean
2,0.050873,2.06344,0,0.10439,0,0,0.028653,3,0.103181,buggy
33,0.215509,34.5185,2,0.948907,1,5,0.102973,35,0.226757,buggy
0,0.004121,3.19695,0,0.09499,0,0,0.011819,0,0.0312,buggy
1,0.052919,5.02919,0,0.157739,0,0,0.02102,2,0.052183,clean
2,0.08822,12.1216,0,0.36444,0,0,0.054851,3,0.121258,clean
2,0.018088,7.48725,0,0.221986,0,0,0.026344,5,0.054293,clean
0,0.007945,1.77712,0,0.06092,0,0,0.009619,0,0.030953,clean
1,0.011007,7.38898,0,0.219524,0,0,0.027273,5,0.069715,clean
0,0.003426,7.6651,0,0.196109,0,0,0.01723,0,0.031399,clean
0,0.03501,4.91442,0,0.148539,0,0,0.018511,1,0.042564,clean
4,0.017553,14.0049,0,0.367681,2,2,0.033746,4,0.053874,clean
1,0.000574,1.76682,0,0.061715,0,0,0.010097,1,0.033928,clean
0,0,0,0,0,0,0,0,1,0,clean
0,0,0,0,0,0,0,0,1,0,clean
4,0.060891,12.5528,0,0.389329,0,0,0.056634,5,0.148516,clean
0,0,0,0,0,0,0,0,1,0,clean
0,0.010696,7.2787,0,0.196003,0,0,0.019409,0,0.037387,clean
2,0.019306,16.6315,0,0.430581,0,1,0.038193,3,0.06009,buggy
0,0.004224,6.42599,0,0.168539,0,0,0.015846,0,0.031381,clean
1,0.002308,3.18664,0,0.095785,0,0,0.012297,1,0.034176,clean
2,0.018329,6.31552,0,0.183292,0,0,0.021662,2,0.052764,clean
0,0.004601,3.05459,0,0.103073,0,0,0.015822,1,0.048942,clean
2,0.025373,5.13272,0,0.142065,0,0,0.015201,2,0.034441,clean
0,0.011702,4.22264,0,0.139582,0,0,0.020588,2,0.060077,clean
0,0.002447,3.45817,0,0.097967,0,0,0.011417,0,0.030969,clean
4,0.035718,20.1092,0,0.530239,0,0,0.048696,5,0.074231,clean
2,0.021589,9.95543,0,0.262579,0,0,0.024536,3,0.043487,clean
2,0.002312,4.87697,0,0.147296,0,0,0.018343,2,0.042282,clean
0,0.005728,2.63545,0,0.077936,0,0,0.008965,1,0.015431,clean
1,0.012543,10.8895,0,0.307941,0,0,0.037552,1,0.101694,clean
2,0.011098,8.50394,0,0.225042,1,0,0.021538,2,0.041961,clean
3,0.019457,7.34746,0,0.216974,0,0,0.025508,3,0.052003,clean
0,0.008242,4.43166,0,0.125048,0,0,0.014065,0,0.034296,clean
6,0.027318,7.75438,0,0.219911,0,0,0.023826,7,0.044084,clean
6,0.080841,15.1921,0,0.400782,1,1,0.036883,8,0.055428,clean
0,0.004604,4.68802,0,0.13759,0,0,0.016333,0,0.037315,clean
0,0.000312,1.77712,0,0.06092,0,0,0.009619,0,0.030953,clean
0,0,0,0,0,0,0,0,0,0,clean
0,0.005403,3.9513,0,0.111127,0,0,0.012481,0,0.031074,clean
0,0.000923,2.95101,0,0.06943,0,0,0.004216,0,0.000333,clean
4,0.044066,12.8023,0,0.343141,0,1,0.03246,5,0.049076,clean
0,0,0,0,0,0,0,0,0,0,clean
3,0.015804,14.3549,0,0.381548,0,0,0.036203,5,0.062064,clean
1,0.001749,4.61185,0,0.130886,0,0,0.014566,2,0.032108,clean
2,0.001581,4.40324,0,0.126065,0,0,0.014306,2,0.032244,clean
2,0.006531,6.12275,0,0.179163,0,0,0.020705,2,0.04143,clean
1,0.000117,1.77712,0,0.06092,0,1,0.009619,1,0.030953,clean
2,0.020891,4.582,0,0.16105,0,0,0.028768,2,0.100165,clean
0,0,0,0,0,0,0,0,0,0,clean
18,0.241356,32.7874,0,0.884419,0,1,0.090092,24,0.179263,clean
2,0.049208,12.8864,0,0.336458,0,0,0.030027,2,0.04375,buggy
5,0.029334,12.7638,0,0.347701,0,0,0.034105,8,0.052494,clean
5,0.182762,10.6231,0,0.335727,0,1,0.045375,5,0.115083,buggy
2,0.103746,10.0124,0,0.257273,0,0,0.02206,2,0.032271,clean
1,0.008474,3.79861,0,0.123344,0,0,0.017618,3,0.049013,clean
0,0.002678,2.97312,0,0.09279,0,0,0.012583,1,0.034972,clean
0,0.006782,4.43166,0,0.125048,0,0,0.014065,0,0.034296,clean
3,0.021725,13.6058,0,0.354085,0,0,0.031449,3,0.046138,buggy
0,0.002676,6.41569,0,0.169334,0,0,0.016324,0,0.034357,clean
2,0.034148,8.88385,0,0.269441,0,0,0.034688,2,0.085514,clean
4,0.060086,16.8267,0,0.438454,1,2,0.038787,5,0.053294,clean
0,0.008165,2.79724,0,0.099305,0,0,0.016747,1,0.058106,buggy
0,0.016161,7.83167,0,0.202284,0,0,0.018251,0,0.034458,clean
0,0.002312,4.64887,0,0.107619,0,0,0.006227,0,0.000428,clean
1,0.042503,5.74856,0,0.179606,0,0,0.02362,2,0.056793,clean
0,0.002197,3.82133,0,0.110934,0,0,0.013258,1,0.034271,clean
3,0.011869,12.1593,0,0.317973,0,0,0.029171,3,0.05031,clean
8,0.056987,13.4381,0,0.41057,0,0,0.061404,8,0.131413,clean
4,0.008696,9.1054,0,0.229877,0,0,0.019492,5,0.034423,clean
1,0.002547,3.18664,0,0.095785,0,0,0.012297,1,0.034176,clean
2,0.006841,7.83059,0,0.20523,0,0,0.019072,2,0.035265,clean
0,0.006732,7.27922,0,0.187232,0,0,0.016735,0,0.031388,clean
4,0.016024,7.18485,0,0.193361,0,0,0.018761,5,0.032784,clean
9,0.103266,30.6794,0,0.783861,0,2,0.064896,16,0.072426,clean
6,0.099297,19.5417,0,0.521461,0,2,0.051806,7,0.102926,clean
1,0.000748,1.76682,0,0.061715,0,0,0.010097,1,0.033928,clean
0,0.003529,7.00075,0,0.182272,0,0,0.01696,0,0.034363,buggy
1,0.005592,9.16205,0,0.240619,0,0,0.022433,1,0.041013,clean
2,0.036949,10.0211,0,0.272807,0,0,0.026733,3,0.041527,buggy
0,0.011173,8.62632,0,0.220689,0,0,0.01931,0,0.034506,clean
0,0.01509,3.71677,0,0.117977,0,0,0.016098,0,0.041707,clean
1,0.002385,2.5349,0,0.061041,0,0,0.003986,2,0.000487,clean
6,0.038333,16.4202,0,0.44382,0,0,0.043035,9,0.067899,clean
2,0.149015,8.50408,0,0.234636,0,0,0.02671,3,0.073821,clean
5,0.271423,6.59762,0,0.225835,0,1,0.037253,10,0.107733,clean
1,0.01512,5.87009,0,0.178441,0,0,0.022223,4,0.049263,clean
31,0.443198,31.9437,0,0.908089,0,3,0.10678,46,0.226077,buggy
11,0.31972,23.032,0,0.591774,0,1,0.04988,18,0.05871,buggy
7,0.058686,14.7298,0,0.392315,1,2,0.037455,8,0.065751,clean
0,0,0,0,0,0,0,0,1,0,clean
0,0.001641,3.36633,0,0.107253,0,0,0.014868,0,0.040121,clean
5,0.240194,21.2282,0,0.5632,0,0,0.0569,8,0.12549,buggy
4,0.006205,6.38161,0,0.189128,0,0,0.022468,4,0.046618,clean
0,0,0,0,0,0,0,0,0,0,clean
2,0.009731,3.1496,0,0.101419,0,0,0.014346,2,0.039834,clean
0,0.008432,10.2088,0,0.254071,0,0,0.0204,0,0.031514,clean
1,0.047881,5.93615,0,0.160634,0,0,0.016259,1,0.034472,clean
1,0.000374,1.76682,0,0.061715,0,0,0.010097,1,0.033928,clean
3,0.015484,6.02605,0,0.176257,0,0,0.020352,4,0.040699,clean
1,0.000312,1.77712,0,0.06092,0,0,0.009619,1,0.030953,clean
11,0.210493,29.9939,1,0.803194,0,2,0.078739,14,0.142929,buggy
1,0.00388,4.2852,0,0.124116,0,0,0.014556,2,0.034983,clean
5,0.005962,7.19932,0,0.205425,0,0,0.022601,8,0.043193,clean
0,0.002678,2.97312,0,0.09279,0,0,0.012583,1,0.034972,clean
1,0.002547,3.18664,0,0.095785,0,0,0.012297,1,0.034176,clean
6,0.261632,16.519,0,0.512102,0,0,0.07154,7,0.17467,clean
0,0.008232,6.42599,0,0.168539,0,0,0.015846,0,0.031381,clean
5,0.0213,6.1094,0,0.183252,0,1,0.022395,6,0.049416,clean
0,0.004512,4.76964,0,0.142682,0,0,0.017542,0,0.040936,clean
0,0.0001,1.76682,0,0.061715,0,0,0.010097,1,0.033928,clean
0,0.010227,4.33338,0,0.13686,0,0,0.018535,0,0.047507,clean
1,0.001314,5.84059,0,0.15795,0,0,0.016016,1,0.034431,clean
0,0.000701,1.77712,0,0.06092,0,0,0.009619,1,0.030953,clean
1,0.001232,4.30172,0,0.122757,0,0,0.014083,1,0.034415,clean
2,0.000274,1.76682,0,0.061715,0,0,0.010097,2,0.033928,clean
35,0.571881,37.6698,4,1.03804,4,7,0.112971,40,0.252898,buggy
0,0.011072,2.84822,0,0.093944,0,0,0.013756,3,0.039721,clean
0,0.008352,9.46033,0,0.238005,0,0,0.019956,0,0.03447,clean
1,0,0,0,0,0,0,0,1,0,clean
0,0.021872,4.40148,0,0.122517,0,0,0.013557,0,0.034077,clean
4,0.024267,10.786,0,0.283064,0,1,0.026038,5,0.043076,clean
2,0.018149,5.62327,0,0.159459,0,0,0.017833,3,0.04011,clean
5,0.087056,18.2209,0,0.46937,0,0,0.040351,5,0.053846,clean
3,0.03319,14.266,0,0.383392,0,0,0.036382,5,0.052975,clean
3,0.007836,3.18671,0,0.103454,0,0,0.014747,3,0.040931,clean
4,0.019085,5.96006,0,0.168039,0,0,0.018234,6,0.036744,clean
1,0.019501,11.3595,0,0.298535,0,0,0.027374,3,0.043316,clean
11,0.099043,19.6298,0,0.568623,0,0,0.066546,12,0.147024,buggy
2,0.015619,4.58578,0,0.142625,0,0,0.018784,3,0.046531,clean
1,0.002495,5.98276,0,0.159804,0,0,0.015881,1,0.034432,clean
0,0.015993,8.62632,0,0.220689,0,0,0.01931,0,0.034506,clean
0,0.006081,4.83769,0,0.129769,0,0,0.01322,0,0.031042,clean
3,0.005647,3.82071,0,0.112153,0,0,0.013405,3,0.031977,clean
2,0.018405,16.9512,0,0.43579,0,0,0.037431,2,0.051282,buggy
1,0.031827,8.48552,0,0.218306,0,0,0.019222,2,0.032431,clean
1,0.038546,5.74856,0,0.179606,0,0,0.02362,2,0.056793,clean
0,0.000549,1.76682,0,0.061715,0,0,0.010097,0,0.033928,clean
0,0.014037,4.55719,0,0.165512,0,0,0.029784,2,0.102901,clean
17,0.425979,27.3621,5,0.706161,2,7,0.060741,17,0.078225,clean
3,0.028188,12.0882,0,0.335725,0,0,0.039177,3,0.101962,clean
1,0.019982,4.38535,0,0.127942,0,0,0.014945,2,0.033123,clean
5,0.044995,17.6967,1,0.452861,0,1,0.038232,5,0.04899,clean
2,0.0482,5.02919,0,0.157739,0,0,0.02102,4,0.052183,clean
0,0.000435,3.19695,0,0.09499,0,0,0.011819,0,0.0312,clean
21,0.321151,31.2801,2,0.820523,1,4,0.074687,28,0.113891,buggy
0,0.000662,1.77712,0,0.06092,0,0,0.009619,0,0.030953,clean
1,0.003177,7.38689,0,0.196374,0,0,0.018902,2,0.035918,clean
0,0.001426,3.15241,0,0.103077,0,0,0.01496,1,0.042799,clean
20,0.074513,34.2777,0,0.90343,0,0,0.08304,34,0.127768,buggy
0,0.037604,7.00075,0,0.182272,0,0,0.01696,0,0.034363,clean
0,0.002475,3.45817,0,0.097967,0,0,0.011417,0,0.030969,clean
0,0.002183,6.41569,0,0.169334,0,0,0.016324,0,0.034357,clean
3,0.022383,11.2037,0,0.282767,0,0,0.023455,3,0.035547,clean
0,0.001984,4.64887,0,0.107619,0,0,0.006227,0,0.000428,clean
9,0.205533,29.4386,0,0.787112,0,0,0.077243,13,0.142391,buggy
1,0.035894,14.8324,0,0.408289,0,0,0.045659,1,0.10878,clean
3,0.014492,10.9766,0,0.284577,0,0,0.025055,5,0.037211,clean
2,0.021243,13.1037,0,0.330644,0,0,0.02748,2,0.042322,clean
0,0.021439,3.94798,0,0.138502,0,0,0.023005,2,0.077388,clean
7,0.116048,13.8673,0,0.378464,0,0,0.037372,8,0.059637,clean
0,0.00705,4.41258,0,0.138856,0,0,0.018583,1,0.046384,clean
0,0,0,0,0,0,0,0,0,0,clean
4,0.006021,7.14634,0,0.218953,0,0,0.027996,4,0.067444,clean
1,0.000599,1.76682,0,0.061715,0,0,0.010097,1,0.033928,clean
6,0.036103,17.0249,0,0.462573,0,0,0.048143,11,0.101882,clean
1,0.001289,3.19189,0,0.097192,0,0,0.012663,1,0.03454,clean
0,0.000249,1.76682,0,0.061715,0,0,0.010097,0,0.033928,clean
3,0.039665,9.70651,0,0.251458,0,0,0.022239,3,0.035488,clean
1,0.00222,1.77712,0,0.06092,0,0,0.009619,3,0.030953,clean
2,0.029387,8.45689,0,0.224389,0,0,0.021591,2,0.042047,clean
1,0.026265,11.6158,0,0.30391,0,0,0.027755,2,0.044819,clean
4,0.039074,5.24311,0,0.161915,0,0,0.020929,4,0.049505,clean
2,0.033943,13.5695,0,0.362785,0,0,0.034682,4,0.05836,clean
0,0.010707,4.33338,0,0.13686,0,0,0.018535,0,0.047507,clean
2,0.093468,11.3129,0,0.331233,0,0,0.041184,4,0.103476,buggy
1,0.027833,2.99199,0,0.202979,0,1,0.060215,1,0.135636,clean
5,0.02779,5.97445,0,0.174141,0,0,0.020112,5,0.041472,clean
6,0.079979,14.7861,0,0.3663,1,1,0.028504,6,0.036662,clean
4,0.006921,7.72196,0,0.198359,0,0,0.017775,4,0.034375,clean
1,0.005888,8.61561,0,0.218097,0,0,0.018505,1,0.031522,clean
2,0.012796,10.7594,0,0.282301,0,0,0.025896,4,0.043071,clean
9,0.199267,19.2408,0,0.525815,1,0,0.051575,11,0.075846,buggy
1,0.011554,7.2288,0,0.198684,0,0,0.020484,2,0.040396,clean
3,0.007491,9.28127,0,0.259052,0,0,0.027043,3,0.047034,clean
2,0.283954,4.49111,0,0.114846,0,1,0.010632,3,0.024683,clean
0,0.015378,8.67717,0,0.231637,0,0,0.022577,1,0.042604,clean
1,0.001391,1.38451,0,0.049262,0,0,0.008337,2,0.029068,clean
0,0.000545,1.77712,0,0.06092,0,0,0.009619,1,0.030953,buggy
0,0,0,0,0,0,0,0,1,0,clean
1,0.000665,1.56044,0,0.052586,0,0,0.008031,2,0.024708,clean
2,0.017208,7.94243,0,0.226959,0,0,0.026477,2,0.065937,clean
0,0,0,0,0,0,0,0,1,0,clean
2,0.04235,7.73771,0,0.203534,0,0,0.018978,3,0.034817,clean
5,0.028289,7.93397,0,0.274432,1,0,0.046971,5,0.130102,clean
2,0.031029,11.2074,0,0.284853,0,0,0.02418,3,0.037897,clean
2,0.036079,12.5792,0,0.349068,0,0,0.035611,5,0.056399,clean
9,0.060507,16.4773,0,0.442735,1,1,0.046252,11,0.106144,buggy
0,0.009295,9.06665,0,0.251627,0,0,0.026497,2,0.05128,clean
1,0.008038,4.77591,0,0.149787,0,0,0.019997,2,0.050099,clean
2,0.016343,11.7129,0,0.321985,0,0,0.035825,3,0.091099,clean
4,0.015107,13.9237,0,0.358977,0,0,0.031157,4,0.04435,clean
0,0,0,0,0,0,0,0,0,0,buggy
0,0.003566,7.72196,0,0.198359,0,0,0.017775,0,0.034375,clean
2,0.006371,3.18918,0,0.100676,0,0,0.013792,2,0.037278,clean
6,0.035529,11.1884,0,0.30825,0,0,0.031263,6,0.052777,clean
0,0.00455,7.91391,0,0.20238,0,0,0.017697,0,0.031483,buggy
4,0.056855,21.1016,0,0.532385,0,1,0.042787,9,0.047801,clean
0,0.005558,6.01575,0,0.167057,0,0,0.0178,0,0.037333,clean
0,0.02535,3.26332,0,0.096426,0,0,0.012105,0,0.034024,clean
2,0.025346,7.90771,0,0.239377,0,0,0.033541,2,0.100554,clean
0,0.012311,4.68802,0,0.13759,0,0,0.016333,0,0.037315,clean
2,0.01174,6.2318,0,0.184938,0,0,0.022039,2,0.04598,clean
2,0.016185,12.7082,0,0.312137,0,1,0.024022,2,0.034607,buggy
2,0.025791,8.90433,0,0.229991,0,0,0.020456,2,0.035139,clean
10,0.090978,19.5813,1,0.492669,0,2,0.040044,12,0.05358,clean
8,0.163396,17.5231,0,0.506508,0,0,0.06725,10,0.132606,clean
4,0.011712,12.1236,0,0.308463,0,0,0.026494,4,0.044509,clean
1,0.003468,3.69105,0,0.120863,0,0,0.018264,2,0.058722,clean
2,0.033143,10.9041,0,0.289278,0,0,0.02671,2,0.039032,clean
27,0.315343,34.7864,6,0.92035,6,8,0.086674,27,0.145977,buggy
0,0.00431,4.68802,0,0.13759,0,0,0.016333,0,0.037315,clean
5,0.074241,7.31355,0,0.353524,0,1,0.08507,8,0.217066,clean
0,0.054015,4.08622,0,0.118241,0,0,0.013929,0,0.034534,clean
0,0.002778,2.97312,0,0.09279,0,0,0.012583,1,0.034972,clean
2,0.049653,5.65618,0,0.211,0,0,0.04087,4,0.125862,clean
2,0.018757,3.09661,0,0.117516,0,0,0.022309,6,0.084222,clean
1,0.019345,7.67247,0,0.212049,0,0,0.022072,1,0.042455,clean
7,0.085654,14.9163,0,0.405823,0,0,0.040484,7,0.071277,clean
2,0.029085,14.2302,0,0.360674,0,0,0.029913,2,0.04067,clean
5,0.487638,21.9852,0,0.542209,0,0,0.040982,8,0.043461,clean
9,0.163597,12.2608,0,0.355605,0,0,0.040242,11,0.076696,buggy
1,0.003599,9.53614,0,0.25412,0,0,0.024092,1,0.039735,clean
3,0.044206,3.3149,0,0.103001,0,0,0.013739,3,0.036371,clean
0,0.002431,3.15995,0,0.098123,0,0,0.012803,2,0.0309,clean
7,0.190629,19.6259,1,0.494429,0,1,0.039718,8,0.045456,buggy
2,0.06705,9.58427,0,0.268476,0,1,0.028272,3,0.050122,clean
22,0.321478,27.0841,2,0.78547,1,5,0.094056,24,0.220442,buggy
1,0.000117,1.77712,0,0.06092,0,1,0.009619,1,0.030953,clean
0,0.012461,3.00184,0,0.098731,0,0,0.014422,2,0.041526,clean
2,0.001547,3.1496,0,0.101419,0,0,0.014346,2,0.039834,clean
0,0.027983,4.6939,0,0.137642,0,0,0.016498,1,0.039909,clean
0,0.00242,4.57426,0,0.133715,0,0,0.01579,0,0.03623,clean
1,0.036683,5.93615,0,0.160634,0,0,0.016259,1,0.034472,clean
7,0.208214,9.48112,1,0.457951,0,3,0.112639,11,0.30749,clean
6,0.030036,9.95194,0,0.276744,0,0,0.028711,7,0.050385,clean
1,0.008143,8.04434,0,0.205054,0,1,0.018029,1,0.03437,clean
4,0.111827,14.4326,0,0.40471,0,0,0.041984,12,0.064944,clean
9,0.04396,14.4626,0,0.378721,0,0,0.034343,11,0.052978,clean
1,0.001447,1.76682,0,0.061715,0,0,0.010097,1,0.033928,clean
1,0.001547,1.50465,0,0.041832,0,0,0.004125,1,0.004336,clean
0,0.008239,5.97053,0,0.165989,0,0,0.017735,0,0.03733,clean
2,0.013364,15.0796,0,0.385503,0,0,0.032665,2,0.044941,clean
8,0.157767,10.4263,0,0.327015,0,1,0.046765,8,0.136011,buggy
0,0.01086,9.25652,0,0.262784,0,0,0.028589,2,0.05376,clean
0,0.010843,8.47667,0,0.216638,0,0,0.018734,0,0.031578,clean
2,0.013267,10.0676,0,0.255266,0,0,0.021643,2,0.035394,clean
1,0.013742,10.731,0,0.266196,0,0,0.021345,1,0.034455,clean
1,0.007752,9.23472,0,0.241801,0,0,0.022092,2,0.036751,clean
1,0.002547,3.18664,0,0.095785,0,0,0.012297,1,0.034176,clean
1,0.007088,9.67792,0,0.240846,0,0,0.019719,1,0.034352,clean
4,0.022396,7.20709,0,0.220095,0,0,0.028252,4,0.069049,clean
0,0.0001,1.76682,0,0.061715,0,0,0.010097,0,0.033928,clean
1,0.064713,7.08412,0,0.244579,0,0,0.039806,5,0.127607,clean
3,0.064208,12.3849,0,0.339617,0,1,0.033907,4,0.054361,clean
0,0.000723,1.76682,0,0.061715,0,0,0.010097,1,0.033928,clean
1,0.00916,3.20993,0,0.10044,0,0,0.013572,1,0.036438,clean
0,0.007581,7.26892,0,0.188027,0,0,0.017213,0,0.034363,clean
0,0.007503,6.01575,0,0.167057,0,0,0.0178,0,0.037333,clean
1,0.009715,1.39536,0,0.065265,0,0,0.016472,2,0.06599,clean
3,0.012523,11.9006,0,0.311325,0,0,0.02812,4,0.043412,clean
1,0.009001,8.934,0,0.226206,0,0,0.01935,1,0.034502,clean
3,0.067896,9.08201,0,0.282282,0,0,0.038911,5,0.102926,clean
0,0.007698,4.41398,0,0.161044,0,0,0.028857,1,0.101736,clean
4,0.063805,16.753,0,0.47172,0,0,0.052399,8,0.110958,clean
0,0.002446,3.19695,0,0.09499,0,0,0.011819,0,0.0312,clean
2,0.027937,10.137,0,0.272522,0,0,0.026686,4,0.047228,clean
0,0.004058,6.41569,0,0.169334,0,0,0.016324,0,0.034357,clean
2,0.001405,3.13086,0,0.095992,0,0,0.012647,2,0.034646,clean
2,0.002743,4.69129,0,0.137617,0,0,0.016422,2,0.038512,clean
0,0.014354,4.41258,0,0.138856,0,0,0.018583,1,0.046384,clean
1,0.016971,6.33209,0,0.189626,0,0,0.022952,4,0.04922,clean
0,0.012645,3.97134,0,0.137579,0,0,0.023263,1,0.073681,clean
4,0.077569,20.8861,0,0.558893,0,0,0.05685,6,0.114071,buggy
0,0.003539,7.91219,0,0.204045,0,0,0.018332,0,0.034453,clean
2,0.005791,6.12275,0,0.179163,0,0,0.020705,2,0.04143,clean
1,0.002119,2.91017,0,0.089251,0,0,0.011895,1,0.034148,clean
0,0.005644,3.30831,0,0.096281,0,0,0.011635,0,0.031038,clean
1,0.019587,15.5592,0,0.39123,0,0,0.031839,1,0.043176,clean
2,0.032444,6.82195,0,0.205427,0,0,0.025166,5,0.054325,clean
0,0.004643,4.68802,0,0.13759,0,0,0.016333,0,0.037315,clean
2,0.007963,5.07878,0,0.13901,0,0,0.014445,2,0.031398,clean
12,0.16713,27.4287,1,0.702761,1,3,0.058538,18,0.06346,clean
4,0.015999,10.3507,0,0.291224,0,1,0.030933,5,0.055201,clean
1,0.018828,4.0521,0,0.136686,0,0,0.021177,3,0.066283,clean
1,0.020592,8.02724,0,0.216466,0,0,0.021424,1,0.041053,clean
0,0.003018,5.32582,0,0.14652,0,0,0.015453,0,0.034447,clean
0,0.003311,6.42599,0,0.168539,0,0,0.015846,0,0.031381,clean
1,0.034555,11.9716,0,0.330129,0,1,0.033309,3,0.053355,clean
15,0.084316,17.5007,0,0.557642,0,4,0.082734,15,0.201748,buggy
0,0.009275,6.04232,0,0.161875,0,0,0.015862,0,0.031481,clean
0,0.023745,17.842,0,0.446948,0,0,0.035758,0,0.045293,clean
1,0.000424,1.76682,0,0.061715,0,0,0.010097,1,0.033928,clean
0,0.027787,4.41258,0,0.138856,0,0,0.018583,1,0.046384,clean
1,0.004784,1.17006,0,0.068961,0,0,0.02147,2,0.074735,clean
6,0.068421,11.0533,0,0.314907,0,0,0.034111,6,0.059929,clean
1,0.001391,1.38451,0,0.049262,0,0,0.008337,2,0.029068,clean
0,0.002437,6.41569,0,0.169334,0,0,0.016324,0,0.034357,clean
1,0.027089,9.06916,0,0.262037,0,0,0.029502,2,0.056806,clean
3,0.204601,15.0338,0,0.421381,0,0,0.043469,12,0.0641,clean
8,0.041451,10.135,0,0.277599,0,0,0.02761,8,0.043638,buggy
8,0.163565,21.3934,0,0.598217,0,0,0.07028,9,0.160057,buggy
1,0.003562,7.23217,0,0.186578,0,0,0.016788,1,0.031474,clean
0,0.001345,3.37663,0,0.106458,0,0,0.01439,0,0.037146,clean
2,0.005756,4.3792,0,0.123688,0,0,0.01374,2,0.031479,clean
1,0.009157,12.3495,0,0.317897,0,0,0.028957,2,0.059161,clean
4,0.016089,11.6789,0,0.315377,0,0,0.030327,4,0.045812,buggy
0,0.001965,3.44787,0,0.098762,0,0,0.011895,0,0.033945,clean
0,0.012191,12.2071,0,0.32437,0,0,0.030847,1,0.05328,clean
6,0.085533,10.8989,0,0.315203,0,0,0.0358,6,0.07132,clean
0,0,0,0,0,0,0,0,1,0,clean
1,0.005466,8.67904,0,0.220203,0,0,0.018991,1,0.034465,clean
12,0.060956,14.1196,0,0.439291,0,1,0.061551,13,0.140143,buggy
1,0.127777,9.00686,1,0.257634,0,1,0.029757,2,0.070112,clean
4,0.25337,16.9705,0,0.450077,0,0,0.042409,5,0.072012,clean
3,0.021738,13.6128,0,0.35577,0,0,0.031611,3,0.04328,clean
6,0.077592,19.5212,1,0.523646,0,1,0.052507,8,0.10354,buggy
2,0.01117,7.53549,0,0.198653,0,0,0.018442,2,0.03199,clean
0,0.006735,3.36633,0,0.107253,0,0,0.014868,1,0.040121,clean
1,0.016661,9.53015,0,0.255908,0,0,0.024743,1,0.04191,clean
0,0.004602,3.10486,0,0.090388,0,0,0.011085,0,0.03097,clean
2,0.020243,10.3534,0,0.271299,0,0,0.024795,3,0.040962,clean
1,0.017011,13.6031,0,0.347253,0,0,0.029218,1,0.039576,clean
2,0.01624,8.83054,0,0.249487,0,0,0.026894,2,0.049993,clean
9,0.206434,19.0251,0,0.521957,0,0,0.056642,11,0.12471,clean
1,0.000952,2.98342,0,0.091995,0,0,0.012105,2,0.031997,clean
0,0.004862,4.78875,0,0.130061,0,0,0.013744,0,0.03405,clean
3,0.006681,5.83014,0,0.180778,0,0,0.023551,3,0.056577,clean
3,0.047641,7.41817,0,0.219727,0,0,0.025866,6,0.051705,clean
3,0.017053,7.04931,0,0.2076,0,0,0.024267,3,0.048424,clean
0,0.000175,1.76682,0,0.061715,0,0,0.010097,1,0.033928,clean
0,0.004586,6.42599,0,0.168539,0,0,0.015846,0,0.031381,clean
0,0.0001,1.76682,0,0.061715,0,0,0.010097,1,0.033928,clean
6,0.100048,22.5908,0,0.577493,0,1,0.048596,7,0.062509,clean
5,0.014591,5.97445,0,0.174141,0,0,0.020112,5,0.041472,clean
0,0.001172,1.76682,0,0.061715,0,0,0.010097,1,0.033928,buggy
4,0.03301,5.02919,0,0.157739,0,0,0.02102,5,0.052183,clean
6,0.061773,15.6337,1,0.409811,0,2,0.036595,7,0.048506,clean
0,0.003634,6.41569,0,0.169334,0,0,0.016324,0,0.034357,clean
3,0.011171,7.34746,0,0.216974,0,0,0.025508,3,0.052003,clean
9,0.043644,17.4516,1,0.46316,2,1,0.043316,9,0.068841,clean
0,0.010789,6.68071,0,0.178567,0,0,0.01743,0,0.034606,clean
3,0.050981,6.43978,0,0.193447,0,0,0.023489,7,0.049755,clean
2,0.012905,14.705,0,0.37988,0,0,0.033317,2,0.050162,clean
9,0.186623,21.0803,2,0.582136,0,5,0.062876,11,0.139766,clean
1,0.003847,7.47927,0,0.194515,0,0,0.017889,1,0.034528,clean
4,0.07833,13.1185,0,0.362249,0,0,0.036496,6,0.056652,clean
2,0.11683,7.92388,0,0.249616,0,0,0.03397,4,0.089038,clean
0,0.000333,1.56044,0,0.052586,0,0,0.008031,2,0.024708,clean
0,0.004829,7.38593,0,0.193283,0,0,0.018013,0,0.0347,clean
3,0.026516,10.9599,0,0.304141,0,0,0.031341,4,0.053749,buggy
1,0.001048,1.76682,0,0.061715,0,0,0.010097,1,0.033928,clean
1,0.00302,3.03348,0,0.093124,0,0,0.012342,2,0.034426,buggy
4,0.00343,9.97572,0,0.268533,0,0,0.026442,4,0.049191,clean
1,0.008098,6.21176,0,0.189499,0,0,0.023841,3,0.053616,clean
7,0.039959,17.3833,0,0.436927,0,1,0.035234,7,0.044364,clean
0,0.009566,3.71677,0,0.117977,0,0,0.016098,0,0.041707,clean
0,0.007671,11.6303,0,0.286605,0,0,0.022459,0,0.034535,clean
2,0.00329,3.12148,0,0.094543,0,0,0.012085,2,0.031592,clean
5,0.03199,6.60445,0,0.184495,0,1,0.019466,6,0.036543,clean
2,0.01927,9.69581,0,0.24347,0,1,0.020268,3,0.034483,clean
2,0.018524,8.10954,0,0.223317,0,0,0.022935,2,0.04248,clean
1,0.002662,4.57263,0,0.138328,0,0,0.017355,1,0.041165,clean
16,0.260607,25.4544,1,0.663793,2,2,0.062662,16,0.113747,clean
14,0.243971,31.5124,0,0.81994,1,1,0.075585,17,0.132906,clean
1,0.006645,9.09107,0,0.228716,0,0,0.019045,1,0.03153,clean
1,0.029027,10.8518,0,0.289639,0,0,0.027483,1,0.044256,clean
0,0.001932,3.15995,0,0.098123,0,0,0.012803,2,0.0309,clean
1,0.003699,5.82553,0,0.167057,0,0,0.018698,1,0.038088,clean
1,0.01603,3.20427,0,0.121631,0,0,0.023235,2,0.086187,clean
0,0.002055,2.98148,0,0.100208,0,0,0.015275,2,0.046791,clean
0,0,0,0,0,0,0,0,0,0,clean
0,0.000075,1.76682,0,0.061715,0,0,0.010097,0,0.033928,clean
1,0.030867,13.9484,0,0.363242,0,0,0.032554,4,0.050064,buggy
0,0.002362,4.64887,0,0.107619,0,0,0.006227,0,0.000428,clean
0,0.019103,4.43166,0,0.125048,0,0,0.014065,0,0.034296,buggy
1,0.062114,8.00589,0,0.236267,0,0,0.028897,2,0.070338,clean
1,0.017957,5.88907,0,0.176443,0,0,0.021643,3,0.049319,clean
9,0.179403,22.1232,3,4.62534,0,5,0.167613,11,0.333614,buggy
0,0.001519,1.77712,0,0.06092,0,0,0.009619,0,0.030953,clean
4,0.136505,17.1585,1,0.466646,0,1,0.049802,5,0.115743,clean
0,0.004746,6.41569,0,0.169334,0,0,0.016324,0,0.034357,clean
1,0.030271,10.6096,0,0.274838,0,0,0.024782,2,0.042638,clean
0,0.001546,1.76682,0,0.061715,0,0,0.010097,1,0.033928,buggy
2,0.005721,7.27922,1,0.187232,1,1,0.016735,2,0.031388,buggy
0,0.0184,4.41258,0,0.138856,0,0,0.018583,1,0.046384,clean
2,0.014193,10.6248,0,0.26377,0,0,0.021227,2,0.034525,clean
0,0.002726,6.41569,0,0.169334,0,0,0.016324,0,0.034357,clean
0,0.003923,6.59546,0,0.185585,0,0,0.02031,1,0.04258,clean
4,0.144068,18.2694,0,0.471438,0,0,0.041125,5,0.06048,clean
5,0.02586,17.2695,0,0.428158,1,2,0.032943,6,0.037581,clean
0,0.000274,1.76682,0,0.061715,0,0,0.010097,0,0.033928,clean
2,0.011264,12.9417,0,0.317737,0,0,0.024402,2,0.034705,clean
2,0.00437,9.31549,0,0.239474,1,0,0.021005,2,0.035268,clean
3,0.008904,8.91487,0,0.229412,0,0,0.020296,3,0.035282,clean
0,0,0,0,0,0,0,0,1,0,clean
5,0.0219,10.193,0,0.274414,0,0,0.026468,6,0.043175,buggy
1,0.022394,6.83528,0,0.189942,0,0,0.019959,1,0.038501,clean
0,0.017439,7.63864,0,0.218025,0,0,0.023931,3,0.044728,buggy
5,0.022489,20.424,0,0.531043,0,0,0.047027,6,0.067966,buggy
18,0.123242,28.1851,0,0.784593,0,5,0.08623,24,0.191565,buggy
3,0.002365,5.97024,0,0.181044,0,0,0.022558,4,0.05049,clean
0,0,0,0,0,0,0,0,1,0,clean
2,0.079611,7.57679,0,0.232433,0,0,0.033284,2,0.100621,clean
1,0.002117,5.98276,0,0.159804,0,0,0.015881,1,0.034432,clean
6,0.087925,10.7326,0,0.326582,0,1,0.046473,7,0.116528,buggy
2,0.016468,7.2298,0,0.28347,0,0,0.061122,3,0.178824,clean
1,0.000623,1.77712,0,0.06092,0,0,0.009619,1,0.030953,clean
1,0.030916,4.77474,0,0.143885,0,0,0.017848,1,0.040995,clean
0,0.016927,4.41258,0,0.138856,0,0,0.018583,1,0.046384,clean
0,0,0,0,0,0,0,0,1,0,clean
6,0.172025,14.5368,0,0.493271,0,1,0.084236,8,0.219136,buggy
1,0.004395,4.00609,0,0.135862,0,0,0.021282,2,0.067234,clean
2,0.004212,7.20153,0,0.192897,0,0,0.018764,2,0.035326,clean
0,0,0,0,0,0,0,0,0,0,clean
8,0.41752,14.7275,0,0.436739,0,0,0.052582,11,0.116808,clean
0,0.000349,1.76682,0,0.061715,0,0,0.010097,2,0.033928,clean
2,0.003256,2.8819,0,0.088687,0,0,0.011883,2,0.034168,clean
0,0.001135,2.6367,0,0.091253,0,0,0.014675,1,0.048307,clean
0,0.006642,4.73464,0,0.132287,0,0,0.014525,0,0.034341,clean
12,0.148818,22.5021,0,0.623315,0,2,0.06653,12,0.115857,buggy
4,0.011409,12.3547,0,0.324343,0,0,0.029789,4,0.049381,clean
1,0.009366,10.2622,0,0.285643,0,0,0.029607,2,0.050746,clean
3,0.019927,11.7919,0,0.300092,0,0,0.025544,3,0.040415,clean
6,0.038909,25.2449,0,0.664292,0,1,0.063502,7,0.119833,buggy
4,0.064244,11.7184,0,0.316134,0,0,0.030297,4,0.045044,clean
2,0.201236,6.08968,0,0.205786,0,0,0.036309,2,0.10913,buggy
1,0.003883,3.19189,0,0.097192,0,0,0.012663,1,0.03454,clean
2,0.066494,6.62605,1,0.273093,0,1,0.059544,6,0.16223,clean
3,0.018603,7.49997,0,0.218402,0,0,0.024939,5,0.048219,clean
18,0.123153,17.1453,0,0.444446,1,1,0.038739,22,0.051121,clean
1,0.030124,4.33338,0,0.13686,0,0,0.018535,1,0.047507,clean
2,0.000274,1.76682,0,0.061715,0,0,0.010097,2,0.033928,clean
2,0.032425,9.83397,1,0.277706,0,1,0.033663,2,0.094533,clean
0,0.006616,6.4354,0,0.173563,0,0,0.017288,1,0.034742,clean
7,0.099414,11.7134,0,0.316857,0,0,0.030724,8,0.048512,clean
2,0.014336,11.1262,0,0.273849,0,1,0.021269,2,0.031479,buggy
0,0.002624,6.42599,0,0.168539,0,0,0.015846,0,0.031381,clean
3,0.020798,13.6285,0,0.350122,0,0,0.030153,3,0.043453,clean
0,0.000665,1.56044,0,0.052586,0,0,0.008031,2,0.024708,clean
8,0.048591,19.8234,0,0.524726,0,1,0.048822,11,0.076494,clean
1,0.050206,11.8796,0,0.320965,0,0,0.031373,1,0.053463,clean
2,0.014728,8.67717,0,0.231637,0,0,0.022577,2,0.042604,clean
0,0.020201,4.33338,0,0.13686,0,0,0.018535,0,0.047507,clean
1,0.073508,8.67717,0,0.231637,1,1,0.022577,2,0.042604,clean
1,0.00005,1.76682,0,0.061715,0,0,0.010097,1,0.033928,clean
1,0.001058,3.19695,0,0.09499,0,0,0.011819,1,0.0312,clean
6,0.147013,11.0027,0,0.299304,0,0,0.029402,7,0.046637,clean
0,0.026696,3.1028,0,0.102465,0,0,0.015133,1,0.044337,clean
3,0.070174,11.3416,0,0.397004,0,0,0.072009,4,0.188507,clean
2,0.027919,16.6139,0,0.43976,0,0,0.040821,3,0.063882,clean
5,0.054519,12.4237,0,0.308169,1,2,0.024353,6,0.035196,buggy
2,0.011071,6.02143,0,0.17342,0,0,0.019695,3,0.042086,clean
7,0.05603,18.2025,0,0.481541,0,0,0.044309,7,0.065276,buggy
19,0.213269,21.7149,3,0.564719,4,5,0.052469,20,0.09704,clean
0,0.003324,6.41569,0,0.169334,0,0,0.016324,0,0.034357,clean
1,0.011882,9.61458,0,0.257486,0,0,0.024565,1,0.039856,clean
1,0.041264,19.6689,0,0.493295,0,0,0.039402,3,0.04716,clean
0,0,0,0,0,0,0,0,1,0,clean
3,0.028727,7.7065,0,0.212698,0,0,0.023307,3,0.058957,clean
0,0.022593,7.27922,0,0.187232,0,0,0.016735,0,0.031388,clean
4,0.043628,9.89425,0,0.287869,0,0,0.037909,5,0.114415,clean
1,0.029312,17.1031,0,0.452716,0,0,0.041884,5,0.063274,clean
0,0.025854,4.41258,0,0.138856,0,0,0.018583,1,0.046384,clean
2,0.011191,3.27147,0,0.103547,0,0,0.014222,2,0.038264,clean
9,0.152424,16.6538,2,0.489805,0,2,0.056771,9,0.109758,buggy
12,0.273569,26.3437,0,0.662987,0,1,0.053445,13,0.065338,buggy
7,0.203347,7.48098,0,0.261875,0,0,0.046376,8,0.136886,clean
0,0,0,0,0,0,0,0,1,0,clean
0,0.016487,3.8069,0,0.12122,0,0,0.016629,1,0.043368,clean
0,0.005684,6.18007,0,0.170538,0,0,0.017944,0,0.037331,clean
1,0.003086,4.31202,0,0.121962,0,0,0.013605,1,0.03144,clean
2,0.087605,10.4245,0,0.377147,0,0,0.071162,3,0.188775,clean
0,0.017429,3.90631,0,0.111273,0,0,0.012951,0,0.03406,clean
10,0.089516,13.6235,0,0.330033,0,0,0.02446,10,0.034493,clean
1,0.03646,10.9582,0,0.274605,0,0,0.022228,1,0.032103,clean
0,0,0,0,0,0,0,0,1,0,clean
0,0.000665,1.56044,0,0.052586,0,0,0.008031,2,0.024708,clean
3,0.028292,8.61553,0,0.252942,0,0,0.029597,4,0.061715,buggy
0,0,0,0,0,0,0,0,1,0,buggy
0,0.005515,4.25341,0,0.141215,0,0,0.020969,3,0.061873,clean
1,0.001902,3.1764,0,0.104249,0,1,0.015225,3,0.043906,clean
0,0.00438,4.50833,0,0.126122,0,0,0.013761,0,0.03137,clean
0,0.004553,6.41569,0,0.169334,0,0,0.016324,0,0.034357,clean
6,0.063617,19.0688,0,0.472586,0,0,0.036996,8,0.050513,buggy
3,0.01843,5.8987,0,0.159399,0,0,0.016119,3,0.034442,clean
3,0.038822,10.7456,0,0.308364,0,1,0.03684,4,0.092806,clean
10,0.072783,19.6349,0,0.520849,0,0,0.047471,14,0.061002,clean
1,0,0,0,0,0,0,0,1,0,buggy
1,0.015081,5.95836,0,0.179524,0,0,0.022003,4,0.048075,clean
2,0.003496,4.57426,0,0.133715,0,0,0.01579,2,0.03623,clean
0,0.009802,4.33338,0,0.13686,0,0,0.018535,0,0.047507,clean
0,0.011072,2.84822,0,0.093944,0,0,0.013756,3,0.039721,clean
24,0.319564,28.2531,0,0.799906,3,3,0.092677,32,0.193841,buggy
0,0.027982,8.67717,0,0.231637,0,0,0.022577,1,0.042604,clean
5,0.049699,19.7652,0,0.500969,0,0,0.040825,7,0.04771,clean
1,0.005648,7.6507,0,0.206349,0,0,0.020649,1,0.041955,clean
1,0.010608,11.3948,0,0.292328,0,0,0.025604,2,0.043373,clean
2,0.003337,2.71813,1,0.097266,0,1,0.016651,2,0.058544,clean
4,0.045548,11.695,0,0.329872,0,0,0.034695,10,0.054759,clean
2,0.037624,11.7134,0,0.332493,0,0,0.04044,2,0.106803,clean
3,0.010619,7.34746,0,0.216974,0,0,0.025508,3,0.052003,clean
1,0.005347,8.04434,0,0.205054,0,0,0.018029,1,0.03437,clean
5,0.042705,12.713,0,0.358507,0,0,0.038616,5,0.073532,clean
0,0.003335,6.41569,0,0.169334,0,0,0.016324,0,0.034357,clean
1,0,0,0,0,0,0,0,1,0,clean
2,0.089947,10.3881,0,0.30102,0,0,0.034527,3,0.071963,clean
2,0.006177,7.722,0,0.216467,0,0,0.022813,3,0.040462,clean
2,0.02775,7.0311,1,0.196161,0,1,0.020856,2,0.041307,clean
0,0.027491,5.42019,0,0.157662,0,0,0.018455,0,0.042273,clean
3,0.016874,6.78705,0,0.182017,0,0,0.017862,3,0.034961,clean
0,0.009236,8.44052,0,0.213136,0,0,0.018047,0,0.031406,clean
3,0.086611,9.59117,0,0.238698,1,2,0.019312,3,0.031369,clean
0,0.006242,8.04434,0,0.205054,0,0,0.018029,0,0.03437,clean
2,0.035764,10.1597,0,0.296223,0,0,0.034134,3,0.069754,clean
5,0.03672,13.2919,0,0.354358,0,0,0.033641,5,0.05554,clean
0,0.007241,3.06228,0,0.099834,0,0,0.014429,0,0.041138,clean
0,0.013857,4.33338,0,0.13686,0,0,0.018535,0,0.047507,clean
0,0.002465,3.18664,0,0.095785,0,0,0.012297,0,0.034176,clean
2,0.079108,5.41232,0,0.160138,0,0,0.019081,4,0.040957,clean
19,0.236427,22.4197,3,0.644259,2,5,0.074759,20,0.165723,buggy
1,0.001958,4.56477,0,0.139575,0,0,0.01784,1,0.042931,clean
1,0.013825,7.57392,0,0.262607,1,0,0.049618,1,0.121165,clean
9,0.046765,16.5679,0,0.440819,0,0,0.04152,11,0.067307,clean
3,0.043615,17.8255,0,0.453107,0,0,0.037369,6,0.045431,clean
3,0.017622,11.0408,0,0.295952,0,0,0.028218,3,0.044071,clean
0,0.004598,3.30831,0,0.096281,0,0,0.011635,0,0.031038,clean
0,0.022157,6.74569,0,0.202465,0,0,0.024492,2,0.050647,clean
2,0.019335,18.6113,0,0.461356,0,1,0.035641,3,0.041463,clean
0,0.003029,5.33086,0,0.146586,0,0,0.015446,0,0.034438,clean
6,0.049558,22.588,1,0.581421,1,1,0.049325,6,0.058638,clean
2,0.010957,3.18918,0,0.100676,0,0,0.013792,2,0.037278,clean
0,0.050566,9.96423,0,0.256597,0,0,0.022138,2,0.032526,clean
3,0.021854,6.40904,0,0.197824,0,1,0.026214,4,0.067457,clean
0,0.009151,3.11166,0,0.092868,0,0,0.011891,0,0.034011,clean
1,0.009435,11.9805,0,0.296062,0,1,0.02324,1,0.034622,clean
10,0.123119,21.9232,0,0.584304,0,1,0.054386,12,0.077987,buggy
2,0.068716,7.17094,0,0.284786,0,0,0.061771,3,0.179433,clean
2,0.017386,6.70338,0,0.19164,0,0,0.021427,3,0.044453,clean
1,0.112854,14.1689,0,0.363458,0,0,0.031255,4,0.045055,clean
0,0.002915,6.41569,0,0.169334,0,0,0.016324,0,0.034357,clean
2,0.008753,9.90134,0,0.259,0,1,0.024359,2,0.049458,clean
22,0.272418,26.2376,0,0.705353,0,0,0.067819,27,0.107311,clean
0,0.000623,1.77712,0,0.06092,0,0,0.009619,0,0.030953,clean
1,0.003054,7.38607,0,0.195233,0,0,0.018555,1,0.035247,clean
1,0.012044,10.1089,0,0.267331,0,0,0.024668,2,0.038393,clean
5,0.01145,3.18172,0,0.097612,0,0,0.012844,6,0.034837,clean
3,0.005944,10.9039,0,0.281217,0,0,0.02522,3,0.0466,buggy
2,0.009914,9.52583,1,0.254915,0,1,0.02457,2,0.042711,clean
2,0.005358,7.44245,0,0.221039,0,0,0.026328,4,0.05458,clean
0,0.000499,1.56044,0,0.052586,0,0,0.008031,2,0.024708,clean
0,0,0,0,0,0,0,0,1,0,clean
2,0.010904,8.64184,0,0.233794,0,0,0.023251,3,0.042538,clean
6,0.050951,9.65979,0,0.261031,0,0,0.02542,7,0.042816,clean
3,0.005955,5.17653,0,0.148103,0,0,0.016587,4,0.033209,clean
3,0.004409,6.00267,0,0.168748,0,0,0.018365,3,0.038681,clean
0,0.012835,4.25341,0,0.141215,0,0,0.020969,2,0.061873,clean
0,0.002826,6.41569,0,0.169334,0,0,0.016324,0,0.034357,clean
1,0.035749,12.4862,0,0.308898,0,0,0.023973,1,0.031958,clean
1,0.007227,5.84418,0,0.157355,0,0,0.015617,1,0.031483,clean
1,0.006585,12.396,0,0.317887,0,0,0.02729,1,0.039572,clean
2,0.00675,8.99489,0,0.248592,0,0,0.025235,3,0.041207,clean
5,0.039557,17.0076,0,0.449897,0,0,0.041765,5,0.065459,clean
0,0.005002,6.23261,0,0.165937,0,0,0.016029,0,0.031461,clean
0,0.010572,3.70646,0,0.118772,0,0,0.016576,0,0.044683,clean
23,0.153394,25.1591,2,0.651419,3,2,0.057097,31,0.081844,buggy
5,0.143404,19.9182,0,0.519821,1,0,0.04689,7,0.073637,clean
0,0,0,0,0,0,0,0,0,0,clean
8,0.083051,21.4513,0,0.553435,0,0,0.047521,10,0.060214,clean
4,0.020419,15.172,0,0.38333,0,0,0.031512,4,0.042131,buggy
1,0.021011,8.13388,0,0.23711,0,0,0.027061,1,0.052125,clean
2,0.023867,10.7325,0,0.281121,0,0,0.025844,4,0.043224,clean
13,0.098041,20.5295,0,0.570897,1,3,0.064192,13,0.152313,clean
0,0.003397,3.30831,0,0.096281,0,0,0.011635,0,0.031038,clean
0,0.075864,4.41258,0,0.138856,0,0,0.018583,1,0.046384,clean
0,0,0,0,0,0,0,0,1,0,clean
1,0,0,0,0,0,0,0,1,0,clean
1,0.047899,5.26723,0,0.185298,0,0,0.032172,3,0.096632,clean
2,0.006473,5.01058,0,0.148312,0,0,0.018108,3,0.044684,clean
0,0.006321,8.04434,0,0.205054,0,0,0.018029,0,0.03437,clean
2,0.045553,11.1107,0,0.310133,0,0,0.032585,2,0.05952,buggy
1,0.001986,1.77712,0,0.06092,0,0,0.009619,1,0.030953,clean
0,0.00674,6.28027,0,0.182725,0,0,0.021016,0,0.043097,clean
0,0.001322,1.76682,0,0.061715,0,0,0.010097,1,0.033928,clean
0,0.000673,1.76682,0,0.061715,0,0,0.010097,1,0.033928,clean
0,0.004633,6.90569,0,0.18341,0,0,0.01773,0,0.035102,clean
1,0.010183,7.39875,0,0.192754,0,0,0.017808,1,0.034532,clean
0,0.005336,3.2591,0,0.10306,0,0,0.014138,1,0.038046,clean
0,0.004329,4.68802,0,0.13759,0,0,0.016333,0,0.037315,clean
0,0.002362,4.64887,0,0.107619,0,0,0.006227,0,0.000428,clean
4,0.005303,6.39937,0,0.173474,0,0,0.017446,4,0.034938,clean
1,0.100987,8.29798,0,0.265539,0,0,0.040043,4,0.130547,clean
2,0.010467,9.23472,0,0.241801,0,0,0.022092,3,0.036751,clean
5,0.016516,5.42268,0,0.160736,0,0,0.01922,6,0.041414,clean
8,0.097729,6.56161,0,0.234572,1,1,0.04269,9,0.124734,buggy
1,0.020159,16.6473,0,0.402197,0,0,0.028992,1,0.034777,clean
0,0.009866,9.36692,0,0.235736,0,0,0.019793,0,0.034427,clean
1,0.001414,3.1764,0,0.104249,0,0,0.015225,2,0.043906,clean
0,0.004682,4.68802,0,0.13759,0,0,0.016333,0,0.037315,clean
1,0,0,0,0,0,0,0,1,0,buggy
3,0.018267,5.05758,0,0.180782,0,0,0.031316,4,0.10687,clean
20,0.107788,16.953,0,0.432626,2,1,0.036146,24,0.044484,clean
3,0.004084,3.83668,0,0.118227,0,0,0.01541,3,0.038588,clean
0,0.003987,7.72707,0,0.200465,0,0,0.018267,0,0.034527,clean
5,0.021028,15.9552,0,0.392385,0,0,0.029741,5,0.036089,clean
1,0,0,0,0,0,0,0,1,0,clean
5,0.079219,23.6028,0,0.594342,0,0,0.048293,6,0.062639,clean
25,0.220438,34.4797,2,0.875189,0,3,0.070702,36,0.070271,clean
1,0.031983,7.10446,0,0.194702,0,0,0.019868,2,0.037721,clean
3,0.026281,11.171,1,0.318856,0,1,0.036245,5,0.082908,clean
1,0.055198,6.85931,0,0.200392,0,0,0.023331,3,0.049662,clean
2,0.005187,1.42715,0,0.060711,0,0,0.013616,2,0.055234,clean
3,0.025433,10.2435,0,0.27664,0,0,0.026753,4,0.042409,clean
1,0.009577,3.00782,0,0.09246,0,0,0.012105,1,0.031918,clean
8,0.056587,24.7436,0,0.660045,0,1,0.064461,10,0.121457,buggy
4,0.027205,9.56944,1,0.35829,0,1,0.070434,5,0.190859,clean
5,0.036016,7.69368,1,0.227626,0,1,0.027642,6,0.065036,clean
1,0.0655,11.3454,0,0.309686,0,0,0.030702,5,0.050098,clean
3,0.058844,7.08227,0,0.193119,0,0,0.019448,3,0.03631,buggy
