0,3.03,2.04,0,2.09,2.02,0,3.09,1.02,1.01,3.04,2.74,4.14,2.09,2.02,2.2,4.28,clean
0,0,0,0,0,0,0,0,0,0,0,0,0,0,0,0,0,clean
0,0,0,1.01,1.01,0,0,2.02,0,1.01,1.02,1.11,3.12,0,1.02,1.01,5.44,clean
0,0,2.06,0,0,0,0,1.01,0,0,2.02,0,5.17,0,3.08,0,6.39,buggy
0,6.14,5.09,1.03,5.11,5.12,6.09,6.22,0,0,3.05,7.42,7.42,2.03,6.09,0,8.66,clean
0,1.01,0,1.01,1.01,1.01,0,4.06,0,0,3.04,1.21,3.16,0,3.04,1.01,6.46,buggy
0,0,3.03,1.02,1.01,0,0,4.13,0,0,2.05,1.1,6.25,1.01,3.04,0,6.64,buggy
0,0,0,0,0,0,0,0,0,0,0,0,0,0,0,0,0,clean
0,0,0,0,0,0,0,1.04,0,0,0,0,0,0,0,1.01,2.18,clean
0,0,0,0,0,0,0,0,0,0,0,0,0,0,0,0,0,clean
0,0,0,0,0,0,0,0,0,0,0,0,0,0,0,1.01,0,clean
0,0,0,0,0,0,0,0,0,0,1.01,0,1.01,0,1.01,0,0,buggy
0,0,0,0,0,0,0,0,1.01,0,2.02,0,1.01,0,2.02,1.03,1.01,clean
0,0,0,0,0,0,0,0,0,1.01,3.03,0,1.01,0,3.03,2.07,1.01,clean
0,1.01,0,2.03,3.06,1.01,0,3.12,0,1.01,4.07,3.77,4.35,1.02,4.07,3.04,6.99,buggy
0,3.05,4.04,1.01,3.08,3.03,1.01,6.25,0,0,3.06,3.6,3.35,3.05,4.1,0,8.13,clean
0,0,1.01,0,0,0,0,0,0,1.07,0,0,0,0,1.01,1.06,1.01,clean
0,0,2.02,0,0,0,0,0,0,0,0,0,0,0,2.02,1.01,0,buggy
0,1.01,8.16,0,2.02,1.01,6.06,2.02,0,0,2.02,2.11,4.1,2.02,9.18,0,5.39,clean
0,5.31,6.1,7.22,10.4,7.38,0,13.36,1.01,0,11.22,23.64,16.41,6.17,12.22,2.03,20.01,buggy
0,0,0,0,0,0,0,0,0,2.02,0,0,0,0,0,4.06,1.01,buggy
0,0,0,0,0,0,0,0,0,0,1.02,0,1.06,0,1.02,1.01,2.07,clean
0,1.02,1.01,0,1.01,1.02,0,1.02,0,0,0,1.07,1.01,1.01,1.01,1.01,1.08,clean
0,0,1.01,0,0,0,0,0,0,0,0,0,0,0,1.01,1.01,1.05,clean
0,0,0,0,0,0,7.1,0,1.01,0,0,0,0,0,0,2.03,0,clean
0,0,0,0,0,0,13.13,0,0,0,0,0,0,0,0,1.01,1.02,clean
0,0,0,0,0,0,0,0,0,0,0,0,0,0,0,0,2.15,clean
0,1.04,0,2.07,2.08,1.04,0,4.49,0,1.01,2.11,3.96,5.09,1.01,2.1,4.35,7.32,clean
0,0,0,0,0,0,0,0,0,0,0,0,0,0,0,0,1.02,clean
0,0,0,0,1.01,0,0,3.06,0,0,2.02,1.04,4.1,0,2.02,0,4.3,clean
0,0,1.01,0,0,0,0,0,0,0,0,0,0,0,1.01,1.01,0,clean
0,0,0,0,0,0,0,1.02,0,0,0,0,2.04,0,0,0,3.18,clean
0,3.03,4.04,1.02,5.07,2.02,1.01,7.29,0,0,3.05,6.33,8.59,3.03,6.07,1.05,10.14,clean
0,1.01,0,0,1.01,1.01,0,1.01,0,0,1.01,1.02,1.03,0,1.01,0,2.08,buggy
0,0,0,0,0,0,0,0,0,0,0,0,0,0,0,0,0,clean
0,0,0,0,0,0,0,0,0,0,3.04,0,3.06,0,3.04,2.02,3.07,clean
0,0,12.14,1.01,1.02,0,6.06,2.05,0,0,1.01,1.55,1.12,1.01,13.15,1.01,4.39,clean
1.02,2.05,0,1.04,2.05,2.03,0,3.16,0,0,1.04,2.45,2.28,0,1.04,0,4.14,clean
0,0,0,2.02,1.02,0,0,3.07,0,0,1.01,1.11,3.25,0,1.01,2.02,4.38,clean
0,0,0,0,0,0,0,0,0,0,1.01,0,1.01,0,1.01,1.01,1.01,buggy
0,0,0,0,0,0,0,0,0,1.03,0,0,0,0,0,5.08,0,clean
2.02,2.02,0,0,0,0,0,0,0,0,0,0,0,0,0,1.01,0,buggy
0,1.02,2.02,1.01,3.08,1.02,2.02,3.1,0,0,2.03,3.52,4.26,1.04,3.03,0,5.39,clean
0,1.01,1.01,0,1.01,1.01,0,2.02,0,2.02,1.01,1.11,2.02,1.01,2.02,4.07,3.08,clean
0,0,1.01,1.02,2.03,0,0,2.03,0,0,4.04,2.09,4.11,0,4.05,8.18,4.39,clean
0,2.03,14.16,1.01,4.04,3.05,2.02,5.14,0,0,3.04,4.43,4.22,3.03,16.2,1.05,5.34,clean
0,0,2.02,0,0,0,0,0,0,1.01,0,0,0,0,2.02,6.13,0,clean
0,0,1.01,0,0,0,0,1.02,0,0,0,0,0,0,1.01,0,1.02,clean
0,0,0,0,0,0,0,1.01,0,0,2.02,0,3.08,0,2.02,0,3.11,buggy
0,1.01,0,0,1.04,1.01,0,1.05,0,0,0,1.3,1.04,1.04,0,0,2.23,clean
0,0,2.02,0,1.02,0,0,1.02,0,0,1.01,1.09,1.03,1.02,2.03,3.07,1.06,clean
0,0,2.02,0,2.03,0,0,2.03,0,1.01,3.03,2.15,4.11,1.01,4.05,3.03,4.2,clean
0,0,0,0,0,0,0,0,0,0,0,0,0,0,0,0,1.05,clean
0,0,0,1.02,1.05,0,0,1.18,0,0,1.01,1.3,1.44,1.03,1.01,0,1.73,buggy
0,0,0,1.01,1.01,0,0,1.01,0,1.01,1.01,1.06,3.06,0,1.01,3.03,5.16,clean
0,2.02,2.02,0,2.03,2.02,0,2.06,0,2.02,3.03,2.77,4.13,2.03,5.05,4.11,4.26,clean
0,0,0,0,0,0,1.01,0,0,1.01,0,0,0,0,0,1.01,2.03,clean
0,0,0,0,0,0,0,0,1.01,0,0,0,0,0,0,1.01,2.04,clean
0,0,0,0,0,0,0,0,0,0,0,0,0,0,0,2.04,1.04,clean
0,0,0,0,0,0,0,0,0,0,1.01,0,0,0,1.01,0,1.08,buggy
0,2.03,3.06,1.01,3.09,2.04,0,6.28,0,0,3.03,5.7,6.42,1.04,5.09,1.02,7.16,clean
0,0,0,0,0,0,0,0,0,0,0,0,0,0,0,0,1.01,clean
0,0,0,0,0,0,0,1.03,0,0,1.04,0,2.08,0,1.04,0,2.24,clean
0,2.14,0,1.11,2.25,2.08,0,2.49,0,0,2.02,10.41,3.96,2.16,2.02,2.17,7.05,clean
0,0,4.06,4.05,4.1,0,0,11.42,0,0,6.1,4.79,13.09,4.07,9.15,1.01,14.78,buggy
0,0,0,0,0,0,0,0,0,0,0,0,0,0,0,0,2.09,clean
0,0,1.01,5.07,6.13,0,1.01,20.77,0,0,13.23,8.04,26.05,0,13.24,0,33.79,buggy
0,3.07,1.03,2.04,3.06,3.07,0,4.24,0,1.01,3.06,4.47,8.46,2.02,2.03,5.37,11.55,clean
0,1.01,0,1.01,1.01,1.01,0,4.19,0,0,4.09,1.07,4.47,0,4.09,1.01,5.69,clean
0,0,0,0,0,0,0,0,0,0,0,0,0,0,0,0,0,clean
0,0,0,0,0,0,0,0,0,0,0,0,0,0,0,1.01,0,clean
0,0,4.04,0,1.01,0,0,3.07,0,0,3.06,1.07,4.14,1.01,5.1,1.01,2.22,clean
0,0,0,0,0,0,0,0,0,0,0,0,0,0,0,0,0,clean
0,2.02,0,3.04,2.03,2.02,0,13.29,0,2.02,8.08,2.75,16.82,0,8.08,4.06,15.48,buggy
0,0,0,0,0,0,0,0,0,0,0,0,0,0,0,0,0,clean
0,1.09,1.02,1.08,1.18,1.09,0,1.44,1.01,0,1.02,2.89,1.66,1.04,1.04,1.09,2.34,clean
0,0,0,0,0,0,0,0,0,0,0,0,0,0,0,0,0,clean
0,0,0,0,0,0,0,0,0,0,0,0,0,0,0,0,0,clean
1.03,1.01,1.01,0,0,1.02,0,1.01,1.01,1.01,0,0,0,0,1.01,1.04,1.01,clean
0,7.07,0,8.15,11.18,7.07,0,16.67,0,2.02,11.14,13.5,16.33,3.03,11.14,6.1,19.44,clean
0,0,3.05,0,2.02,0,0,3.08,0,0,0,2.13,3.11,2.02,3.05,0,4.35,clean
0,1.07,0,2.13,3.2,1.07,0,5.75,0,1.01,3.06,8.9,7.13,2.03,3.06,5.37,9.53,clean
0,0,0,3.05,3.12,0,0,4.47,0,1.01,3.03,6.42,5.58,1.04,3.03,5.37,11.32,clean
0,1.01,1.01,3.05,3.06,1.01,0,5.43,0,1.08,3.09,3.95,6.85,0,4.09,1.01,7.85,buggy
0,0,0,0,0,0,0,0,0,0,0,0,0,0,0,2.04,1.15,clean
94.18,94.18,0,0,0,0,0,0,0,0,0,0,0,0,0,0,0,buggy
0,0,1.02,0,0,0,0,0,0,0,0,0,0,0,1.02,0,1.01,clean
0,0,0,1.01,1.01,0,0,3.09,0,0,1.04,1.03,1.1,0,1.04,3.03,3.15,clean
0,0,0,0,0,0,0,0,0,0,0,0,0,0,0,0,0,clean
0,1.07,0,0,0,1.07,0,2.09,0,2.03,0,0,1.12,0,0,3.08,4.38,clean
0,0,0,0,0,0,0,0,0,0,0,0,0,0,0,0,1.02,clean
0,0,0,0,0,0,0,0,0,0,0,0,0,0,0,0,0,clean
0,0,0,0,0,0,0,0,0,1.03,0,0,0,0,0,1.01,0,clean
0,0,2.03,0,1.01,0,0,2.08,0,0,2.02,1.02,3.09,1.01,3.05,0,3.46,clean
0,0,1.01,0,0,0,0,2.03,0,0,3.03,0,4.08,0,4.04,0,4.16,clean
0,1.01,0,1.01,3.04,1.01,0,5.09,0,0,0,3.79,5.16,2.02,0,12.22,6.25,buggy
0,0,0,0,0,0,0,0,0,0,0,0,0,0,0,0,2.09,clean
0,4.04,9.17,0,4.08,4.04,0,4.08,0,0,0,5.88,4.08,4.08,9.17,3.03,4.24,clean
0,0,0,0,0,0,0,0,0,0,0,0,0,0,0,0,0,clean
0,0,0,0,0,0,0,0,0,0,0,0,0,0,0,2.02,0,clean
0,0,1.01,0,1.01,0,0,1.01,0,0,0,1.1,2.03,0,1.01,0,1.04,clean
0,1.06,0,1.01,2.02,1.06,0,2.05,0,1.01,4.05,2.29,4.14,1.01,4.05,5.37,4.23,clean
0,0,0,0,0,0,0,0,0,0,0,0,0,0,0,0,0,clean
0,6.23,4.12,4.16,4.22,5.21,0,9.64,0,1.01,6.18,7.63,11.85,3.07,9.3,3.04,13.01,clean
0,5.05,32.71,3.04,14.26,5.05,6.07,19.5,0,0,9.1,30.81,19.98,11.12,35.76,0,24.59,clean
0,0,0,0,0,0,0,0,0,0,0,0,0,0,0,0,2.05,clean
0,0,5.07,0,0,0,0,0,0,0,0,0,0,0,5.07,1.01,1.08,clean
0,1.01,0,0,2.02,1.01,0,2.04,0,0,3.03,2.09,2.05,0,3.03,0,2.08,clean
0,0,0,0,0,0,0,0,0,0,0,0,0,0,0,0,1.01,clean
0,1.01,1.01,2.02,3.08,2.02,5.07,3.41,0,0,3.15,3.4,3.77,2.03,3.16,1.01,5.73,clean
0,1.07,0,0,0,1.07,0,0,0,0,1.01,0,1.05,0,1.01,1.01,1.06,clean
0,0,0,0,0,0,0,0,0,0,0,0,0,0,0,1.01,1.01,clean
0,0,0,0,0,0,0,0,0,0,1.01,0,1.02,0,1.01,0,1.01,buggy
0,0,4.05,0,0,0,0,0,0,0,0,0,0,0,4.05,1.01,0,clean
0,0,0,0,0,0,0,0,0,0,0,0,0,0,0,0,0,clean
0,4.04,62.58,1.01,4.06,4.04,0,6.15,0,14.19,7.09,5.26,9.27,3.05,61.58,0,12.88,buggy
0,0,0,0,0,0,1.01,0,0,0,0,0,0,0,0,3.05,0,clean
0,1.01,0,1.04,1.04,1.01,0,1.08,0,0,0,2.5,2.19,0,0,1.02,3.81,buggy
0,0,0,0,6.09,0,0,6.09,0,0,6.09,6.78,6.18,6.09,6.09,7.1,6.27,buggy
0,0,2.02,0,0,0,0,0,0,2.02,0,0,0,0,2.02,8.13,0,clean
0,1.01,0,0,0,1.01,0,1.01,0,0,1.02,0,2.02,1.01,1.02,4.07,2.05,clean
0,0,0,0,0,0,0,0,0,9.16,0,0,0,0,0,0,0,clean
0,1.03,1.01,2.04,3.06,1.03,0,4.1,0,0,2.02,3.72,4.24,2.03,3.03,3.03,6.4,clean
0,0,0,0,0,0,0,0,0,1.01,0,0,0,0,0,3.1,0,clean
0,2.02,0,2.03,2.06,2.02,0,3.3,0,0,4.17,2.33,4.8,1.03,4.17,0,7.12,clean
0,0,0,0,0,0,0,0,0,0,3.03,0,0,0,3.03,0,2.12,clean
0,0,0,0,0,0,0,1.1,0,0,6.07,0,2.19,0,6.06,1.01,1.45,buggy
0,1.01,1.01,1.03,3.09,1.01,0,5.22,0,0,1.12,4.48,5.58,2.02,1.13,12.22,8.24,buggy
0,0,0,0,0,0,0,0,0,0,0,0,0,0,0,0,0,clean
0,0,0,0,0,0,0,1.01,0,0,1.01,0,0,0,1.01,3.05,0,clean
0,0,0,0,1.01,0,0,1.01,0,1.01,0,1.03,1.02,1.01,0,2.04,1.03,clean
0,1.03,1.01,0,0,1.03,0,0,0,0,1.01,0,1.02,0,1.01,0,0,clean
0,0,0,0,0,0,0,0,0,0,0,0,0,0,0,0,0,clean
0,0,0,0,0,0,0,0,0,0,0,0,0,0,0,1.01,0,clean
0,0,0,0,0,0,0,0,0,0,0,0,0,0,0,1.01,0,clean
0,1.01,0,0,2.06,1.01,0,3.08,1.01,2.08,2.04,2.21,3.15,2.05,2.04,5.13,3.25,clean
0,4.06,0,2.07,3.09,3.05,0,3.15,0,0,5.09,3.73,8.39,1.01,5.09,8.18,8.11,buggy
0,0,2.02,0,0,0,0,0,0,0,1.01,0,0,0,1.01,4.11,0,clean
0,2.02,11.18,0,1.01,2.02,0,3.05,0,0,1.01,1.12,3.07,1.01,11.17,0,4.21,buggy
0,0,4.06,0,1.05,0,0,4.36,0,0,3.12,1.3,6,1.05,6.18,1.01,6.23,clean
0,4.12,1.01,0,0,4.12,0,6.22,0,0,4.07,0,5.27,0,4.06,0,8.21,clean
0,0,2.02,0,1.02,0,5.08,1.02,0,0,0,1.19,1.02,1.01,2.02,1.01,1.06,clean
1.01,1.01,0,0,1.01,0,0,0,0,0,1.01,1.04,0,1.01,1.01,1.01,2.06,clean
0,2.05,1.06,1.01,3.03,2.05,0,4.08,0,0,4.09,3.51,4.24,2.02,4.15,0,8.28,clean
0,0,0,0,0,0,0,0,0,0,0,0,0,0,0,0,1.01,clean
0,0,3.04,0,0,0,0,1.07,0,0,5.05,0,2.09,0,7.09,4.1,3.27,clean
0,0,0,0,0,0,0,0,0,0,0,0,0,0,0,0,0,clean
0,1.01,0,0,1.01,1.01,0,1.01,0,0,2.03,1.02,2.08,0,2.03,8.18,3.11,clean
0,0,2.02,0,0,0,0,0,0,0,0,0,1.01,0,2.02,0,2.12,clean
0,0,0,0,0,0,0,0,0,0,1.02,0,1.02,0,1.02,1.01,1.01,clean
0,1.01,10.42,0,3.03,0,0,3.07,0,0,1.02,3.27,3.17,3.03,10.44,1.01,4.45,clean
0,0,0,0,0,0,0,0,0,0,0,0,0,0,0,0,0,clean
0,4.19,2.02,1.05,2.09,3.09,0,4.33,1.01,1.06,5.3,2.95,8.23,2.05,6.32,1.07,10.9,clean
0,3.12,2.09,2.05,2.04,2.02,0,5.22,0,1.01,3.03,3.38,6.65,1.04,4.11,3.04,10.25,clean
0,0,4.04,0,1.02,0,0,3.05,0,1.01,2.02,1.21,3.04,1.02,5.06,4.08,4.19,clean
0,1.08,2.05,1.08,1.24,1.04,0,4.2,0,3.11,4.37,5.2,7.36,2.03,5.42,0,9.87,clean
0,5.11,2.03,4.08,11.14,6.12,1.01,13.48,0,0,11.21,15.14,17.36,1.01,11.2,1.01,18.78,buggy
0,1.02,0,0,0,1.01,0,0,0,0,0,0,1.01,0,0,0,1.04,clean
0,1.05,1.01,2.06,2.07,1.05,0,6.26,0,0,2.02,3.05,4.41,1.01,3.03,1.01,7.46,clean
0,0,0,0,0,0,0,0,0,0,0,0,0,0,0,0,0,clean
0,0,0,0,0,0,0,0,0,0,0,0,0,0,0,0,0,clean
0,0,0,0,0,0,0,0,0,0,0,0,0,0,0,3.06,0,clean
0,0,0,0,0,0,0,0,0,0,0,0,0,0,0,0,0,clean
0,0,0,0,0,0,0,0,0,0,1.02,0,2.08,0,1.02,0,2.28,clean
1.01,4.06,0,3.03,3.03,3.03,0,9.25,0,0,4.04,3.67,10.68,0,4.04,0,12.47,buggy
0,0,0,0,0,0,0,0,0,1.01,0,0,0,0,0,3.04,1.15,clean
0,1.01,0,0,1.01,1.01,0,1.04,0,0,1.02,1.06,1.06,0,1.02,1.01,4.21,buggy
0,0,0,0,0,0,7.1,0,0,0,0,0,0,0,0,1.01,0,clean
0,0,0,0,0,0,0,0,0,0,0,0,0,0,0,0,0,clean
0,0,0,0,0,0,0,0,0,0,0,0,0,0,0,0,2.08,clean
0,0,0,0,0,0,0,0,0,0,0,0,0,0,0,0,0,clean
0,0,0,0,0,0,0,1.01,0,0,1.01,0,2.03,0,1.01,0,1.11,buggy
0,0,0,0,0,0,0,0,0,0,5.05,0,1.01,0,5.05,3.05,2.05,clean
0,0,0,0,0,0,0,0,0,0,0,0,0,0,0,0,0,clean
0,3.09,0,1.03,3.07,2.08,0,3.4,0,0,4.05,4.47,4.59,1.01,4.05,0,5.52,clean
0,0,0,0,0,0,0,0,0,0,0,0,0,0,0,1.01,0,clean
0,0,0,0,0,0,0,0,0,1.01,0,0,0,0,0,1.01,0,clean
0,0,0,0,0,0,0,0,0,0,0,0,0,0,0,0,0,clean
0,0,1.01,2.04,2.04,0,0,13.39,0,0,13.39,2.14,15.74,0,13.4,1.01,15.21,clean
0,0,0,0,0,0,0,0,0,0,0,0,0,0,0,0,0,clean
0,0,0,0,0,0,2.02,0,0,0,0,0,0,0,0,1.01,0,clean
0,0,6.1,0,0,0,1.01,0,0,1.01,0,0,0,0,6.1,3.03,1.01,clean
0,0,0,0,0,0,0,0,0,0,0,0,0,0,0,0,0,clean
0,0,2.02,1.01,3.03,0,0,3.04,0,0,4.05,3.45,4.1,3.04,6.07,1.01,4.15,buggy
0,0,0,0,0,0,0,0,0,0,0,0,0,0,0,0,0,clean
0,0,0,0,0,0,0,0,0,1.01,0,0,0,0,0,0,0,clean
0,1.01,0,1.01,1.01,1.01,0,3.04,0,0,4.06,1.08,4.14,0,4.06,0,4.27,clean
0,1.01,1.01,1.02,2.04,1.01,0,2.1,0,4.15,1.06,2.14,2.34,0,1.07,1.16,2.51,clean
0,0,1.01,0,0,0,0,0,0,0,0,0,0,0,1.01,3.07,0,clean
0,1.03,0,0,2.04,1.03,0,2.05,0,0,1.02,2.46,2.13,0,1.02,0,2.24,clean
0,0,0,0,1.01,0,0,1.04,0,0,1.01,1.05,1.04,0,1.01,1.01,1.23,clean
0,0,0,0,3.03,0,0,3.12,0,0,3.06,3.08,3.15,3.03,3.06,0,4.33,clean
0,0,0,0,0,0,0,0,0,0,1.01,0,0,0,1.01,3.05,0,clean
0,0,0,0,0,0,0,0,0,0,0,0,0,0,0,3.05,0,clean
0,1.01,0,0,0,1.01,0,0,0,0,0,0,0,0,0,1.01,0,clean
0,1.05,0,1.01,1.01,1.05,0,3.14,0,0,3.1,1.13,4.24,0,3.1,1.01,4.44,buggy
0,0,0,0,0,0,0,0,0,0,0,0,0,0,0,0,1.04,clean
0,0,0,0,1.01,0,0,1.01,0,0,1.01,1.05,1.07,1.01,1.01,0,2.11,clean
0,3.03,0,0,1.01,2.02,0,1.01,0,0,4.05,1.09,4.12,0,4.05,8.18,4.24,clean
0,2.02,1.01,2.02,4.08,2.02,3.03,3.1,0,0,3.06,4.48,4.32,3.05,3.07,3.04,3.55,clean
0,1.02,1.01,0,1.01,0,1.01,1.01,0,2.17,1.01,1.1,1.02,0,1.02,5.21,1.03,clean
0,1.01,0,1.01,1.02,1.01,0,2.04,0,0,1.02,1.07,2.07,1.01,1.02,0,3.27,clean
0,0,0,0,2.02,0,0,3.1,0,0,3.06,2.05,4.15,1.01,3.06,8.18,5.28,clean
0,1.01,2.02,1.01,2.04,1.01,0,2.08,0,0,1.03,2.29,2.14,1.02,2.05,0,3.33,clean
0,0,0,1.01,1.01,0,0,2.04,0,0,3.04,1.02,2.14,0,3.04,0,2.23,clean
0,0,1.01,2.03,3.04,0,0,4.28,0,4.06,4.07,3.75,6.77,1.01,5.08,1.01,8.02,clean
0,5.07,1.01,5.08,9.17,5.07,0,15.51,1.02,1.01,12.27,13.26,18.86,1.01,13.28,4.19,23.7,buggy
0,1.01,0,5.13,5.17,1.01,0,7.32,1.01,0,5.16,6.89,10.23,2.05,5.16,9.27,12.38,buggy
0,0,13.2,0,2.02,0,0,4.06,0,1.01,3.03,2.27,5.09,0,14.23,3.05,5.25,clean
0,1.01,4.08,1.01,2.04,1.01,0,4.19,0,1.01,1.04,2.7,4.33,3.05,5.12,1.01,5.96,clean
0,0,0,0,0,0,0,0,0,0,0,0,0,0,0,0,0,clean
0,2.02,2.02,0,1.03,0,3.03,2.09,1.01,2.02,2.07,1.12,2.14,1.01,3.09,11.41,3.26,buggy
0,1.01,0,0,0,1.01,0,0,0,0,0,0,1.01,0,0,0,0,clean
0,0,0,0,1.02,0,0,1.08,0,2.02,2.04,1.05,1.12,0,2.04,4.06,2.35,clean
0,0,0,0,0,0,0,0,0,0,0,0,0,0,0,0,0,clean
0,2.02,2.02,0,1.01,2.02,0,1.01,0,0,2.03,1.06,2.02,1.01,1.01,0,3.17,clean
0,0,0,0,0,0,0,0,0,0,0,0,0,0,0,0,0,clean
0,0,0,0,0,0,0,0,0,0,1.01,0,0,0,1.01,1.02,1.01,clean
0,3.03,4.05,0,0,3.03,1.01,1.01,0,2.02,2.02,0,3.03,0,4.05,8.13,3.03,buggy
0,0,1.01,0,0,0,0,0,0,0,0,0,0,0,1.01,3.07,0,clean
0,0,0,0,0,0,0,0,0,0,1.01,0,0,0,1.01,0,1.01,clean
0,1.01,2.03,0,1.01,0,0,3.18,0,0,1.02,1.06,2.23,1.01,2.05,0,4.41,buggy
0,2.03,0,0,1.01,2.02,0,1.04,0,0,1.01,1.07,1.03,1.01,1.01,3.05,2.1,clean
0,0,0,0,0,0,0,1.01,0,0,0,0,1.01,0,0,0,2.04,clean
0,3.18,0,1.03,2.04,2.03,0,3.39,0,1.01,5.11,2.78,7.02,0,5.11,3.04,8.48,clean
0,0,0,0,0,0,0,0,0,0,0,0,0,0,0,0,0,clean
0,0,0,0,0,0,0,0,0,0,0,0,0,0,0,2.04,2.18,clean
0,0,1.01,0,1.01,0,0,2.02,0,0,2.02,1.06,3.05,0,2.02,0,4.1,clean
0,1.01,0,0,1.01,1.01,0,1.01,0,0,2.03,1.04,2.05,0,2.03,8.18,1.01,clean
0,0,0,0,0,0,0,0,0,0,0,0,0,0,0,1.01,1.01,clean
0,0,0,0,0,0,0,1.01,0,0,0,0,1.01,0,0,0,1.02,clean
1.01,1.01,1.01,0,1.09,0,0,1.1,1.01,1.01,1.02,1.54,1.13,1.1,2.03,2.13,1.27,buggy
0,1.01,0,0,0,0,0,2.06,0,0,2.02,0,2.09,0,2.02,0,3.1,clean
0,0,0,0,0,0,0,0,0,0,0,0,0,0,0,0,0,clean
0,0,0,0,0,0,0,0,0,0,1.01,0,1.01,0,1.01,0,1.09,clean
0,2.04,2.03,0,2.05,1.01,0,2.07,0,0,2.03,2.45,2.09,2.05,3.04,1.01,2.35,clean
0,1.06,3.03,0,3.04,1.02,0,3.29,0,0,1.01,3.26,2.35,3.04,4.04,4.11,3.66,clean
0,1.01,1.02,2.02,3.03,1.01,0,5.16,0,2.02,2.06,3.21,6.44,1.01,3.07,5.08,7.58,clean
0,0,3.03,2.02,1.01,0,0,2.08,0,0,2.03,1.04,2.11,1.01,3.04,0,3.18,buggy
0,2.05,0,1.05,2.09,2.05,0,2.09,0,0,3.05,2.63,4.69,1.03,2.04,8.18,7.96,clean
0,1.01,1.01,0,1.01,0,0,1.04,0,0,3.05,1.2,1.13,1.01,3.06,0,2.39,clean
0,0,0,0,0,0,0,1.01,0,1.01,1.01,0,1.07,0,1.01,2.02,3.08,clean
0,0,0,0,1.01,0,0,0,0,0,0,1.03,1.01,1.01,0,0,1.07,clean
0,2.07,2.03,1.04,1.04,1.16,0,2.25,0,0,1.01,1.22,2.32,0,3.04,1.01,3.5,clean
0,0,0,0,0,0,0,0,0,0,0,0,0,0,0,1.01,0,clean
0,0,0,0,0,0,0,0,0,0,0,0,0,0,0,0,1.4,clean
0,1.02,1.01,1.01,2.03,1.02,0,6.24,0,0,6.07,2.52,7.6,1.02,6.08,4.06,8.17,clean
0,0,0,0,0,0,0,0,0,0,0,0,0,0,0,0,0,clean
0,0,0,0,0,0,0,1.01,0,0,1.01,0,0,0,1.01,1.01,0,clean
0,1.04,2.02,1.02,3.06,1.02,0,3.24,0,12.53,2.02,4.65,5.28,2.03,3.03,0,5.64,buggy
0,0,0,0,0,0,0,0,0,0,0,0,0,0,0,2.04,1.25,clean
0,0,0,0,0,0,0,0,0,0,5.06,0,3.04,0,5.06,0,3.03,clean
0,0,0,0,0,0,0,0,0,0,0,0,1.01,0,0,0,1.01,buggy
0,0,0,0,1.01,0,0,1.01,0,0,0,1.12,1.02,0,0,0,1.04,clean
0,1.06,0,0,0,0,0,2.03,0,0,2.02,0,3.05,0,2.02,0,4.12,clean
0,0,0,0,0,0,0,0,0,1.01,0,0,0,0,0,3.1,0,clean
0,1.08,0,1.01,1.03,1.08,0,1.58,0,1.13,2.02,1.27,1.95,1.02,2.02,2.03,2.58,clean
0,0,0,0,0,0,0,0,0,1.01,0,0,1.02,0,0,2.02,1.02,clean
0,0,0,0,1.01,0,0,1.04,0,0,0,1.01,1.05,1.01,0,0,2.26,clean
0,2.04,0,2.05,2.05,2.03,0,5.42,0,0,1.06,2.64,5.67,0,1.07,1.01,6.46,buggy
0,1.01,1.01,0,0,0,0,0,0,0,0,0,0,0,1.01,0,1.03,buggy
0,0,0,0,0,0,0,0,0,0,0,0,0,0,0,1.01,0,clean
0,0,0,0,0,0,0,0,0,0,0,0,0,0,0,0,1.07,buggy
0,0,0,3.06,3.06,0,0,12.52,0,2.03,6.07,4.35,17.12,0,6.07,3.08,19.37,clean
0,0,0,0,0,0,0,0,0,0,0,0,0,0,0,2.04,1.19,clean
0,0,0,0,0,0,0,0,0,0,0,0,0,0,0,0,0,clean
0,1.01,1.01,1.01,0,1.01,0,2.03,1.01,0,2.02,0,2.08,0,2.03,1.09,3.15,clean
0,0,1.02,0,0,0,0,0,0,0,0,0,0,0,1.02,1.01,0,clean
0,0,5.07,0,0,0,0,0,0,0,0,0,0,0,5.07,0,0,clean
0,0,0,0,0,0,0,0,0,0,0,0,0,0,0,0,0,clean
0,2.02,2.04,0,2.04,2.02,0,2.04,0,0,0,2.22,2.04,2.04,2.04,1.01,2.12,clean
0,0,0,2.02,2.03,0,0,2.06,0,0,2.04,2.69,2.17,1.01,2.04,0,2.43,clean
0,1.01,0,0,0,0,0,3.07,0,0,3.03,0,4.07,0,3.03,0,2.18,clean
0,0,0,0,0,0,0,1.01,0,0,0,0,0,0,0,2.03,2.02,clean
0,1.01,0,0,1.01,0,0,2.02,0,0,0,1.01,1.01,1.01,0,0,2.24,clean
0,0,0,0,1.01,0,0,1.1,0,0,0,1.1,1.09,1.01,0,0,1.39,clean
0,0,0,0,0,0,0,0,0,0,0,0,0,0,0,1.03,0,clean
0,0,0,0,0,0,0,0,0,0,0,0,0,0,0,0,0,clean
0,2.02,0,0,1.01,2.02,0,3.03,0,0,2.02,1.12,2.03,0,2.02,0,3.11,clean
13.32,13.32,0,0,0,0,0,0,0,0,0,0,0,0,0,0,0,buggy
0,0,0,0,0,0,0,0,0,0,0,0,0,0,0,0,1.06,clean
0,0,8.08,0,0,0,1.01,0,0,2.02,1.01,0,1.01,0,8.09,8.14,0,clean
0,3.11,1.01,4.14,3.14,2.06,0,9.74,0,0,11.49,4.22,10.81,2.02,11.5,0,13.45,clean
0,0,0,0,0,0,0,1.01,0,0,0,0,2.02,0,0,0,1.02,clean
0,0,0,0,1.01,0,0,2.02,0,0,3.03,1.09,2.02,0,3.03,9.11,3.07,buggy
0,0,2.02,3.04,1.02,0,0,3.12,0,0,2.03,1.07,2.19,2.02,4.05,1.01,4.38,clean
0,0,1.01,2.02,2.02,0,0,3.14,0,0,2.02,2.07,4.17,0,1.01,1.01,6.34,clean
0,0,0,0,0,0,0,0,0,0,0,0,0,0,0,1.01,0,clean
0,0,0,0,0,0,0,0,0,0,0,0,1.01,0,0,1.01,2.03,clean
0,2.03,1.01,3.03,6.06,2.02,0,9.32,0,1.01,5.09,7.86,11.62,0,6.1,5.37,14.3,clean
0,0,2.03,0,0,0,0,0,0,0,0,0,0,0,2.03,3.05,1.01,clean
0,0,0,0,0,0,0,0,0,5.15,0,0,0,0,0,0,3.03,clean
0,0,0,0,0,0,0,0,0,0,0,0,0,0,0,0,0,clean
0,1.01,1.01,0,0,1.01,0,1.03,0,0,2.02,0,3.05,0,3.03,0,3.06,clean
0,1.01,0,0,0,1.01,0,0,0,0,0,0,1.01,0,0,0,0,clean
0,0,0,0,0,0,0,2.02,0,0,0,0,2.02,0,0,1.01,2.12,clean
0,0,0,0,0,0,0,0,0,0,0,0,0,0,0,0,0,clean
0,0,0,0,0,0,0,0,0,0,0,0,0,0,0,1.01,1.01,clean
0,1.01,0,3.04,3.04,1.01,0,3.09,2.02,0,3.05,3.17,3.21,0,3.05,2.06,4.64,clean
0,2.13,0,1.02,1.03,1.03,0,2.07,0,1.01,3.03,1.63,4.25,1.01,3.03,3.04,6.09,clean
0,0,0,0,0,0,0,0,0,0,0,0,0,0,0,0,0,buggy
0,0,0,0,0,0,0,0,0,0,0,0,0,0,0,1.02,0,clean
0,0,0,0,1.01,0,0,1.01,0,3.12,0,1.11,1.09,1.01,0,9.7,2.07,clean
0,0,0,0,0,0,0,2.03,0,0,3.03,0,3.12,0,3.03,0,3.13,buggy
0,0,0,0,0,0,0,0,0,3.12,1.01,0,0,0,1.01,9.59,0,clean
0,0,0,0,0,0,0,0,0,0,0,0,0,0,0,0,0,clean
0,0,0,0,0,0,0,2.03,0,0,1.01,0,2.04,0,1.01,0,3.05,clean
0,0,0,0,1.01,0,0,1.02,0,0,1.01,1.14,2.07,0,1.01,1.01,4.14,buggy
0,3.03,3.04,2.04,3.1,1.01,2.02,7.34,0,9.16,4.08,4.39,8.72,3.04,5.12,0,9.32,clean
0,0,0,0,0,0,0,1.03,0,0,0,0,3.06,0,0,0,4.21,clean
0,0,0,0,2.02,0,0,2.02,0,3.25,1.02,2.12,2.04,2.02,1.02,5.9,2.12,clean
0,0,0,0,0,0,0,0,0,0,1.01,0,1.01,0,1.01,0,0,clean
0,2.03,0,2.04,4.1,1.02,0,6.38,0,1.01,5.16,4.74,6.66,1.02,5.16,10.17,8.27,buggy
0,0,0,0,0,0,0,0,0,0,0,0,0,0,0,1.01,0,clean
0,0,0,0,1.02,0,0,1.02,0,2.06,1.02,1.03,1.04,1.02,1.02,2.31,1.06,clean
0,1.01,2.02,2.02,3.03,1.01,0,5.05,0,0,6.06,3.26,8.29,1.01,6.08,0,8.52,clean
0,0,0,0,0,0,0,0,0,0,0,0,0,0,0,0,0,clean
0,1.01,0,0,0,1.01,0,0,0,0,0,0,1.01,0,0,0,0,clean
0,1.01,9.18,4.04,7.15,1.01,0,13.73,0,0,8.13,13.36,14.25,6.1,15.3,6.17,15.88,clean
0,0,0,0,0,0,0,0,0,0,2.03,0,2.03,0,2.03,0,2.04,buggy
0,0,0,0,0,0,0,0,0,0,0,0,0,0,0,0,0,clean
0,0,0,0,0,0,0,0,0,0,0,0,0,0,0,0,1.03,clean
0,1.04,1.01,0,0,1.04,0,0,0,1.01,2.02,0,2.04,0,3.03,3.04,3.12,clean
0,0,0,0,1.02,0,0,1.02,0,1.01,1.01,1.05,1.04,0,1.01,2.02,1.06,clean
0,0,1.01,0,1.02,0,0,1.06,1.01,1.01,1.03,1.15,1.09,1.01,2.04,3.06,1.16,clean
0,0,0,0,0,0,0,0,0,0,0,0,0,0,0,1.01,0,clean
0,0,0,1.04,2.08,0,0,2.1,2.02,0,3.05,2.52,4.34,1.03,3.05,9.19,8.51,clean
0,1.01,0,2.07,2.08,1.01,0,3.15,0,0,2.04,4.04,2.31,1.01,2.04,1.01,4.89,clean
1.01,1.01,0,1.01,1.01,0,0,0,0,0,1.01,1.04,1.04,0,1.01,0,2.25,clean
0,0,0,0,0,0,0,1.02,0,0,0,0,0,0,0,2.03,2.12,clean
0,0,0,1.01,1.01,0,0,1.01,1.01,0,1.01,1.02,1.01,0,1.01,1.02,2.02,clean
0,0,0,0,1.01,0,0,1.01,1.01,1.01,0,1.04,1.01,1.01,0,2.06,1.03,clean
0,0,0,0,0,0,0,0,0,0,2.02,0,1.01,0,2.02,0,1.01,clean
0,1.01,2.02,2.02,3.06,1.01,0,3.26,0,0,5.11,3.91,4.48,2.02,5.11,5.07,5.81,buggy
0,0,1.01,1.01,3.04,0,0,3.07,2.02,0,3.04,3.22,6.19,2.02,3.04,6.14,7.56,clean
0,0,0,0,0,0,0,0,0,0,0,0,0,1.01,0,0,1.02,clean
0,0,0,0,0,0,0,0,0,0,0,0,0,0,0,0,1.04,clean
0,0,0,0,0,0,0,0,0,0,0,0,0,0,0,0,1.04,clean
0,2.02,1.01,0,2.04,2.02,0,2.06,1.01,1.01,3.03,2.17,2.04,2.04,3.04,2.05,3.15,clean
0,2.06,0,1.01,1.01,1.01,0,1.01,0,1.01,2.02,1.14,3.17,0,2.02,3.04,4.45,clean
0,0,0,0,0,0,0,2.04,0,1.01,1.01,0,3.04,0,1.01,5.37,3.6,clean
0,2.04,0,0,0,1.01,0,2.02,0,0,1.01,0,3.1,0,1.01,0,3.14,clean
0,0,0,0,0,0,0,0,0,0,0,0,1.01,0,0,0,2.3,buggy
0,0,1.02,0,0,0,0,0,0,0,0,0,0,1.02,1.02,1.01,0,clean
0,0,1.01,0,0,0,0,0,0,0,0,0,0,0,1.01,1.01,0,clean
0,0,0,0,0,0,0,0,0,0,0,0,0,0,0,0,0,clean
0,0,0,0,0,0,0,0,0,0,0,0,0,0,0,0,0,clean
0,0,4.04,0,1.01,0,0,3.04,0,1.01,2.02,1.11,4.11,1.01,4.04,5.11,3.31,buggy
0,2.02,0,0,1.01,2.02,0,2.03,0,0,3.05,1.05,4.12,1.01,3.05,4.1,3.14,buggy
0,0,0,0,0,0,0,0,0,0,3.03,0,0,0,3.03,1.01,1.05,buggy
0,0,0,0,0,0,0,1.02,0,0,1.01,0,1.06,0,1.01,0,2.1,clean
0,0,3.04,0,0,0,0,0,0,0,0,0,0,0,3.04,1.01,0,clean
0,0,8.1,0,1.01,0,0,3.05,0,0,1.02,1.06,3.06,1.01,9.12,4.1,4.13,clean
0,0,0,0,0,0,0,0,0,0,0,0,0,0,0,1.01,0,clean
0,0,0,0,0,0,0,1.04,0,0,1.01,0,1.04,0,1.01,0,2.17,clean
0,0,0,0,0,0,0,0,0,0,0,0,0,0,0,1.01,0,clean
0,0,0,0,0,0,0,0,0,0,0,0,2.03,0,0,0,0,clean
0,0,0,2.03,2.03,0,0,2.14,1.01,1.01,0,2.18,3.22,0,0,3.04,4.5,clean
0,4.04,3.04,2.02,1.01,4.04,0,4.21,0,12.18,2.04,1.15,4.5,0,4.08,0,8.16,clean
0,0,0,0,2.02,0,0,2.08,0,0,3.06,2.05,4.17,1.01,3.06,8.18,4.26,clean
0,2.02,0,1.02,1.02,2.02,0,1.1,0,0,2.05,1.05,1.27,0,2.05,0,2.46,clean
0,1.01,0,4.06,4.08,1.01,0,5.16,0,1.01,3.04,5.09,6.41,1.02,3.04,3.04,9.42,clean
0,0,0,0,0,0,0,0,0,0,0,0,1.02,0,0,0,1.1,clean
0,1.02,0,0,2.05,1.01,0,2.19,1.01,1.01,2.02,2.3,3.31,1.02,2.02,5.14,3.75,clean
0,0,0,1.01,1.02,0,0,1.04,0,0,1.03,1.25,1.11,1.01,1.03,0,2.34,clean
0,2.06,2.02,5.05,4.05,2.04,0,11.47,0,0,4.09,4.7,11.86,2.02,5.11,1.01,17.44,clean
0,0,0,0,2.02,0,0,2.02,0,0,1.01,2.07,3.04,0,1.01,0,2.07,clean
0,0,0,0,1.06,0,0,1.18,0,1.01,1.08,1.69,2.3,1.03,1.08,3.03,2.57,clean
0,0,0,0,0,0,0,0,0,0,0,0,0,0,0,2.04,0,clean
0,1.01,1.01,0,1.01,1.01,0,3.03,0,2.02,1.01,1.08,1.01,1.01,2.02,11.21,4.1,clean
0,1.05,1.01,0,1.04,1.05,0,3.05,0,2.22,4.06,1.5,4.19,1.02,3.05,2.08,4.76,buggy
0,0,0,0,0,0,0,0,0,0,0,0,0,0,0,0,0,clean
0,0,0,1.01,1.01,0,0,1.01,0,0,0,1.06,1.07,0,0,0,1.19,clean
0,0,1.03,0,2.02,0,1.01,2.03,0,0,2.03,2.11,2.12,1.01,2.06,0,2.12,clean
0,0,1.01,1.01,1.02,0,0,1.02,0,0,1.01,1.43,1.02,1.01,2.02,1.01,1.12,clean
0,1.01,0,0,0,0,0,0,0,0,0,0,1.01,0,0,0,1.03,clean
0,0,2.02,1.01,1.01,0,0,1.04,0,1.01,1.01,1.07,2.07,0,3.03,3.03,1.1,clean
0,0,0,2.05,2.05,0,0,3.23,0,0,1.04,2.15,3.53,0,1.04,0,4.85,clean
0,0,0,0,0,0,0,1.02,0,0,1.05,0,1.06,0,1.05,0,1.06,clean
0,0,0,0,0,0,0,0,0,0,0,0,0,0,0,0,1.03,clean
0,0,0,0,0,0,0,0,0,0,0,0,0,0,0,1.01,0,clean
0,0,2.03,0,0,0,0,0,0,0,0,0,0,0,2.03,2.05,0,clean
0,0,0,0,0,0,0,0,0,0,0,0,0,0,0,0,1.01,clean
0,1.03,0,0,0,1.03,0,0,0,1.01,2.02,0,3.05,0,2.02,3.09,2.02,clean
0,2.03,0,1.01,2.04,2.03,0,4.16,0,0,1.01,2.27,4.14,1.02,1.01,1.01,5.64,clean
0,0,0,0,0,0,0,0,0,0,0,0,0,0,0,1.01,0,clean
0,0,6.1,0,0,0,0,0,0,0,0,0,0,0,6.1,7.14,0,clean
0,0,0,0,0,0,0,0,0,0,0,0,0,0,0,0,0,clean
0,0,0,0,1.01,0,0,1.01,0,0,0,1.06,1.02,0,0,0,1.08,clean
0,1.01,1.01,0,0,1.01,0,0,0,0,1.01,0,1.02,0,2.02,0,0,clean
0,1.01,0,1.01,1.01,1.01,0,1.04,0,1.01,2.02,1.13,4.17,0,2.02,3.04,6.49,clean
0,0,2.02,0,0,0,0,0,0,0,0,0,0,0,2.02,1.01,1.03,clean
0,0,1.01,0,0,0,0,0,0,0,0,0,0,0,1.01,3.07,0,clean
0,7.12,0,4.05,5.07,4.09,0,9.26,0,0,7.09,6.07,11.64,2.05,7.09,0,14.98,buggy
0,0,0,0,0,0,0,1.02,0,0,1.01,0,1.03,0,1.01,1.01,1.04,clean
0,0,0,0,0,0,0,5.09,0,3.11,6.07,0,6.19,0,6.07,3.03,4.24,clean
0,0,0,0,0,0,0,0,0,0,0,0,0,0,0,0,0,clean
0,0,0,0,0,0,0,0,0,0,0,0,0,0,0,2.04,1.13,clean
0,0,0,1.01,1.01,0,0,3.14,0,0,2.03,1.04,3.14,0,2.03,0,5.39,clean
0,1.01,3.05,0,0,1.01,0,1.07,0,0,2.03,0,2.11,0,3.06,1.01,3.33,clean
0,0,0,0,0,0,0,0,0,0,0,0,0,0,0,2.04,0,clean
0,0,0,0,0,0,0,0,0,0,0,0,0,0,0,0,1.01,clean
0,0,0,0,0,0,0,0,0,0,0,0,0,0,0,0,0,clean
0,4.05,2.02,7.14,6.17,4.04,0,9.92,0,1.01,9.31,10.08,17.35,3.03,10.32,5.37,19.65,clean
0,0,0,0,0,0,0,0,0,2.03,0,0,1.03,0,0,3.08,3.32,buggy
0,0,0,0,0,0,0,1.02,0,0,1.01,0,3.06,0,1.01,1.01,3.13,clean
0,4.05,21.69,0,4.13,3.04,1.01,7.37,0,0,3.03,6.38,6.39,4.13,21.7,3.11,10.92,clean
0,0,1.01,0,1.02,0,0,1.04,0,0,3.04,1.13,2.09,1.02,4.05,0,1.1,clean
0,1.02,0,3.04,3.04,1.02,0,3.11,2.02,0,4.06,3.17,4.28,0,4.06,2.06,7.82,clean
0,0,0,0,0,0,0,0,0,0,0,0,0,0,0,0,0,clean
0,2.02,0,0,4.04,2.02,0,5.08,0,1.01,5.08,4.22,8.21,4.04,5.08,7.21,11.68,clean
0,1.01,1.01,0,1.01,1.01,0,1.08,0,0,1.02,1.04,1.11,1.01,1.03,0,1.22,clean
0,0,0,0,3.08,0,0,3.08,0,0,3.08,3.44,3.16,3.08,3.08,4.09,3.24,clean
0,1.01,1.01,0,1.02,1.01,0,1.03,0,0,1.01,1.11,1.04,1.02,0,2.04,1.1,clean
0,0,0,0,0,0,0,0,0,0,0,0,0,0,0,0,0,clean
0,1.01,4.04,0,0,1.01,3.03,0,0,0,1.01,0,1.01,0,5.05,0,1.01,clean
0,0,2.02,0,1.01,0,7.08,0,0,0,0,0,1.01,1.01,2.02,1.01,0,clean
0,2.02,1.01,2.03,2.04,2.02,0,3.06,0,0,3.05,2.3,5.22,1.02,4.06,0,5.85,clean
0,1.01,0,4.1,4.16,1.01,0,4.35,0,1.01,4.22,5.32,11.2,2.06,4.22,3.04,11.71,clean
0,3.03,6.1,0,2.04,3.03,6.09,3.1,0,0,2.03,2.29,3.12,1.01,7.13,3.03,2.18,clean
0,0,0,1.02,1.02,0,0,3.17,0,0,1.03,1.27,2.25,1.01,1.03,0,3.66,clean
0,3.16,1.01,1.03,3.17,2.08,0,3.74,0,2.04,6.08,5.21,3.74,3.14,6.09,5.17,6.82,clean
0,1.06,0,3.04,6.08,0,0,10.49,0,1.01,8.24,7.45,13.09,2.02,8.24,5.37,18.21,clean
0,0,0,0,0,0,0,0,0,0,0,0,0,0,0,0,0,clean
0,0,0,0,0,0,0,0,0,0,0,0,0,0,0,6.13,0,clean
0,0,11.13,2.02,1.01,0,0,4.09,0,4.18,2.02,1.08,3.2,3.03,13.15,2.02,4.29,clean
0,0,4.05,0,0,0,0,0,0,0,0,0,0,0,4.05,1.01,1.02,buggy
0,0,0,0,1.07,0,0,1.07,1.01,3.25,1.02,1.84,2.03,1.07,1.02,5.9,2.35,clean
0,0,0,0,0,0,0,1.01,0,0,2.02,0,2.03,0,2.02,0,2.04,buggy
0,0,3.03,0,0,0,0,3.05,1.01,1.01,1.01,0,4.06,0,4.04,3.06,3.15,buggy
0,2.04,1.01,0,1.03,1.02,0,1.01,0,2.22,3.03,1.21,2.06,1.01,2.02,2.08,2.11,buggy
0,0,3.04,0,0,0,0,0,0,0,0,0,0,0,3.04,0,0,clean
0,0,0,0,0,0,0,0,0,0,0,0,0,0,0,0,0,clean
0,0,0,0,0,0,0,0,0,0,0,0,0,0,0,0,1.05,clean
0,0,0,0,0,0,0,0,0,0,0,0,0,0,0,1.02,1.01,clean
0,0,0,0,0,0,0,0,0,0,0,0,0,0,0,0,0,clean
0,0,0,0,0,0,0,0,0,0,0,0,0,0,0,0,0,clean
0,0,0,0,0,0,0,0,0,0,0,0,0,0,0,1.02,0,clean
0,0,0,0,0,0,0,0,1.01,0,0,0,0,0,0,2.03,0,clean
0,0,0,0,0,0,0,0,0,0,0,0,0,0,0,0,1.09,clean
0,1.07,0,3.04,3.04,0,0,4.14,0,0,3.09,3.45,6.46,0,3.09,0,6.98,clean
0,0,2.02,1.01,2.04,0,1.02,4.15,0,0,5.07,2.3,5.38,1.01,7.09,0,6.57,clean
0,1.02,0,0,0,1.02,0,0,0,1.01,1.01,0,1.01,0,1.01,3.04,1.01,clean
0,0,1.01,0,0,0,0,0,0,0,0,0,0,0,1.01,1.01,1.01,clean
0,5.1,0,0,0,5.1,0,3.07,0,3.11,0,0,4.25,0,0,0,4.93,buggy
0,0,0,0,0,0,0,0,0,0,0,0,0,0,0,2.04,1.06,clean
0,0,0,0,0,0,0,0,0,0,0,0,0,0,0,0,0,clean
0,0,0,0,0,0,0,0,0,0,0,0,0,0,0,1.01,1.02,buggy
0,0,0,0,0,0,0,0,0,0,0,0,0,0,0,1.01,0,clean
0,0,0,0,0,0,0,0,0,0,0,0,0,0,0,0,1.01,clean
0,0,0,0,0,0,0,0,0,0,0,0,0,0,0,0,1.01,buggy
0,0,1.01,2.02,2.03,0,0,2.07,1.01,0,2.02,2.79,2.08,0,1.01,1.09,2.36,clean
0,0,0,0,0,0,0,0,0,0,0,0,0,0,0,2.04,1.3,clean
0,0,0,0,4.07,0,0,4.11,2.02,0,4.06,5.05,5.19,2.04,4.06,7.17,7.56,clean
0,0,3.03,1.01,5.09,0,0,5.13,0,3.12,1.01,7.27,7.21,5.08,4.04,8.52,9.65,clean
0,0,0,0,2.02,0,0,3.04,0,1.01,1.02,2.08,3.07,2.02,1.02,4.1,3.18,clean
0,0,0,0,0,0,0,1.02,0,0,1.01,0,2.02,0,1.01,3.05,2.05,clean
0,0,0,0,0,0,0,0,0,0,3.03,0,0,0,3.03,0,1.1,clean
0,2.05,0,1.01,2.02,1.04,0,4.22,0,0,3.04,2.05,5.51,1.01,3.04,0,5.76,buggy
0,0,0,0,0,0,0,0,0,0,0,0,0,0,0,0,1.02,clean
0,0,0,0,0,0,0,0,0,0,0,0,0,0,0,1.01,1.08,clean
0,0,0,0,0,0,0,0,0,2.02,0,0,0,0,0,3.06,0,clean
0,0,1.02,1.01,1.01,0,0,1.05,0,0,1.02,1.01,1.17,0,2.04,0,2.51,buggy
0,0,0,0,0,0,0,0,0,0,0,0,0,0,0,0,1.02,clean
0,0,0,0,0,0,0,0,0,0,0,0,0,0,0,0,1.01,buggy
0,0,0,0,0,0,0,0,0,0,0,0,0,0,0,0,0,clean
0,2.04,0,0,0,1.01,0,2.02,0,0,2.03,0,3.1,0,2.03,0,3.14,clean
0,0,0,0,0,0,0,0,0,0,0,0,0,0,0,0,0,clean
0,1.01,3.09,0,0,1.01,3.08,0,0,0,0,0,0,0,3.09,1.01,1.01,clean
0,4.08,1.01,1.01,4.08,4.08,0,6.17,1.02,1.04,5.17,5.24,8.49,3.05,6.18,12.31,8.82,clean
0,0,0,0,0,0,0,0,0,0,0,0,0,0,0,0,2.02,clean
0,1.02,0,0,1.01,1.02,0,1.02,0,0,1.01,1.08,1.08,0,1.01,3.04,1.18,buggy
0,3.05,42.84,7.11,11.29,3.05,0,28.59,0,0,16.26,20.22,29.7,7.17,48.95,2.02,33.3,buggy
0,1.01,1.01,0,2.02,1.01,1.01,2.02,0,2.17,0,2.27,2.03,1.01,1.01,3.47,3.07,clean
0,1.02,3.03,2.02,1.01,0,0,3.06,0,0,3.05,1.12,4.16,0,6.07,1.01,7.32,clean
0,3.15,2.02,3.18,4.23,2.09,1.02,6.61,0,1.01,6.11,9.6,9.05,1.05,7.11,4.08,11.64,clean
0,1.01,1.01,1.01,2.02,1.01,0,3.04,0,1.01,3.04,2.27,3.12,1.01,3.03,5.08,5.22,clean
0,0,0,0,0,0,0,0,0,0,0,0,0,0,0,0,0,clean
0,0,1.01,0,0,0,0,0,0,0,1.01,0,1.01,0,2.02,1.01,1.01,clean
0,3.14,4.05,0,6.07,1.01,0,7.16,0,0,1.04,7.75,6.27,4.04,3.08,12.22,7.83,buggy
1.01,1.01,0,0,1.01,0,0,1.01,0,0,1.02,1.01,1.03,1.01,1.02,0,2.08,clean
0,0,0,0,1.02,0,0,1.02,0,2.06,1.02,1.03,1.04,1.02,1.02,2.31,1.06,clean
0,2.03,0,0,1.02,1.01,0,2.17,0,3.19,2.05,1.15,3.22,1.01,2.05,3.05,2.6,clean
0,0,0,0,0,0,0,0,0,0,0,0,0,0,0,1.02,1.01,clean
0,5.18,0,6.07,8.08,5.17,0,12.55,0,3.15,7.1,8.94,15.13,0,7.1,1.01,17.21,buggy
0,0,2.02,0,0,0,0,0,0,1.01,1.01,0,2.02,0,3.03,2.07,1.01,clean
0,0,0,1.01,1.02,0,0,1.03,0,0,0,1.05,1.11,1.01,0,0,1.27,clean
0,0,0,0,0,0,0,1.01,0,0,2.03,0,1.03,0,2.03,1.01,2.05,buggy
0,0,3.1,0,1.01,0,0,1.01,0,0,0,1.05,1.02,0,3.1,2.06,1.03,clean
0,0,0,0,0,0,0,0,0,0,0,0,0,0,0,3.09,1.01,clean
0,0,1.01,1.02,1.01,0,1.01,1.01,0,0,1.03,1.04,3.06,0,2.04,1.01,2.05,clean
0,0,1.01,0,0,0,0,0,0,0,0,0,0,0,1.01,0,0,clean
0,0,3.03,0,0,0,0,0,0,1.01,0,0,0,0,3.03,3.07,0,clean
0,0,0,0,0,0,0,0,0,2.08,0,0,0,0,0,5.08,0,clean
0,0,0,0,0,0,0,1.01,0,0,0,0,0,0,0,0,1.02,clean
0,2.02,0,1.06,5.11,2.02,0,4.23,0,0,6.1,6.43,8.53,4.05,6.1,6.14,8.47,clean
0,0,0,0,0,0,0,0,0,0,0,0,0,0,0,1.02,1.04,clean
0,0,0,0,0,0,0,0,0,1.08,1.01,0,1.05,0,1.01,0,4.41,buggy
0,1.01,2.02,0,0,1.01,0,1.01,0,0,1.01,0,3.03,0,3.03,0,2.03,clean
0,0,0,0,0,0,0,2.03,0,0,3.03,0,4.07,0,3.03,1.01,3.17,clean
0,0,0,0,0,0,0,1.01,0,0,0,0,0,0,0,1.01,0,buggy
0,0,1.01,0,0,0,0,0,0,0,0,0,0,0,1.01,0,0,clean
0,0,1.01,0,0,0,0,0,0,0,0,0,0,0,1.01,0,1.01,buggy
0,0,0,0,1.01,0,0,1.01,0,0,2.02,1.1,2.04,0,2.02,9.11,1.03,buggy
0,0,1.01,0,0,0,0,0,0,0,2.02,0,0,0,3.03,0,0,buggy
0,1.02,2.02,0,1.05,1.02,0,2.09,1.01,1.01,1.01,2.2,2.12,1.03,1.01,1.11,3.26,clean
0,0,0,1.01,1.01,0,0,0,0,0,1.04,1.2,1.1,0,1.04,1.07,2.06,clean
0,0,0,0,0,0,0,0,0,0,0,0,0,0,0,0,0,clean
0,0,0,0,1.06,0,0,6.19,0,0,4.04,1.93,8.42,1.01,4.04,0,9.85,buggy
0,0,0,0,0,0,0,0,0,0,0,0,0,0,0,0,0,clean
0,0,1.02,0,0,0,0,0,0,0,0,0,0,0,1.02,1.01,0,clean
0,0,10.17,0,1.02,0,7.08,1.02,0,0,0,1.13,1.02,1.02,10.17,0,1.08,clean
0,0,0,0,0,0,0,0,0,0,0,0,0,0,0,0,1.01,clean
0,0,1.01,0,0,0,0,0,0,0,0,0,0,0,1.01,1.01,0,clean
0,0,0,0,0,0,0,0,0,0,0,0,0,0,0,0,0,clean
0,0,0,0,0,0,0,0,0,0,1.01,0,0,0,1.01,1.01,0,clean
0,0,0,0,0,0,0,0,0,0,0,0,0,0,0,1.01,1.02,buggy
0,0,1.01,1.01,2.04,1.03,0,5.31,0,0,4.04,2.5,3.24,0,4.04,0,8.14,buggy
0,0,0,0,0,0,0,0,0,0,0,0,0,0,0,1.01,0,clean
0,1.02,4.2,1.03,2.06,1.02,0,2.22,2.02,3.04,2.04,2.19,2.55,2.02,5.24,4.09,3.75,clean
0,1.08,0,0,0,1.08,0,0,0,1.01,1.01,0,2.08,0,1.01,3.04,3.18,clean
0,1.01,3.03,0,1.01,2.02,1.01,1.02,0,0,0,1.07,4.12,0,3.03,0,6.19,clean
0,0,0,0,0,0,0,0,0,0,0,0,0,0,0,0,0,clean
0,0,0,0,0,0,0,0,0,2.03,0,0,0,0,0,3.08,0,clean
0,1.01,1.01,0,0,1.01,1.01,0,0,0,0,0,1.01,0,1.01,0,0,clean
0,0,0,1.04,1.04,0,0,2.19,0,0,2.03,1.18,3.33,0,2.03,0,3.89,clean
0,0,0,0,0,0,0,0,0,0,0,0,0,0,0,1.01,0,clean
0,0,13.34,0,0,0,0,0,0,0,1.01,0,1.01,1.01,14.35,3.04,1.02,clean
0,2.05,1.01,0,3.09,2.05,0,6.21,0,2.04,2.03,4.81,4.3,3.09,3.04,4.15,6.62,clean
0,0,1.02,0,1.01,0,0,1.01,1.01,3.31,1.02,1.12,1.09,1.01,2.04,6.58,1.13,clean
0,3.05,4.23,2.03,4.06,3.04,0,8.46,0,0,5.28,4.93,7,4.07,7.14,1.01,8.57,clean
0,1.01,4.04,0,0,1.01,0,2.02,0,0,0,0,3.07,0,4.04,0,3.41,clean
0,5.12,0,4.12,5.12,5.12,0,13.51,1.01,0,11.24,7.42,17.91,2.03,10.23,9.27,23.96,clean
36.92,36.92,0,0,0,0,0,0,0,0,0,0,0,0,0,0,0,buggy
0,0,0,0,0,0,0,0,0,1.01,2.02,0,2.05,0,2.02,3.04,3.21,clean
0,0,0,0,0,0,0,0,0,2.17,0,0,0,0,0,4.49,1.01,clean
0,0,0,0,0,0,0,0,0,0,0,0,0,0,0,0,0,clean
0,0,0,0,0,0,0,0,0,0,0,0,0,0,0,0,0,clean
0,1.03,1.01,3.04,4.06,1.03,0,6.22,0,0,3.04,4.34,6.58,1.02,2.03,0,8.02,clean
0,0,0,0,0,0,0,0,0,0,0,0,1.01,0,0,1.01,1.01,clean
0,0,0,0,0,0,0,0,0,0,0,0,0,0,0,2.04,1.12,clean
0,0,2.02,0,0,0,0,0,0,0,0,0,0,0,2.02,1.01,1.02,clean
0,0,0,0,0,0,0,0,0,0,0,0,0,0,0,0,0,clean
0,0,0,0,0,0,0,1.01,0,0,0,0,0,0,0,0,2.03,clean
0,0,1.01,0,0,0,0,0,0,0,1.01,0,1.03,0,2.02,1.01,3.14,clean
0,0,4.09,1.01,2.02,0,0,2.04,0,0,1.01,3.27,2.06,0,5.1,0,3.35,buggy
0,0,1.01,0,1.01,0,0,2.05,0,0,1.01,1.12,1.01,0,2.02,1.01,3.27,buggy
0,0,0,0,1.01,0,0,2.03,0,1.01,1.01,1.11,3.1,1.01,1.01,4.07,2.25,buggy
0,0,0,0,0,0,0,0,0,0,0,0,0,0,0,0,1.09,clean
0,0,0,0,0,0,0,0,0,2.03,0,0,0,0,0,3.08,0,clean
0,1.02,0,1.01,1.01,1.01,0,4.15,0,0,3.04,1.1,4.19,1.01,3.04,1.01,5.49,clean
0,1.02,0,0,0,1.02,0,2.04,0,0,0,0,1.12,0,0,1.01,2.13,clean
0,1.01,0,0,1.01,1.01,0,2.06,0,2.02,3.07,1.02,3.15,0,3.07,4.06,3.26,buggy
0,0,13.17,0,0,0,0,0,0,0,0,0,0,0,13.17,0,0,clean
0,0,0,0,0,0,0,1.01,0,0,2.02,0,2.02,0,2.02,0,1.03,clean
0,9.15,2.05,0,1.1,1.01,0,1.14,0,0,2.02,1.85,1.3,1.1,3.07,1.01,7.8,clean
0,0,0,0,0,0,0,0,0,0,2.02,0,0,0,2.02,0,1.02,clean
0,0,1.02,0,1.04,0,0,4.23,0,0,1.02,1.5,3.34,0,2.04,0,6.23,clean
0,0,0,0,0,0,0,6.11,0,0,3.04,0,7.24,0,3.05,1.01,5.22,clean
0,1.01,1.01,0,0,1.01,0,3.04,0,0,1.01,0,2.04,0,2.02,0,3.08,clean
0,1.02,0,1.06,1.07,1.02,0,1.09,0,0,2.04,1.49,2.25,0,2.04,7.17,3.8,buggy
0,0,0,0,0,0,0,3.08,0,0,0,0,3.07,0,0,0,1.07,clean
0,1.01,6.07,0,3.04,1.01,0,5.15,0,0,4.07,4.19,6.28,2.03,9.14,2.02,6.71,clean
0,1.01,0,0,1.01,1.01,0,1.01,0,0,3.04,1.03,2.08,0,3.04,8.18,2.03,clean
0,1.01,2.02,1.04,1.03,1.01,0,2.18,0,0,2.08,1.18,4.44,1.01,3.08,0,5.14,clean
0,0,0,0,0,0,0,0,0,0,0,0,0,0,0,0,0,clean
0,1.01,1.01,0,4.05,1.01,0,7.1,0,0,3.04,4.3,5.22,3.04,4.05,6.19,7.3,clean
0,1.01,0,0,0,0,0,0,0,0,0,0,1.01,0,0,0,0,clean
0,3.03,1.01,3.06,3.14,3.03,0,3.24,0,0,1.01,4.37,3.4,1.08,2.02,0,3.94,buggy
0,1.01,2.02,0,1.01,1.01,0,3.03,1.01,1.01,2.03,1.11,3.06,1.01,4.05,4.07,4.13,clean
0,2.02,1.01,0,3.04,2.02,0,4.05,0,0,0,3.78,4.06,2.03,1.01,0,5.26,clean
0,0,1.02,0,1.02,0,0,1.02,0,0,1.01,1.07,2.15,1.02,2.03,1.01,3.19,clean
0,0,1.01,0,1.01,0,0,1.01,0,0,2.03,1.06,3.07,1.01,2.04,0,2.08,clean
0,0,0,0,0,0,0,0,0,0,0,0,0,0,0,1.01,0,clean
0,1.03,0,0,2.02,1.03,0,3.07,0,0,2.04,2.14,5.14,2.02,2.04,2.02,5.25,clean
0,0,1.01,0,1.01,0,0,1.01,0,0,0,1.14,2.02,1.01,0,0,3.05,clean
0,0,0,0,0,0,0,0,0,0,0,0,0,0,0,2.04,0,clean
0,2.02,0,8.14,8.14,2.02,0,9.95,0,1.01,8.14,12,14.93,0,8.14,5.37,19.56,clean
0,1.01,0,0,1.02,1.01,0,1.05,0,2.02,2.02,1.17,2.1,1.02,2.02,4.11,2.22,clean
0,1.01,1.01,0,1.01,1.01,0,2.02,0,3.12,1.02,1.22,2.05,1.01,2.03,9.58,2.04,clean
0,0,0,0,0,0,0,0,0,0,0,0,0,0,0,0,1.04,clean
0,0,0,0,0,0,0,0,0,0,0,0,0,0,0,0,1.02,clean
0,0,0,0,0,0,0,0,0,0,0,0,0,0,0,0,0,clean
0,0,0,0,0,0,0,0,0,0,0,0,0,0,0,0,0,clean
0,1.01,4.25,0,3.03,1.01,2.02,3.07,0,1.11,3.07,3.96,3.17,2.17,5.32,3.52,4.71,clean
0,4.05,0,2.04,5.11,4.05,0,6.2,0,1.01,5.08,6.1,8.53,4.07,5.08,7.21,11.25,clean
0,0,0,0,0,0,0,0,0,0,0,0,0,0,0,2.02,0,clean
0,0,5.06,0,0,0,0,1.04,1.01,2.02,1.02,0,1.06,0,4.04,3.04,1.07,clean
0,0,0,0,0,0,0,0,0,1.01,0,0,0,0,0,3.03,0,clean
0,0,0,0,1.01,0,0,1.01,0,1.01,0,1.03,1.02,1.01,0,2.04,1.03,clean
0,0,0,0,0,0,0,0,0,0,0,0,0,0,0,0,2.02,clean
0,0,0,0,4.04,0,3.03,5.16,0,0,4.04,4.85,5.25,1.01,4.04,7.07,8.02,clean
0,0,0,0,0,0,0,0,0,0,0,0,0,0,0,0,0,clean
0,2.12,0,1.01,1.04,2.11,0,0,1.02,2.03,1.03,1.66,2.22,1.01,1.03,6.55,2.24,clean
0,1.01,0,1.01,1.03,0,0,1.13,0,0,3.03,1.12,1.09,1.02,3.03,1.01,1.3,clean
0,0,0,0,0,0,0,0,0,0,0,0,0,0,0,0,1.11,clean
0,1.14,2.02,1.01,2.04,1.02,1.01,2.13,0,1.01,2.02,2.7,5.27,2.03,4.04,3.04,4.76,clean
0,1.01,0,1.01,3.06,1.01,0,6.14,0,1.01,0,3.4,4.24,2.05,0,2.02,7.61,clean
0,0,0,0,0,0,0,0,0,0,0,0,0,0,0,0,0,clean
0,0,0,0,0,0,0,0,0,0,0,0,0,0,0,0,0,clean
0,3.03,0,1.02,4.09,3.03,0,5.17,0,1.01,5.08,4.72,8.38,4.07,5.08,7.21,11.19,clean
0,4.04,0,4.07,5.09,4.04,0,7.2,1.04,0,4.04,6.26,6.39,2.02,4.04,4.27,12.76,clean
0,0,0,0,0,0,0,0,0,0,0,0,0,0,0,0,0,clean
0,0,0,0,1.01,0,0,2.02,0,1.01,1.01,1.14,4.09,1.01,1.01,5.37,5.2,buggy
0,3.04,1.01,1.15,5.2,3.04,0,4.5,0,0,6.22,8.3,9.54,4.05,6.23,6.14,11.05,clean
0,3.19,2.02,3.11,4.1,3.19,2.04,6.4,0,1.01,3.11,5.1,7.02,3.03,4.11,4.1,11.51,buggy
0,0,0,1.01,1.01,0,0,1.01,0,0,1.01,1.07,3.07,0,1.01,0,4.14,clean
0,0,0,0,0,0,0,0,0,0,0,0,0,0,0,0,0,clean
0,3.04,1.01,0,3.08,3.04,0,3.08,0,0,0,3.52,3.08,3.08,1.01,6.11,3.24,clean
0,5.07,10.16,4.05,12.2,5.07,0,20.71,1.01,1.04,9.16,18.32,20.21,5.07,16.29,12.28,24.82,clean
0,3.15,1.01,3.04,3.05,0,0,7.26,0,0,8.11,3.73,9.64,0,9.12,0,9.91,buggy
0,0,1.02,0,0,0,0,1.01,0,0,0,0,0,0,1.02,0,0,clean
0,0,1.01,0,1.01,0,0,0,0,0,0,1.03,1.01,1.01,1.01,1.01,0,clean
0,0,0,1.01,2.07,0,0,2.39,0,0,0,3.12,2.81,0,0,1.01,4.48,clean
0,0,0,0,0,0,0,0,0,0,0,0,0,0,0,0,1.01,clean
0,1.02,2.03,1.03,2.04,1.02,0,3.15,0,0,6.06,2.7,6.53,1.01,7.09,0,4.53,buggy
0,0,1.01,0,0,0,0,0,0,0,0,0,0,0,1.01,3.07,0,clean
0,0,0,0,0,0,0,0,0,0,0,0,0,0,0,1.01,1.13,clean
0,0,0,0,0,0,0,0,0,0,0,0,0,0,0,0,0,clean
0,1.01,0,0,1.01,1.01,0,1.01,0,0,3.05,1.02,3.09,0,3.05,8.18,3.07,clean
0,0,0,0,0,0,0,0,0,0,0,0,0,0,0,0,0,clean
0,1.03,1.01,0,1.03,1.02,0,1.08,0,0,2.02,1.21,3.14,1.02,3.03,0,4.47,clean
0,0,2.02,0,1.01,0,0,1.01,0,0,1.01,1.04,2.06,1.01,3.03,11.51,1.03,clean
0,0,0,0,0,0,0,0,0,0,0,0,0,0,0,0,0,clean
0,0,0,0,0,0,0,0,0,0,0,0,0,0,0,1.01,2.16,clean
0,1.01,0,2.04,4.06,1.01,0,5.1,0,0,3.07,5.23,6.32,2.02,3.07,0,8.04,buggy
0,0,0,0,0,0,0,1.02,0,0,0,0,1.01,1.01,0,2.02,2.03,clean
0,1.06,1.01,1.01,2.02,1.06,0,2.09,0,0,1.04,2.25,2.15,0,1.05,0,3.47,clean
0,3.08,0,5.07,6.12,2.07,0,6.6,0,1.03,5.12,9.86,9.71,0,5.12,2.03,11.02,buggy
0,0,0,1.01,1.02,0,0,1.04,0,1.01,2.03,1.23,3.11,1.01,2.03,3.04,4.21,clean
0,0,0,0,1.01,0,0,2.04,0,0,1.02,1.13,3.09,1.01,1.02,1.01,3.13,clean
0,0,0,0,0,0,0,0,0,0,0,0,0,0,0,0,0,clean
0,0,0,0,0,0,0,0,0,0,0,0,0,0,0,0,1.03,clean
0,0,0,0,0,0,0,0,0,0,0,0,0,0,0,1.01,0,clean
0,0,0,0,1.01,0,0,1.01,0,0,0,1.12,1.01,0,0,1.01,2.07,clean
0,0,0,1.01,1.01,0,0,0,0,0,1.04,1.17,1.1,0,1.04,1.07,2.06,clean
0,1.01,0,0,2.02,0,0,2.05,0,0,0,2.17,2.06,2.02,0,0,2.21,clean
0,0,0,0,0,0,0,0,0,0,0,0,0,0,0,0,0,clean
0,0,0,0,0,0,0,0,0,0,0,0,0,0,0,0,0,clean
0,1.01,0,6.11,6.11,1.01,0,13.36,0,1.01,10.21,9.23,19.58,0,10.21,5.37,22.23,clean
0,0,1.01,0,0,0,0,1.01,0,0,1.01,0,1.03,0,1.02,0,2.07,clean
0,0,0,0,0,0,0,0,0,0,0,0,0,0,0,1.01,0,clean
0,1.01,11.17,0,5.05,1.01,0,6.08,0,0,2.02,5.65,10.22,5.05,12.19,1.01,10.52,clean
0,1.01,0,0,1.02,1.01,0,2.07,0,0,1.01,1.27,2.16,1.01,1.01,2.04,3.18,clean
0,0,0,0,0,0,0,0,0,0,0,0,0,0,0,0,0,clean
0,0,10.35,0,0,0,2.02,0,0,0,0,0,0,0,10.35,1.01,0,clean
0,0,0,0,0,0,0,6.18,0,0,1.01,0,3.18,0,1.01,1.01,5.38,clean
0,9.17,0,1.01,11.38,9.17,0,14.02,0,5.11,9.11,23.2,14.77,11.37,9.11,14.43,18.35,buggy
0,0,2.03,0,0,0,0,0,0,0,1.01,0,1.01,0,1.02,0,1.02,buggy
0,0,0,0,0,0,0,1.02,0,0,1.01,0,1.01,0,1.01,0,2.14,clean
0,0,0,0,0,0,0,0,0,0,0,0,0,0,0,0,1.01,clean
0,3.03,0,6.13,6.21,3.03,0,8.92,0,1.01,5.08,12.47,9.56,2.05,5.08,4.35,15.73,clean
0,1.01,0,0,1.01,1.01,0,1.01,0,0,0,1.04,1.02,1.01,0,4.06,1.04,clean
0,0,0,0,0,0,0,0,0,0,0,0,0,0,0,0,0,clean
0,1.01,0,0,0,1.01,0,0,0,0,0,0,0,0,0,0,1.01,clean
0,2.04,11.35,3.07,4.14,2.04,0,6.6,1.01,0,5.18,5.6,6.42,4.12,14.49,2.06,8.11,buggy
0,0,0,0,0,0,0,0,0,0,0,0,0,0,0,2.02,1.05,clean
0,0,6.08,0,0,0,0,1.02,0,0,0,0,0,0,6.08,0,1.02,clean
0,0,1.05,0,1.01,0,0,2.04,0,0,0,1.08,2.03,1.01,1.05,1.01,3.12,clean
0,0,0,0,0,0,0,0,0,0,0,0,0,0,0,0,0,clean
0,0,0,0,0,0,0,0,0,0,0,0,0,0,0,0,0,clean
0,0,0,0,0,0,0,0,0,0,0,0,0,0,0,2.04,1.39,clean
0,1.03,0,1.01,1.01,0,0,1.03,0,0,1.02,1.04,2.09,0,1.02,0,3.17,clean
0,1.03,0,1.01,2.02,1.03,0,2.02,0,0,4.05,2.05,4.16,0,3.04,8.18,5.15,clean
0,2.06,0,1.01,1.01,2.06,0,1.09,0,1.01,2.04,1.22,3.12,1.01,2.04,6.38,4.4,clean
0,0,0,0,0,0,0,0,0,0,0,0,0,0,0,0,0,clean
0,0,0,0,0,0,0,0,0,0,0,0,0,0,0,0,0,clean
0,2.04,0,2.02,3.04,2.03,0,7.17,0,0,6.1,3.23,10.45,0,6.1,1.06,10.94,buggy
0,0,1.01,0,1.01,0,0,0,0,0,0,1.04,1.01,1.01,1.01,0,0,buggy
0,0,0,0,0,0,0,0,1.01,2.08,0,0,0,0,0,5.13,0,clean
0,0,0,0,1.02,0,0,1.02,0,0,0,1.25,1.02,0,0,1.07,2.07,clean
0,1.01,0,0,1.01,1.01,0,1.02,1.01,2.08,1.01,1.07,1.02,1.01,1.01,5.13,2.08,clean
0,0,0,0,0,0,0,0,0,0,0,0,0,0,0,1.01,0,clean
0,0,0,0,0,0,0,0,0,0,0,0,0,0,0,0,1.04,clean
0,0,0,0,0,0,0,0,0,0,0,0,0,0,0,0,0,clean
0,0,0,0,0,0,0,0,0,0,0,0,0,0,0,0,1.03,clean
0,0,3.04,0,1.02,0,0,3.12,0,0,2.06,1.29,4.24,1.02,4.1,4.08,5.79,clean
0,0,0,0,0,0,0,0,0,0,0,0,0,0,0,0,1.04,clean
0,1.01,0,2.02,2.03,1.01,0,2.05,1.01,0,1.01,2.82,2.07,2.02,1.01,2.08,3.4,clean
0,0,0,0,0,0,0,0,0,2.17,0,0,0,0,0,4.49,1.05,clean
0,0,8.09,2.02,3.08,0,0,5.29,0,0,10.12,4,6.61,3.05,14.21,4.11,6.66,clean
0,0,0,0,0,0,0,0,0,0,1.01,0,1.01,0,1.01,3.05,1.01,clean
0,8.14,0,6.13,8.14,8.15,0,13.55,0,0,10.11,9.49,17.3,1.01,10.11,0,19.76,buggy
0,0,0,0,0,0,0,0,0,0,0,0,0,0,0,2.04,1.29,clean
0,1.01,0,0,2.02,1.01,0,2.02,2.02,0,2.03,2.07,4.07,0,2.03,8.17,5.17,clean
0,0,2.03,0,0,0,0,0,0,0,0,0,0,0,2.03,2.05,0,clean
0,1.01,5.09,0,4.07,1.01,1.02,5.2,0,0,5.05,4.49,5.23,2.03,7.12,4.09,5.55,clean
0,0,0,1.01,0,0,0,2.03,0,0,0,0,1.06,0,0,1.01,3.13,clean
0,0,1.04,0,0,0,0,0,0,0,0,0,0,0,1.04,0,1.01,buggy
0,3.06,0,4.16,4.18,2.02,0,6.59,0,1.03,6.13,9.15,8.18,1.01,6.13,2.03,12.25,clean
0,1.02,0,0,0,1.02,0,1.03,0,0,2.03,0,2.08,0,2.03,1.01,4.78,clean
0,1.02,0,0,0,1.02,0,0,0,1.01,1.01,0,1.01,0,1.01,5.37,1.11,clean
0,0,0,0,0,0,0,0,0,0,0,0,0,0,0,0,0,clean
0,0,2.02,0,0,0,0,1.01,0,1.01,1.01,0,1.01,0,3.03,3.06,2.06,buggy
0,0,1.01,0,0,0,0,0,0,0,0,0,0,0,1.01,0,0,clean
0,0,0,0,0,0,0,1.01,0,3.25,0,0,2.05,0,0,5.9,2.07,clean
0,0,0,0,0,0,0,0,0,0,0,0,0,0,0,0,0,clean
0,1.01,5.35,0,1.01,0,0,1.06,0,0,0,1.05,1.03,1.01,5.35,2.02,1.07,clean
0,2.02,0,0,3.03,2.02,0,6.09,0,1.01,4.09,3.15,7.28,3.03,4.09,7.21,10.5,clean
0,2.02,8.1,2.04,2.04,2.02,0,5.14,0,0,7.1,2.38,9.37,0,13.18,0,8.05,clean
0,0,0,0,0,0,0,0,0,0,0,0,0,0,0,0,1.01,buggy
0,8.08,13.15,0,6.09,8.08,0,9.18,0,2.02,2.03,8.44,10.41,6.09,13.16,9.14,11.75,clean
0,0,1.02,0,0,0,0,0,0,1.01,0,0,1.01,0,1.02,2.05,2.05,clean
7.27,7.27,0,0,0,0,0,0,0,0,0,0,0,0,0,0,0,clean
0,0,0,0,0,0,0,0,0,0,0,0,0,0,0,0,0,clean
0,0,0,0,0,0,0,0,0,0,0,0,0,0,0,0,0,clean
0,0,1.01,0,0,0,0,0,0,1.01,0,0,0,0,1.01,3.1,0,clean
0,0,1.01,0,0,0,0,0,0,2.02,0,0,0,0,1.01,8.13,0,clean
0,0,1.01,0,1.02,0,0,1.08,1.01,0,0,1.17,1.13,1.01,1.01,1.04,2.58,clean
0,0,3.03,1.01,1.01,0,0,1.01,0,0,0,1.06,1.02,0,3.03,4.11,1.01,clean
0,0,0,0,0,0,0,0,0,0,0,0,1.01,0,0,1.01,0,clean
0,0,0,0,3.03,0,0,3.06,0,0,0,3.3,4.09,1.01,0,2.02,4.36,buggy
0,0,3.03,0,0,0,0,0,0,1.01,0,0,0,0,3.03,1.01,0,clean
0,4.06,8.17,0,7.09,4.06,2.02,8.22,0,1.02,4.04,8.3,8.28,6.08,8.19,3.07,10.84,clean
0,1.01,0,2.03,3.04,1.01,0,2.18,0,0,6.16,3.69,5.58,0,6.16,1.01,6.71,buggy
0,3.04,11.17,1.01,6.1,3.04,0,9.57,0,0,5.1,8.26,9.91,6.09,13.25,0,12.81,buggy
0,2.02,10.13,3.03,3.04,2.02,2.03,18.46,0,1.03,5.1,3.39,18.59,1.01,13.23,1.01,21.52,buggy
1.01,1.12,0,10.23,10.26,1.11,0,24.78,0,0,10.19,22.44,28.66,1.01,10.19,3.04,34.77,clean
0,0,4.04,0,1.01,0,0,1.01,0,1.01,0,1.06,1.03,0,4.04,3.03,2.05,clean
0,0,0,0,0,0,0,0,0,0,0,0,0,0,0,0,1.01,clean
0,1.01,1.01,0,3.05,1.01,0,5.2,0,0,4.05,4.5,7.59,1.01,5.06,1.01,8.44,buggy
0,0,0,0,0,0,0,0,1.01,2.08,1.01,0,1.01,0,1.01,5.13,2.02,clean
0,2.02,0,0,3.03,3.03,0,5.17,0,0,4.05,3.49,4.23,3.03,4.05,1.01,5.49,clean
0,0,0,4.06,5.08,0,0,9.47,0,0,10.25,6.11,12.51,0,10.25,2.02,15.66,buggy
0,1.03,5.14,0,1.01,0,4.05,1.01,0,1.01,1.01,1.17,2.03,1.01,6.15,3.03,3.12,clean
0,0,1.01,0,0,0,0,0,0,0,0,0,0,0,1.01,1.01,0,clean
0,1.02,0,0,1.01,1.02,0,1.02,0,0,0,1.07,2.03,1.01,0,2.02,2.14,clean
0,0,0,0,0,0,0,0,0,0,0,0,0,0,0,0,0,clean
0,2.15,1.01,4.13,4.16,2.25,0,5.95,0,1.01,5.14,9.04,8.92,2.03,5.14,5.37,13.35,clean
0,0,0,0,0,0,0,0,0,0,0,0,0,0,0,1.01,0,clean
0,2.02,0,2.02,3.12,2.02,0,10.47,1.01,1.01,6.08,4.23,11.69,2.08,6.08,2.19,14.4,clean
0,0,0,0,0,0,0,0,0,0,0,0,0,0,0,0,0,clean
0,0,0,0,0,0,0,0,0,0,0,0,0,0,0,1.01,0,clean
0,3.03,0,0,0,0,0,0,0,0,0,0,0,0,0,0,0,clean
0,0,0,0,0,0,0,0,0,0,0,0,0,0,0,0,1.02,clean
0,0,0,0,0,0,0,0,0,0,0,0,0,0,0,0,1.01,clean
0,11.32,1.01,0,0,0,0,0,0,0,0,0,0,0,1.01,1.01,1.01,buggy
0,0,0,0,1.01,0,1.01,1.01,1.01,0,2.02,1.06,1.01,1.01,2.02,2.02,1.02,clean
0,0,0,0,0,0,0,0,0,0,0,0,0,0,0,1.03,1.15,clean
0,0,2.02,0,0,0,3.03,3.03,0,0,1.01,0,3.04,0,3.03,2.04,3.06,clean
0,1.05,0,0,0,1.05,0,0,0,1.01,0,0,1.04,0,0,3.04,2.08,clean
0,0,2.02,0,1.02,0,0,1.03,0,0,1.02,1.07,1.08,1.02,2.02,0,2.15,clean
0,0,0,0,0,0,0,0,0,0,0,0,0,0,0,0,1.02,clean
0,1.01,2.02,1.01,2.03,1.01,0,3.11,0,1.01,4.14,2.18,4.41,1.01,5.16,3.04,4.41,buggy
0,0,0,0,0,0,0,0,0,1.01,0,0,0,0,0,3.1,0,clean
0,1.01,0,0,0,1.01,0,0,0,0,0,0,1.01,0,0,0,1.02,clean
0,0,0,0,1.01,0,0,4.15,0,3.12,1.01,1.13,6.24,1.01,1.01,9.7,5.24,clean
0,0,10.16,0,0,0,1.01,0,0,1.01,0,0,0,0,10.16,3.03,1.02,clean
0,0,0,0,0,0,0,0,0,0,0,0,0,0,0,0,1.01,clean
0,0,1.03,0,1.01,0,0,1.01,0,0,1.01,1.04,1.04,1.01,1.04,0,2.09,clean
0,0,1.01,2.04,3.05,0,0,4.23,0,0,4.18,3.27,6.57,0,5.19,0,4.92,clean
0,1.01,2.02,0,1.02,1.01,0,2.05,0,0,0,1.07,2.06,1.02,2.02,1.01,1.13,clean
0,0,0,0,0,0,0,0,0,0,0,0,0,0,0,0,0,clean
0,0,0,0,0,0,0,0,0,0,0,0,0,0,0,1.01,0,clean
0,0,0,0,0,0,0,0,0,0,0,0,0,0,0,1.01,0,clean
0,0,0,0,0,0,0,0,0,0,0,0,0,0,0,0,1.06,clean
0,1.01,2.04,2.08,3.1,2.02,0,8.38,0,0,6.11,4.74,11.94,3.08,7.15,2.02,12.17,clean
0,0,5.06,2.03,3.04,0,0,5.16,0,0,3.1,3.27,5.39,0,8.16,0,4.59,clean
0,0,0,0,0,0,0,0,0,0,0,0,0,0,0,0,1.01,clean
0,0,0,1.03,1.03,0,0,2.21,0,1.12,1.01,1.24,1.1,0,1.01,1.01,2.6,clean
0,0,0,0,0,0,0,0,0,0,0,0,0,0,0,3.06,0,clean
0,0,0,0,0,0,0,0,0,0,0,0,0,0,0,1.01,1.01,buggy
0,0,2.06,0,0,0,0,0,0,0,1.01,0,0,0,3.07,0,0,clean
0,1.02,1.02,1.05,1.05,1.02,0,1.15,0,0,4.07,1.55,3.34,0,4.09,0,4.15,clean
0,0,0,0,0,0,0,0,0,0,0,0,0,0,0,0,0,clean
0,0,0,1.01,1.01,0,0,1.05,0,0,3.03,1.04,2.06,0,3.03,0,3.23,clean
0,1.01,1.01,0,3.03,1.01,0,3.05,0,0,0,3.33,4.11,2.02,1.01,0,5.39,clean
0,0,0,0,1.01,0,0,1.01,0,0,1.01,1.02,1.04,1.02,1.01,0,1.09,clean
0,0,0,0,0,0,0,0,0,0,1.01,0,0,0,1.01,0,1.01,clean
0,0,0,0,1.01,0,0,1.01,0,0,1.01,1.06,2.03,0,1.01,0,3.08,clean
0,1.01,0,1.01,1.01,1.01,0,2.12,0,0,3.03,1.02,2.12,0,3.03,2.03,3.34,clean
0,0,0,0,0,0,0,0,0,0,0,0,0,0,0,0,1.08,clean
0,1.01,1.01,1.01,0,1.01,0,2.03,1.01,0,3.03,0,2.09,0,3.04,1.09,3.13,clean
0,0,1.01,0,0,0,0,0,0,1.01,0,0,0,0,1.01,3.07,0,clean
0,0,4.07,4.04,3.03,0,0,6.17,0,0,4.05,3.33,5.42,1.01,5.08,1.01,7.83,buggy
0,0,0,0,0,0,0,0,0,0,0,0,1.01,0,0,0,1.01,buggy
0,1.05,1.01,0,0,0,0,0,0,1.01,2.02,0,3.06,0,3.03,3.04,4.23,clean
0,0,0,0,0,0,0,1.02,0,0,1.01,0,0,0,1.01,2.03,1.05,clean
0,0,0,0,0,0,0,0,0,0,1.01,0,0,0,1.01,2.05,0,clean
0,0,0,0,0,0,0,0,0,1.01,2.02,0,2.04,0,2.02,3.04,3.17,clean
0,2.02,12.16,3.03,4.07,1.01,0,5.25,0,0,9.12,5.69,5.51,0,17.26,1.01,8.03,clean
0,0,0,0,0,0,0,0,0,0,0,0,0,0,0,0,1.01,clean
0,1.01,0,0,0,0,0,0,0,0,0,0,0,0,0,0,1.01,clean
0,0,1.01,0,0,0,0,0,0,0,0,0,0,0,1.01,5.11,0,clean
0,0,1.01,0,0,0,0,1.01,0,0,0,0,0,1.01,1.01,1.01,1.02,clean
0,0,0,0,0,0,0,0,0,0,0,0,0,0,0,0,0,clean
0,1.01,0,0,0,1.01,0,1.01,0,0,0,0,2.02,0,0,0,1.03,clean
0,0,0,0,1.01,0,0,1.03,0,0,1.01,1.08,2.13,0,1.01,0,1.16,buggy
0,0,0,0,1.01,0,0,1.01,0,0,1.01,1.11,1.02,1.01,1.01,0,2.13,clean
0,0,1.01,0,0,0,1.01,0,0,1.01,0,0,0,0,1.01,1.01,0,clean
0,1.01,1.03,0,1.04,0,0,1.08,0,0,1.03,1.1,1.28,1.01,1.06,2.02,1.31,clean
0,1.03,0,0,1.01,1.03,0,1.02,0,0,1.01,1.06,3.05,1.01,1.01,0,4.22,clean
0,0,2.02,0,1.02,0,0,1.02,0,0,4.05,1.09,2.07,1.02,6.07,4.11,1.08,clean
0,9.33,5.09,5.18,4.11,8.22,0,7.81,0,0,3.03,6.64,11.96,3.07,8.12,0,19.07,clean
0,0,3.03,0,1.01,0,0,2.07,0,1.01,2.04,1.19,4.23,1.01,5.07,4.07,2.31,buggy
0,0,16.22,0,6.06,1.01,2.02,6.14,0,0,0,6.75,7.21,6.06,16.22,1.01,7.42,buggy
0,0,0,0,0,0,0,0,0,0,0,0,0,0,0,0,0,clean
0,0,0,0,0,0,0,0,0,0,0,0,0,0,0,0,1.01,buggy
0,1.01,1.01,0,2.04,1.01,1.01,2.07,0,0,1.01,2.3,2.09,2.03,0,1.01,2.22,clean
0,1.01,0,0,0,1.01,0,0,0,0,1.01,0,0,0,1.01,1.01,0,clean
0,1.03,1.01,0,2.02,1.03,0,2.02,0,9.16,1.05,2.14,4.22,1.01,2.06,0,4.27,buggy
0,0,1.01,0,1.01,0,0,1.05,0,0,1.01,1.06,2.08,1.01,2.02,1.01,2.17,clean
0,5.09,11.15,7.19,11.27,5.08,0,22.5,1.01,2.06,10.39,19.99,27.05,11.17,16.42,7.18,34.15,buggy
0,2.02,3.03,0,2.03,2.02,0,4.13,0,2.02,4.07,2.44,4.2,2.03,4.08,4.15,4.38,clean
0,1.01,1.01,0,1.01,0,0,1.04,0,0,1.03,1.16,1.13,1.01,1.04,0,2.36,clean
0,0,8.08,0,1.01,0,0,2.02,0,0,1.01,1.05,1.04,1.01,8.09,5.12,2.05,clean
0,0,0,0,0,0,0,0,0,0,0,0,0,0,0,0,0,clean
1.01,3.03,2.03,0,3.06,1.01,0,3.18,0,0,5.09,3.99,5.54,2.04,7.12,4.06,5.81,clean
4.31,4.31,0,0,0,0,0,0,0,0,0,0,0,0,0,0,0,clean
0,0,0,0,0,0,0,0,0,0,0,0,0,0,0,1.01,0,clean
0,0,0,0,1.02,1.01,0,1.03,0,1.03,2.02,1.09,2.11,1.02,2.02,5.08,1.14,clean
0,0,0,0,1.01,0,0,1.07,0,0,0,1.13,1.09,1.01,0,0,2.31,buggy
0,0,0,0,0,0,0,0,0,1.01,0,0,1.01,0,0,3.03,3.04,clean
0,0,0,0,0,0,0,0,0,0,1.01,0,0,0,1.01,1.01,0,clean
0,0,2.02,0,0,0,0,0,0,0,0,0,0,0,2.02,0,0,clean
0,0,0,0,0,0,0,0,0,0,0,0,0,0,0,0,0,buggy
0,0,0,0,0,0,0,0,0,0,1.01,0,1.02,0,1.01,0,2.31,clean
0,0,0,0,0,0,0,0,0,0,0,0,0,0,0,1.01,1.08,clean
0,0,1.01,0,0,0,0,0,0,0,0,0,0,0,1.01,0,0,clean
0,0,0,0,0,0,0,0,0,3.12,1.01,0,0,0,1.01,9.59,0,clean
0,0,6.06,0,0,0,0,1.01,0,0,1.01,0,1.01,0,7.07,1.01,2.03,clean
0,0,0,0,0,0,0,0,0,0,0,0,0,0,0,0,1.01,clean
0,1.01,3.04,1.03,2.04,1.01,0,6.29,0,2.06,8.14,2.79,4.48,1.01,10.16,1.01,7.92,clean
0,0,0,0,0,0,0,0,0,0,0,0,0,0,0,0,1.15,clean
0,1.04,0,0,0,1.04,0,0,0,1.01,2.02,0,2.04,0,2.02,3.04,3.11,clean
0,0,0,0,0,0,0,2.02,0,0,0,0,1.01,0,0,0,3.13,buggy
0,0,0,0,0,0,0,2.04,0,1.02,3.03,0,2.12,0,3.03,4.1,2.11,clean
0,2.04,0,3.11,4.22,2.04,0,4.79,0,0,4.14,7.3,5.23,1.03,4.14,0,10.52,buggy
0,0,0,0,0,0,0,1.03,0,0,3.03,0,2.06,0,3.03,4.06,2.11,clean
0,0,0,0,0,0,0,1.04,0,0,2.08,0,2.09,0,2.08,2.03,1.17,clean
0,0,0,0,0,0,0,0,0,0,1.01,0,0,0,1.01,2.05,0,clean
0,2.04,3.06,2.09,2.14,2.03,0,5.56,0,0,7.37,2.42,6.19,2.05,8.42,1.01,8.65,clean
0,0,0,0,0,0,0,0,0,0,0,0,0,0,0,1.06,1.11,clean
0,0,0,0,3.03,0,0,5.09,0,8.2,0,3.33,5.07,1.01,0,2.02,7.43,clean
0,1.03,9.12,0,4.21,1.03,0,4.3,0,1.01,3.05,8.2,4.37,2.12,11.17,3.15,9.15,clean
0,0,0,0,0,0,0,0,0,0,0,0,0,0,0,0,0,clean
0,0,0,0,0,0,0,0,0,0,0,0,0,0,0,0,0,clean
0,0,2.02,1.01,5.06,0,0,8.18,0,0,5.07,6.06,9.32,3.04,4.07,12.22,10.82,clean
0,3.05,0,0,0,3.05,0,2.03,0,0,0,0,2.02,0,0,0,2.06,clean
0,1.01,4.04,1.01,2.04,1.01,0,3.14,0,0,3.07,2.3,4.21,2.03,5.1,0,3.35,clean
0,0,0,0,0,0,0,0,0,0,0,0,0,0,0,0,0,clean
0,0,0,0,0,0,0,0,0,0,0,0,0,0,0,1.01,0,clean
0,0,1.01,1.01,1.02,0,0,1.01,0,0,1.02,1.07,1.04,1.01,1.03,0,3.2,clean
0,0,0,0,0,0,0,0,0,0,0,0,0,0,0,2.04,0,clean
0,0,3.03,0,0,0,0,1.02,0,0,1.01,0,0,0,4.04,1.01,3.06,clean
0,0,14.16,0,0,0,0,0,0,0,0,0,0,0,14.16,1.01,1.01,clean
0,1.01,0,3.03,8.23,1.01,0,8.36,3.03,3.07,6.13,10.35,8.87,3.07,6.13,12.55,10.5,clean
0,0,0,0,1.02,0,0,2.09,0,0,2.14,1.05,4.38,1.01,2.14,0,4.62,clean
0,0,0,0,0,0,0,0,0,0,0,0,0,0,0,0,0,clean
0,0,0,0,0,0,0,0,0,1.01,0,0,0,0,0,3.1,0,clean
0,1.02,0,0,1.01,1.02,0,2.02,0,0,1.01,1.09,2.04,0,1.01,2.02,5.4,clean
0,0,0,1.01,2.03,0,0,2.03,0,1.01,0,2.6,4.1,1.01,0,5.37,5.15,clean
0,1.01,0,1.01,1.02,1.01,0,1.07,0,0,0,1.23,1.09,1.01,0,0,2.41,clean
0,1.05,0,1.01,2.02,0,0,3.04,0,1.01,2.02,2.16,4.1,1.01,2.02,3.04,6.16,clean
1.02,1.02,1.01,0,1.03,0,0,1.03,0,0,0,1.18,1.04,1.03,1.01,0,1.09,buggy
0,1.05,14.29,2.07,3.07,0,0,2.18,0,0,2.03,3.56,4.53,2.02,14.3,0,5.46,clean
0,0,22.46,0,8.11,0,0,9.58,0,0,6.19,9.29,11.09,8.11,22.62,1.01,12.32,buggy
0,0,0,0,0,0,0,0,0,0,0,0,0,0,0,0,0,clean
0,0,0,0,0,0,0,0,0,0,0,0,0,0,0,2.04,1.3,clean
0,1.01,16.28,1.01,5.07,0,0,6.34,0,0,2.04,6.19,6.44,5.06,17.32,1.01,8.3,buggy
0,0,3.04,0,0,0,0,0,0,0,0,0,0,0,3.04,1.01,1.01,clean
0,0,3.04,1.01,1.03,0,0,2.05,0,1.01,2.03,1.36,2.11,1.01,5.07,8.2,3.41,buggy
0,0,2.02,1.01,1.01,0,0,2.05,0,3.11,1.01,1.09,4.13,2.02,3.03,1.01,6.57,buggy
0,1.05,0,2.03,2.03,1.05,0,2.07,0,0,0,2.31,3.16,0,0,0,3.31,clean
0,4.12,2.04,5.12,5.18,2.05,0,8.81,0,0,6.14,17.33,9.5,3.03,6.15,0,13.75,buggy
0,0,3.06,0,2.03,0,1.01,2.04,0,0,1.01,2.46,2.07,3.04,3.07,6.11,3.29,clean
0,0,0,0,2.06,0,0,2.1,1.01,1.02,1.01,2.42,3.17,1.01,1.01,3.11,3.57,clean
0,0,0,0,0,0,0,0,0,0,0,0,0,0,0,0,0,clean
0,0,0,0,1.01,0,0,1.05,0,1.01,1.01,1.08,1.07,1.01,1.01,4.1,2.09,clean
0,1.01,0,0,1.01,1.01,0,2.03,0,0,0,1.04,2.04,0,0,0,2.22,buggy
0,8.16,3.03,7.16,9.22,9.14,0,10.65,0,0,10.2,13.95,19.04,2.02,10.2,0,28.08,buggy
0,0,0,0,0,0,0,0,0,0,1.01,0,0,0,1.01,1.02,0,buggy
0,0,1.01,0,1.05,0,0,1.05,0,0,1.05,2.15,1.24,0,1.06,1.02,1.16,clean
0,1.01,2.04,0,1.02,1.01,0,2.13,0,2.02,1.01,1.21,4.16,1.02,3.05,3.09,5.23,clean
0,0,0,0,2.04,0,0,2.06,1.02,0,1.02,2.54,2.08,1.03,1.02,7.17,3.23,clean
0,0,0,0,0,0,0,0,0,0,0,0,0,0,0,0,0,clean
0,2.02,0,0,0,2.02,0,1.02,0,0,1.01,0,1.05,1.01,1.01,0,2.12,clean
0,0,0,0,0,0,0,0,0,1.01,0,0,0,0,0,2.06,0,clean
0,1.02,2.02,0,1.04,1.01,0,1.1,0,0,1.02,1.58,1.11,1.08,2.04,1.07,2.42,clean
0,2.02,0,0,1.03,1.01,0,3.15,0,0,2.02,1.72,4.16,2.03,2.02,3.04,3.63,clean
0,0,0,0,0,0,0,0,0,0,0,0,0,0,0,0,1.01,clean
0,0,0,0,0,0,0,0,0,0,0,0,0,0,0,0,0,clean
0,0,0,0,0,0,0,0,0,0,0,0,0,0,0,0,0,clean
0,3.04,0,3.03,4.06,3.04,0,3.15,0,1.01,2.03,4.52,6.27,2.03,2.03,3.04,5.7,clean
0,0,0,0,0,0,0,0,0,0,0,0,0,0,0,0,0,clean
0,0,0,1.01,0,0,0,0,0,0,1.01,0,1.01,0,1.01,3.05,1.02,clean
0,0,0,0,0,0,0,0,1.01,1.01,3.04,0,3.06,0,3.04,5.08,1.01,buggy
0,0,2.02,0,0,0,0,0,0,0,1.01,0,0,0,3.03,1.01,1.08,clean
0,0,0,0,0,0,0,0,0,0,0,0,0,0,0,0,1.01,clean
0,0,0,0,0,0,0,1.01,0,0,1.01,0,2.03,0,1.01,1.01,1.02,clean
0,0,0,0,0,0,0,0,0,0,0,0,0,0,0,0,0,clean
0,0,0,0,0,0,0,0,0,0,0,0,0,0,0,0,1.13,clean
0,1.01,1.01,0,0,1.01,0,1.02,0,0,0,0,0,0,1.01,0,1.09,clean
0,0,0,0,0,0,0,0,0,0,0,0,0,0,0,1.01,1.02,clean
0,2.02,2.02,0,3.03,2.02,0,6.14,0,1.01,5.09,4.15,6.25,3.03,7.11,6.09,8.47,clean
0,1.01,1.01,0,1.01,1.01,0,1.05,0,0,1.01,1.11,2.09,1.01,2.02,1.01,2.26,clean
0,0,0,0,0,0,0,0,0,0,1.02,0,1.02,0,1.02,0,2.02,clean
0,0,1.01,0,0,0,1.01,0,0,1.07,0,0,0,0,1.01,3.27,0,clean
0,1.02,1.01,0,0,0,0,1.01,0,0,1.01,0,1.01,0,2.02,1.01,3.05,clean
0,1.01,2.02,0,1.01,1.01,0,1.01,0,2.02,0,1.04,1.01,1.01,2.02,4.07,2.04,clean
0,1.01,0,0,1.01,1.01,0,1.01,0,0,0,1.2,1.03,0,0,0,2.04,clean
0,0,0,0,0,0,0,0,0,0,0,0,0,0,0,1.01,0,clean
0,1.02,1.01,1.01,1.01,1.02,0,1.04,0,0,0,1.02,1.03,0,1.01,0,2.2,clean
0,3.09,0,1.01,1.01,3.09,0,3.16,0,1.01,4.05,1.23,6.24,0,4.05,3.04,8.59,clean
0,0,0,0,0,0,0,0,0,0,0,0,0,0,0,1.01,0,clean
0,0,0,0,0,0,0,0,0,0,0,0,0,0,0,0,0,clean
0,0,1.01,0,0,0,0,0,0,0,0,0,0,0,1.01,0,0,clean
0,0,2.03,0,0,0,1.01,0,0,0,3.03,0,0,0,4.04,3.07,0,clean
0,0,0,0,0,0,0,0,0,1.01,3.03,0,0,0,3.03,3.1,0,clean
0,0,18.44,0,2.02,0,0,3.07,0,0,1.01,2.67,4.09,3.03,19.45,1.02,5.23,clean
0,7.43,2.04,1.01,1.01,1.01,0,1.02,0,0,0,1.04,1.05,0,2.04,1.01,6.22,clean
0,2.02,2.02,1.01,1.01,2.02,0,4.05,0,0,2.02,1.02,5.12,0,4.04,0,5.15,clean
0,0,0,0,0,0,0,0,0,0,0,0,0,0,0,1.01,2.04,clean
0,0,1.05,0,0,0,0,0,0,0,0,0,1.01,0,1.05,1.01,0,clean
0,0,0,0,1.01,0,0,1.01,0,0,0,1.15,1.01,0,0,1.01,2.07,clean
0,0,0,0,0,0,0,0,0,0,0,0,0,0,0,0,0,clean
0,0,1.01,0,1.01,0,0,1.01,0,0,0,1.03,1.02,0,1.01,0,2.05,clean
0,0,0,0,0,0,0,1.01,0,0,1.01,0,1.03,0,1.01,0,1.07,clean
0,3.07,1.01,7.18,7.23,3.07,0,12.87,0,1.01,10.2,15.74,15.58,2.03,10.2,5.37,19.71,clean
0,2.02,0,3.05,3.05,1.01,0,4.24,1.01,1.01,10.18,3.89,5.89,0,10.18,3.06,5.2,buggy
0,1.01,0,1.04,3.08,0,0,4.13,0,0,3.06,4.24,6.24,2.03,3.06,10.19,6.92,clean
0,0,0,0,0,0,0,1.04,0,0,0,0,1.12,0,0,0,3.26,buggy
0,5.13,0,3.05,6.41,5.13,0,8.28,0,2.04,5.19,15.64,8.34,6.36,5.19,7.38,10.59,clean
0,1.04,0,0,0,1.01,0,2.02,0,0,0,0,1.02,0,0,0,3.18,clean
0,0,0,0,0,0,0,0,0,0,0,0,0,0,0,0,0,clean
0,0,0,0,0,0,0,0,0,0,0,0,0,0,0,0,0,clean
0,1.02,0,0,1.01,1.02,0,4.1,0,0,0,1.07,3.12,1.01,0,0,5.42,buggy
0,0,3.03,0,0,0,5.05,0,0,0,0,0,0,0,3.03,7.07,0,clean
0,0,2.02,0,0,0,0,1.01,0,0,0,0,1.04,0,2.02,0,1.01,clean
0,4.04,19.4,0,3.06,4.04,8.1,3.11,0,0,1.02,4.32,4.12,3.05,19.42,1.01,4.38,clean
0,0,0,1.01,1.01,0,0,1.02,0,0,1.01,1.01,1.04,0,1.01,0,2.06,buggy
0,1.01,0,0,0,1.01,0,2.15,0,0,1.01,0,1.02,0,1.01,0,3.25,clean
0,0,1.01,0,0,0,0,0,0,0,1.01,0,0,0,2.02,1.01,0,clean
0,1.01,0,0,3.08,1.01,0,3.12,1.01,3.73,1.03,4.21,3.36,3.08,1.03,6.93,4.28,clean
0,0,0,0,0,0,0,0,0,0,0,0,0,0,0,1.01,0,clean
0,0,2.02,0,0,0,0,0,0,0,1.01,0,1.01,0,3.03,0,0,clean
0,3.06,2.02,2.02,2.04,2.04,0,2.18,0,0,2.04,2.15,3.32,1.01,2.05,0,3.98,clean
0,1.01,7.1,0,1.01,1.01,0,1.01,1.01,0,0,1.1,2.02,1.01,7.1,2.02,2.06,clean
0,0,0,0,1.01,0,0,1.01,0,1.01,0,1.03,1.02,1.01,0,2.04,1.03,clean
0,0,0,0,0,0,0,1.01,0,0,0,0,0,0,0,0,0,clean
0,0,0,0,0,0,0,0,0,0,0,0,0,0,0,1.01,0,clean
0,0,0,0,0,0,0,0,0,2.03,1.01,0,0,0,1.01,3.08,3.15,clean
0,3.03,1.02,1.01,8.09,3.03,0,11.47,1.01,2.02,7.14,8.92,11.57,5.09,8.16,11.38,15.29,clean
0,3.04,2.06,2.03,5.07,2.03,1.01,7.34,0,0,3.09,5.48,7.74,2.04,4.05,1.01,7.03,clean
0,0,0,0,0,0,0,0,0,0,0,0,0,0,0,0,1.06,clean
1.01,0,4.05,0,1.01,0,1.02,1.01,0,0,0,1.11,1.02,0,4.05,1.01,2.04,buggy
0,1.01,4.05,0,0,0,0,1.01,0,0,0,0,1.02,0,4.05,1.01,2.09,clean
0,0,0,0,0,0,0,0,0,0,0,0,0,0,0,0,1.02,buggy
0,0,0,0,0,0,0,0,0,0,1.01,0,0,0,1.01,0,1.01,clean
0,0,0,0,0,0,0,0,0,2.17,0,0,0,0,0,4.49,1.01,clean
0,0,0,0,0,0,0,0,0,0,0,0,0,0,0,1.01,0,clean
0,1.01,3.04,1.02,2.03,1.01,0,3.09,0,0,5.05,2.21,4.23,1.01,6.09,0,4.47,clean
0,1.12,0,2.02,2.02,1.12,0,3.63,0,3.06,3.04,2.14,3.81,0,3.04,4.1,4.79,clean
0,1.01,1.01,1.06,1.06,1.01,0,2.34,0,0,2.04,3.79,2.51,0,2.02,2.31,6.05,clean
0,0,0,1.01,1.01,0,0,1.03,0,0,1.02,1.14,1.09,0,1.02,2.04,2.16,clean
0,8.23,0,4.14,7.2,7.11,0,14.24,0,1.01,7.13,16.23,17.78,4.05,7.13,5.37,27.85,buggy
0,6.08,1.01,3.16,9.29,6.08,0,9.85,1.01,2.02,8.24,13.51,14.51,5.09,8.24,11.41,17.08,buggy
0,1.03,18.22,0,1.01,0,2.02,4.16,0,0,6.09,1.15,4.26,1.01,23.29,0,6.41,clean
0,0,0,0,0,0,0,0,0,0,0,0,0,0,0,0,0,clean
0,0,1.01,0,0,0,0,0,0,0,0,0,0,0,1.01,0,0,clean
0,5.14,1.01,6.13,9.22,5.14,0,12.02,2.02,3.1,5.16,13.57,13.66,2.04,5.19,6.52,17.37,buggy
0,0,2.04,1.01,1.01,0,0,1.05,0,0,0,1.05,1.01,1.02,2.04,0,1.07,clean
0,3.05,8.29,1.01,3.08,3.03,0,3.19,0,0,4.06,3.93,4.32,3.07,9.35,0,5.83,clean
0,0,0,0,0,0,0,0,1.01,0,1.02,0,1.05,0,1.02,1.03,2.1,clean
0,0,1.01,0,1.01,0,0,3.05,0,0,2.03,1.07,1.04,1.01,2.04,1.01,3.12,clean
0,0,0,0,0,0,0,0,0,0,0,0,0,0,0,1.01,2.04,clean
0,0,1.01,0,0,0,0,0,0,0,0,0,0,0,1.01,0,1.02,clean
0,0,1.02,0,1.01,0,0,2.03,0,1.01,1.01,1.11,3.1,1.01,2.03,3.06,2.25,clean
0,0,0,0,0,0,0,0,0,0,0,0,0,0,0,0,0,clean
0,2.02,13.13,6.1,5.11,1.01,0,12.51,0,0,8.13,7.5,13.99,6.07,20.24,1.01,17.33,buggy
0,0,3.03,0,0,0,0,0,0,0,0,0,0,0,3.03,0,1.01,clean
0,0,2.02,0,0,0,0,1.01,0,0,0,0,2.04,1.01,2.02,0,3.05,clean
0,0,0,0,0,0,0,0,0,0,0,0,0,0,0,0,0,clean
0,0,0,0,1.01,0,0,1.01,0,1.01,0,1.03,1.02,1.01,0,2.04,1.03,clean
0,0,8.12,0,6.14,0,0,8.46,0,0,2.02,6.89,8.73,6.14,8.12,1.01,11.67,clean
0,0,0,0,0,0,0,0,0,0,0,0,0,0,0,1.01,0,clean
0,0,0,0,1.01,0,0,1.16,0,0,2.03,1.04,3.2,1.01,2.03,0,2.42,clean
0,0,0,0,0,0,0,0,0,0,0,0,0,0,0,1.01,1.05,clean
0,0,0,0,0,0,0,0,0,0,0,0,0,0,0,0,0,clean
0,0,0,0,0,0,0,0,0,0,0,0,0,0,0,0,1.02,clean
0,0,0,0,0,0,0,0,0,0,0,0,0,0,0,1.01,0,clean
0,0,5.05,0,0,0,0,0,0,0,2.02,0,0,0,7.07,0,0,clean
0,0,0,0,0,0,0,0,0,0,0,0,0,0,0,1.01,0,clean
0,0,0,0,0,0,0,0,0,0,0,0,0,0,0,0,1.01,clean
0,4.04,2.02,10.22,12.26,4.04,0,21.56,1.01,0,10.15,19.81,22.62,1.01,10.15,4.18,31.17,buggy
0,0,0,0,0,0,0,0,0,0,0,0,0,0,0,2.04,1.06,clean
0,0,3.03,0,0,0,3.03,0,0,0,0,0,0,0,3.03,12.22,1.01,clean
0,0,0,0,0,0,0,0,0,0,0,0,0,0,0,1.01,0,clean
0,0,0,0,0,0,0,1.02,0,0,6.07,0,1.13,0,6.07,3.05,1.1,clean
0,1.01,0,1.03,2.05,1.01,0,2.13,1.01,0,2.02,2.35,2.23,1.02,2.02,2.03,3.53,clean
0,1.03,0,1.01,1.01,1.03,0,1.13,0,0,1.02,1.02,1.16,0,1.02,1.01,2.49,clean
0,1.01,3.13,1.01,2.09,1.01,0,5.35,0,0,8.12,2.45,6.64,2.08,9.21,1.01,6.29,clean
0,0,0,0,2.02,0,0,3.04,0,1.01,1.01,2.08,2.05,2.02,1.01,4.1,4.16,clean
0,0,0,0,0,0,0,0,0,0,0,0,0,0,0,0,0,clean
0,0,0,0,1.01,0,0,2.03,0,0,2.03,1.1,3.08,1.01,2.03,0,4.1,clean
0,0,7.11,0,1.01,0,7.11,1.01,0,1.01,0,1.08,1.01,0,7.11,5.36,2.03,clean
0,2.02,3.03,1.01,2.02,2.02,0,2.08,0,0,4.07,2.23,4.23,0,6.08,1.01,8.56,buggy
0,0,0,1.01,1.02,0,0,1.06,0,0,1.01,1.19,1.15,0,1.01,2.07,3.57,clean
0,0,0,0,0,0,0,0,0,0,1.01,0,0,0,1.01,1.01,0,clean
0,0,0,2.02,2.04,0,0,2.4,0,0,0,2.1,2.2,0,0,0,3.04,clean
0,1.02,7.08,0,1.01,1.02,0,1.03,0,0,0,1.03,1.07,1.01,7.08,1.01,2.19,clean
0,0,0,0,0,0,0,2.03,0,0,1.01,0,2.04,0,1.01,0,3.07,clean
0,1.01,0,0,0,0,0,0,0,0,1.01,0,1.01,0,1.01,0,1.05,buggy
0,0,2.02,0,1.01,0,0,2.03,0,2.02,1.01,1.15,3.05,1.01,3.03,3.06,2.23,clean
0,0,0,0,3.08,0,0,3.08,1.01,3.73,1.02,3.97,3.23,3.08,1.02,6.93,3.37,clean
0,0,0,0,0,0,0,0,0,0,0,0,0,0,0,0,0,clean
0,1.01,0,1.01,1.01,1.01,0,1.05,1.01,0,0,1.02,1.04,1.01,0,1.05,2.14,clean
0,1.05,20.56,4.2,7.32,1.06,1.02,13.77,1.01,0,8.24,17.33,17.23,5.23,20.75,2.06,20.43,clean
0,0,2.02,0,1.01,0,0,1.01,0,0,1.01,1.05,2.03,0,3.03,0,1.04,clean
0,0,0,0,2.03,0,0,2.11,0,0,0,2.51,2.14,2.03,0,2.05,3.5,clean
0,0,1.02,1.01,1.01,0,0,3.07,0,0,2.07,1.08,4.25,0,3.09,1.01,5.52,clean
0,0,0,1.01,1.02,0,0,1.01,0,0,1.03,1.29,1.08,0,1.03,1.07,2.03,clean
0,0,0,0,0,0,0,0,0,0,0,0,0,0,0,1.01,0,clean
0,2.09,8.18,5.19,10.53,2.09,0,18.4,0,0,13.49,19.83,25.81,10.36,17.67,1.01,30.66,buggy
0,0,0,0,0,0,0,0,0,0,0,0,0,0,0,0,1.01,clean
0,0,0,0,0,0,0,0,0,0,0,0,0,1.01,0,3.03,1.06,clean
0,0,0,0,0,0,0,0,0,0,0,0,0,0,0,0,1.01,clean
0,30.8,5.06,0,0,1.01,0,0,0,0,1.01,0,1.02,0,6.07,1.01,8.18,buggy
0,1.05,2.02,1.01,1.02,1.05,0,1.17,0,0,1.03,1.11,1.28,0,3.05,0,1.67,clean
0,0,0,0,0,0,0,0,0,0,0,0,0,0,0,1.01,1.03,clean
0,0,2.03,0,0,0,0,0,0,0,0,0,0,0,2.03,1.01,0,clean
0,0,0,0,0,0,0,1.01,0,0,1.01,0,1.03,0,1.01,0,3.53,clean
0,0,0,0,0,0,0,0,0,0,0,0,0,0,0,2.02,0,clean
0,2.04,0,4.09,5.15,2.04,0,9.34,0,1.01,6.15,7.4,11.35,3.06,6.15,4.06,16.65,buggy
0,0,1.01,0,1.01,0,0,1.01,0,0,1.01,1.05,2.05,0,2.02,0,1.04,clean
0,0,0,0,0,0,0,1.01,0,0,2.02,0,3.06,0,2.02,0,3.13,clean
0,1.01,2.03,0,1.01,1.01,0,4.06,0,2.02,1.01,1.11,7.2,1.01,3.03,8.13,8.29,clean
0,0,1.01,0,0,0,0,0,0,0,0,0,0,0,1.01,0,1.03,clean
0,0,1.01,1.01,2.02,0,0,6.09,0,0,3.08,2.33,6.21,0,3.08,1.01,7.79,clean
0,0,1.02,0,2.03,0,0,2.03,0,1.06,0,2.54,2.07,2.03,1.02,2.07,3.29,clean
0,2.02,2.03,0,1.01,2.02,0,4.1,0,2.02,3.05,1.13,3.11,1.01,2.06,4.07,4.38,clean
0,0,1.01,0,1.01,0,0,1.02,0,0,1.02,1.1,2.07,0,2.03,2.05,3.1,clean
0,0,0,0,0,0,0,0,0,0,0,0,0,0,0,0,0,clean
0,0,1.01,1.02,4.06,0,1.01,8.31,0,0,6.11,5.29,5.43,4.04,7.12,2.02,9.89,clean
0,0,0,0,0,0,0,0,0,0,0,0,0,0,0,0,0,clean
0,0,0,0,0,0,0,0,0,0,0,0,0,0,0,0,0,clean
0,0,3.04,0,0,0,0,2.03,1.01,0,1.01,0,3.05,0,3.05,2.09,3.05,clean
0,0,0,0,0,0,0,2.02,0,0,0,0,2.04,0,0,0,2.2,clean
0,0,0,1.01,1.01,0,0,1.02,0,1.01,1.01,1.21,2.11,0,1.01,3.09,3.11,clean
0,2.07,0,0,0,2.07,0,1.02,0,1.01,3.03,0,3.07,0,3.03,3.04,5.34,clean
0,0,2.05,1.02,2.04,0,0,2.3,0,0,1.02,2.14,2.54,2.02,2.07,0,4.2,clean
0,0,15.23,0,2.02,1.01,1.01,2.06,0,0,1.01,2.21,2.03,2.02,15.24,1.01,3.15,clean
0,0,0,0,0,0,0,0,0,0,0,0,0,0,0,0,1.02,clean
0,1.04,0,1.01,2.04,1.04,0,2.09,0,0,1.01,2.7,2.18,0,1.01,1.01,3.48,buggy
0,0,0,1.02,0,0,0,0,0,0,0,0,0,0,0,0,1.09,clean
0,1.01,0,0,1.02,1.01,0,1.05,0,2.03,1.01,1.05,1.05,0,1.01,2.04,3.14,clean
0,1.02,0,0,2.05,0,0,2.14,0,3.19,2.1,2.41,3.33,2.04,2.1,3.05,3.34,clean
0,1.02,0,0,0,1.02,0,0,0,1.01,1.01,0,1.01,0,1.01,5.37,1.21,clean
0,0,0,0,0,0,0,0,0,1.01,1.01,0,2.03,0,1.01,2.07,1.01,clean
0,0,4.04,0,1.01,0,4.04,1.01,0,1.01,1.01,1.06,2.04,0,4.05,5.36,2.06,clean
0,2.08,1.01,2.05,2.05,2.08,0,4.31,0,0,4.07,2.4,5.46,0,4.07,0,7.29,buggy
0,0,0,0,0,0,0,0,0,3.12,0,0,0,0,0,9.58,0,clean
0,0,0,0,0,0,0,1.01,0,0,2.02,0,1.02,0,2.02,1.01,0,clean
0,1.04,2.04,3.08,2.14,1.04,0,3.61,0,0,3.11,3.33,4,3.08,3.15,1.01,4.82,clean
0,1.08,0,0,0,1.08,0,0,0,1.01,1.01,0,2.08,0,1.01,3.04,3.2,clean
0,0,0,0,1.01,0,0,1.01,0,0,0,1.08,1.01,0,0,1.02,1.03,clean
0,0,0,0,0,0,0,0,0,0,0,0,0,0,0,0,0,buggy
0,0,0,0,0,0,0,0,0,0,0,0,0,0,0,0,0,clean
0,0,0,0,0,0,0,0,0,0,0,0,0,0,0,0,1.01,clean
0,0,0,0,2.02,0,0,2.02,0,0,0,2.11,3.1,1.01,0,7.07,3.14,clean
0,0,0,0,0,0,0,0,0,0,0,0,0,0,0,1.01,0,clean
0,3.06,1.01,2.02,4.05,3.06,0,4.16,1.01,1.02,4.08,4.44,4.23,2.03,4.07,3.11,5.53,clean
0,0,0,0,0,0,0,0,0,0,1.01,0,2.03,0,1.01,0,2.03,clean
0,2.02,0,2.02,2.02,2.02,0,2.06,0,3.11,2.04,2.08,4.24,0,2.04,1.01,6.54,clean
0,0,0,1.01,1.01,0,0,2.02,0,1.01,0,1.2,3.09,0,0,5.37,5.13,clean
0,3.04,0,0,1.01,3.04,0,7.11,1.01,12.19,9.17,1.06,9.4,2.02,9.17,4.09,11.55,buggy
0,0,0,0,0,0,0,1.02,0,0,0,0,3.1,0,0,1.01,2.09,clean
0,0,0,0,0,0,0,0,0,0,0,0,0,0,0,0,0,clean
0,0,1.01,1.02,1.01,0,0,1.01,0,0,2.02,1.09,2.08,1.01,2.02,3.03,2.04,clean
0,0,0,0,0,0,0,0,0,0,2.02,0,2.03,0,2.02,1.01,2.11,clean
0,0,0,0,0,0,0,0,0,0,0,0,0,0,0,0,0,buggy
0,1.01,1.01,0,0,1.01,0,0,0,0,1.01,0,1.01,0,2.02,0,0,clean
0,0,0,0,0,0,0,1.02,0,0,0,0,1.02,0,0,2.03,2.05,clean
0,0,8.08,0,2.02,0,0,3.11,0,0,3.09,2.12,4.23,2.02,9.15,1.01,4.32,clean
0,0,1.01,0,0,0,0,0,0,2.02,0,0,1.01,0,1.01,3.06,0,buggy
0,1.01,1.01,1.01,3.03,1.01,0,3.22,1.01,1.01,3.08,3.22,5.58,2.02,4.09,3.04,7.98,clean
0,0,0,0,0,0,0,0,0,0,1.01,0,1.01,0,1.01,3.05,1.01,clean
0,0,0,0,0,0,0,0,0,0,0,0,0,0,0,0,0,clean
0,0,0,0,1.01,0,0,1.01,0,0,0,1.04,1.02,0,0,0,2.08,clean
0,0,1.01,0,0,0,0,0,0,0,0,0,0,0,1.01,1.05,1.03,clean
0,0,0,0,1.02,0,0,1.02,0,0,1.01,1.19,1.04,0,1.01,1.02,1.05,clean
0,0,2.02,0,1.01,0,0,3.08,0,0,3.03,1.09,3.07,0,5.05,7.07,3.27,buggy
0,0,11.19,0,0,0,0,0,0,1.01,0,0,0,0,11.19,3.03,1.05,clean
0,1.02,1.01,4.05,5.07,1.02,0,9.22,0,1.01,3.05,7.65,12.78,2.02,4.06,6.38,11.74,clean
0,4.07,0,4.08,4.11,4.07,0,4.47,0,9.28,6.22,4.94,8.12,0,6.22,6.23,10.69,clean
0,1.03,0,0,0,0,0,1.01,0,0,1.01,0,1.02,0,1.01,0,1.03,clean
0,0,0,0,0,0,0,1.01,0,0,0,0,0,0,0,1.01,1.07,clean
0,0,4.06,0,0,0,0,0,0,0,4.05,0,2.02,0,8.11,1.01,0,clean
0,12.21,51.11,1.01,11.22,10.12,0,16.75,0,1.08,12.23,17.15,20.42,10.2,49.17,0,22.94,buggy
0,0,0,0,0,0,0,0,0,0,0,0,0,0,0,1.01,0,clean
0,1.01,0,1.02,1.01,1.01,0,3.06,0,0,3.03,1.05,2.09,1.01,3.03,0,4.21,clean
0,0,0,0,0,0,0,0,1.01,0,0,0,0,0,0,2.03,1.01,clean
0,0,0,0,0,0,0,0,0,0,0,0,0,0,0,0,0,clean
0,1.03,1.01,1.02,1.02,1.03,0,2.08,1.01,1.01,0,1.11,2.19,1.01,1.01,1.07,2.43,clean
0,1.01,0,0,0,1.01,0,1.03,0,0,1.01,0,1.01,0,1.01,0,2.09,clean
0,0,0,1.01,1.02,0,0,2.12,0,0,5.1,1.05,3.27,0,5.1,3.05,3.39,clean
0,1.01,2.04,1.01,2.04,1.01,0,3.24,0,0,6.11,2.46,3.36,1.02,6.13,5.07,4.63,clean
0,1.01,0,0,1.02,1.01,0,1.05,0,3.03,4.04,1.37,1.06,1.02,4.04,3.07,3.16,clean
2.04,5.05,0,5.28,6.33,5.09,0,12.74,0,9.28,8.58,11.48,17.57,0,8.58,5.22,22.38,clean
0,4.06,2.02,2.02,4.08,4.06,0,6.33,0,0,4.04,6.92,7.45,2.03,5.06,1.01,10.42,buggy
0,0,4.05,0,0,0,0,0,0,0,0,0,0,0,4.05,1.01,0,clean
0,1.03,0,1.08,1.1,1.03,0,1.23,1.01,0,1.07,4.05,1.42,1.02,1.07,2.05,3.35,clean
0,0,0,0,0,0,0,0,0,0,0,0,0,0,0,0,0,clean
0,1.01,0,4.06,5.11,1.01,0,7.47,0,1.01,4.05,7.75,8.9,1.02,4.05,5.37,11.11,buggy
0,0,1.01,0,1.01,0,0,1.01,0,0,2.02,1.09,1.06,1.01,1.01,3.04,2.08,clean
0,1.02,3.08,3.03,3.03,1.02,0,12.36,0,0,7.12,3.42,16.7,3.04,9.2,1.01,17.36,buggy
0,0,0,0,0,0,0,0,0,0,0,0,0,0,0,0,0,clean
0,0,2.02,0,1.01,0,0,1.03,0,0,1.02,1.01,1.08,1.01,2.04,0,2.15,clean
0,0,0,0,0,0,0,0,1.01,0,2.02,0,1.01,0,2.02,1.03,2.02,clean
0,0,0,0,0,0,0,0,0,3.12,0,0,0,0,0,9.58,0,clean
0,0,0,0,0,0,0,0,0,0,0,0,0,0,0,0,0,clean
0,0,0,0,0,0,0,0,0,0,0,0,0,0,0,1.01,2.03,clean
1.01,4.1,0,3.06,4.07,4.07,0,7.2,0,0,3.05,6.54,7.39,0,3.05,0,7.18,clean
0,1.01,1.02,0,1.02,1.01,1.02,3.05,0,1.01,1.03,1.11,2.04,0,1.01,2.02,4.15,clean
0,0,8.16,0,1.01,0,11.41,1.01,0,0,0,1.08,1.06,1.01,8.16,2.02,2.07,clean
0,4.05,0,1.01,3.03,4.05,0,5.14,1.04,0,4.05,3.15,7.27,2.02,4.05,4.27,11.41,clean
0,1.14,0,2.02,2.02,1.14,0,3.12,0,0,3.03,2.32,4.17,0,3.03,0,5.74,clean
0,0,0,0,0,0,0,0,0,0,0,0,0,0,0,0,1.03,clean
0,0,0,0,0,0,0,0,0,0,0,0,0,0,0,0,0,clean
0,0,0,0,0,0,0,0,0,0,0,0,0,0,0,3.05,0,clean
0,1.01,0,0,0,1.01,0,0,0,0,1.01,0,2.03,0,1.01,0,3.08,clean
0,0,1.01,1.01,1.01,0,0,4.1,0,0,0,1.22,5.13,0,1.01,1.01,6.26,buggy
0,0,0,0,0,0,0,0,0,0,1.01,0,0,0,1.01,1.01,0,clean
0,0,1.02,0,1.01,0,0,1.07,0,0,1.01,1.11,1.15,1.01,2.03,1.02,2.42,clean
0,1.01,11.16,1.01,1.02,1.01,0,1.07,0,1.01,4.04,1.33,2.12,1.01,10.16,5.07,3.19,clean
0,0,0,0,0,0,0,1.01,0,0,3.03,0,2.04,0,3.03,0,2.08,clean
0,0,0,0,0,0,0,0,0,2.02,0,0,0,1.04,0,11.3,1.01,clean
0,0,0,0,1.01,0,0,1.01,0,1.01,0,1.03,1.02,1.01,0,2.04,1.03,clean
0,1.01,1.01,0,0,1.01,0,0,0,0,0,0,1.01,0,1.01,0,2.06,clean
0,0,0,1.01,1.01,0,0,1.01,0,0,1.03,1.05,1.06,0,1.03,0,2.07,clean
0,0,0,0,0,0,0,0,0,0,0,0,0,0,0,1.01,0,clean
0,2.03,0,3.03,2.03,2.03,0,3.1,0,0,1.01,2.3,3.19,2.02,1.01,0,4.88,clean
0,1.04,6.06,0,2.03,1.04,0,3.04,0,3.15,2.02,2.54,3.18,2.03,8.08,9.65,4.3,clean
0,0,0,0,0,0,0,0,0,0,0,0,0,0,0,0,0,clean
0,0,1.01,0,1.02,0,2.02,1.02,0,0,1.01,1.05,1.04,0,2.02,0,1.06,clean
0,0,0,0,0,0,0,0,0,0,1.01,0,1.02,0,1.01,1.01,1.01,clean
0,0,0,0,0,0,0,0,0,0,1.01,0,1.01,0,1.01,3.05,0,clean
0,0,0,0,0,0,0,0,0,0,0,0,0,0,0,0,0,clean
0,0,0,0,2.02,0,0,2.02,1.01,2.02,2.02,2.17,4.06,1.05,2.02,11.38,3.08,clean
0,0,0,0,0,0,0,0,0,0,0,0,1.01,0,0,0,2.04,clean
0,0,0,0,0,0,0,1.01,0,0,0,0,2.03,0,0,0,3.08,clean
0,1.01,0,0,0,1.01,0,1.03,0,0,0,0,1.02,0,0,0,2.04,clean
0,3.04,0,0,2.02,3.04,0,4.05,0,1.01,2.02,2.08,7.09,2.02,2.02,4.1,6.53,clean
0,0,0,0,0,0,0,0,0,0,3.03,0,0,0,3.03,1.02,1.02,clean
0,2.09,0,0,1.01,2.09,0,2.05,0,1.01,2.02,1.12,4.09,0,2.02,3.04,5.36,clean
0,0,0,0,0,0,0,0,0,0,0,0,0,0,0,1.01,1.01,clean
0,0,1.01,0,0,0,0,0,0,0,0,0,0,0,1.01,0,0,clean
0,0,1.01,0,0,1.01,1.01,0,0,0,0,0,0,0,1.01,0,0,clean
0,0,0,0,2.02,0,0,2.02,0,3.25,1.02,2.12,2.03,2.02,1.02,5.9,2.12,clean
0,0,0,0,1.02,0,0,1.02,0,0,0,1.25,1.04,1.02,0,2.04,2.16,clean
0,0,0,0,0,0,0,0,0,0,0,0,0,0,0,0,0,clean
0,0,0,0,0,0,0,2.04,0,0,1.01,0,2.07,0,1.01,1.02,7.6,buggy
0,0,5.06,0,0,0,0,0,0,0,0,0,0,0,5.06,0,0,clean
0,0,0,0,1.01,0,0,1.01,0,0,0,1.14,1.01,0,0,1.01,2.09,clean
0,0,0,0,0,0,0,0,0,0,0,0,0,0,0,1.01,0,clean
0,0,9.13,0,0,0,0,0,0,0,0,0,0,0,9.13,7.14,0,clean
0,0,1.01,1.01,2.02,0,0,1.03,0,0,1.02,2.09,4.11,1.01,2.03,0,2.07,clean
0,1.01,1.02,0,2.04,1.01,0,2.04,1.01,0,1.04,2.1,2.14,2.03,1.06,2.14,2.24,clean
0,0,1.01,0,0,0,0,0,0,0,0,0,0,0,1.01,1.01,0,clean
0,0,8.09,0,1.01,0,0,1.03,0,0,3.03,1.05,1.04,1.01,11.12,3.07,2.13,clean
0,4.05,30.87,5.06,9.22,4.05,14.2,12.66,0,0,5.08,13.55,14.87,8.14,31.95,0,16.83,clean
0,0,0,0,0,0,0,0,0,0,0,0,2.02,0,0,1.01,3.14,clean
0,1.01,0,0,1.01,0,0,2.06,0,2.04,0,1.24,2.06,1.01,0,0,3.26,clean
0,0,0,0,0,0,0,2.02,0,0,1.02,0,2.17,0,1.02,1.01,3.2,clean
0,0,0,0,0,0,0,0,0,0,0,0,0,0,0,0,0,clean
0,0,1.02,0,0,0,0,0,0,0,1.01,0,0,0,2.03,1.02,1.04,clean
0,2.02,3.05,0,4.04,2.02,0,4.07,0,0,2.02,4.53,4.07,2.02,5.07,5.1,5.19,clean
0,0,1.01,2.02,2.03,0,0,5.08,0,0,3.03,2.33,7.2,0,4.04,0,7.25,buggy
0,0,0,0,0,0,0,0,0,0,1.01,0,0,0,1.01,1.02,0,clean
0,1.01,1.01,1.02,1.02,0,0,3.18,0,0,5.06,1.05,4.29,0,6.07,0,3.37,clean
0,0,0,0,0,0,0,0,0,0,0,0,0,0,0,0,1.02,clean
0,0,0,0,1.01,0,0,1.01,1.01,3.31,0,1.1,1.01,1.01,0,6.58,1.04,clean
0,0,0,0,0,0,0,0,0,0,0,0,0,0,0,1.02,0,clean
0,0,1.01,0,1.01,0,0,2.02,0,0,1.01,1.07,2.04,1.01,2.02,0,4.07,clean
0,0,0,0,1.01,0,0,1.01,0,0,0,1.19,1.01,0,0,1.01,1.03,clean
0,0,0,0,0,0,0,0,0,0,2.02,0,0,0,2.02,1.01,0,clean
0,2.02,2.03,0,3.03,1.01,1.01,4.04,1.01,1.07,1.01,3.3,3.06,3.03,2.04,4.14,5.23,clean
0,2.04,1.01,1.04,3.09,2.04,0,3.2,1.04,0,3.07,4.62,5.62,2.05,3.06,4.27,9.31,clean
0,0,1.01,0,2.03,0,1.01,5.21,0,0,3.08,2.56,5.51,0,4.09,0,7.8,buggy
0,3.15,0,3.06,3.05,3.14,0,4.26,0,3.15,5.1,3.55,6.67,1.01,5.1,1.01,8.66,buggy
0,0,0,0,0,0,0,0,0,1.01,0,0,0,0,0,2.06,0,clean
0,0,0,0,0,0,0,0,0,0,0,0,0,0,0,0,0,clean
0,0,0,0,0,0,0,1.04,0,2.03,0,0,0,0,0,3.08,1.06,clean
0,1.04,0,0,0,1.04,0,2.02,0,0,0,0,3.05,0,0,0,2.07,clean
0,0,0,0,2.03,0,0,2.05,1.01,0,2.02,2.24,2.1,0,2.02,2.04,3.14,buggy
0,0,0,0,0,0,0,0,0,0,0,0,0,0,0,2.02,0,clean
0,0,2.03,0,0,0,0,0,0,0,0,0,0,0,2.03,1.01,0,clean
0,0,0,1.01,1.01,0,0,1.01,0,0,0,1.2,1.02,0,0,0,2.08,clean
0,0,0,0,0,0,0,0,0,0,0,0,0,0,0,1.02,0,clean
0,0,0,0,0,0,0,0,0,0,1.01,0,0,0,1.01,0,0,clean
0,2.02,2.02,0,4.04,2.02,0,6.09,0,0,3.03,4.18,8.19,3.03,5.05,0,9.87,buggy
0,1.05,1.01,1.01,2.13,1.05,0,2.13,1.01,1.01,3.05,1.66,2.36,2.12,3.06,4.13,2.84,clean
0,4.13,0,2.19,2.21,4.13,0,5.73,0,0,2.02,4.76,6.06,0,2.02,0,8.46,clean
0,0,3.03,1.01,2.02,0,1.01,5.06,0,0,2.03,2.23,3.06,1.01,5.06,1.05,4.12,clean
0,2.02,1.01,1.02,1.02,2.02,0,4.19,0,11.18,5.12,1.15,9.63,2.02,6.13,2.04,10.74,buggy
0,0,7.07,0,0,0,0,0,0,0,0,0,0,1.01,7.07,3.04,0,clean
0,0,0,0,0,0,0,0,0,0,0,0,0,0,0,0,1.01,clean
0,0,2.03,0,1.02,0,0,1.04,0,0,1.02,1.11,1.06,1.02,3.05,2.03,1.17,clean
0,1.01,0,0,1.03,1.01,0,1.03,1.01,0,1.01,1.09,1.03,1.02,1.01,2.08,1.09,clean
0,0,1.01,0,3.03,0,0,4.14,0,0,1.01,4.05,4.14,3.04,2.02,2.02,5.37,clean
0,0,2.02,1.01,2.02,0,0,2.07,0,0,1.02,2.17,2.12,1.01,3.04,10.48,3.31,clean
0,0,0,0,0,0,0,1.01,0,0,0,0,0,0,0,1.01,2.02,clean
0,3.11,0,2.09,2.12,2.06,0,5.4,0,2.02,3.05,3.86,6.02,0,3.05,6.1,12.79,clean
0,0,1.01,0,0,0,0,0,0,0,0,0,1.01,0,1.01,0,0,clean
0,0,0,0,1.01,0,0,1.01,0,0,0,1.04,1.02,1.01,0,3.03,1.03,clean
0,0,0,0,0,0,0,0,0,0,0,0,1.01,0,0,0,1.01,clean
0,0,0,0,0,0,0,0,0,0,0,0,0,0,0,2.04,0,clean
0,0,1.01,0,2.03,0,0,2.08,1.01,0,2.02,2.18,2.17,0,2.03,2.04,4.45,clean
0,0,0,0,0,0,0,0,0,1.01,0,0,0,0,0,1.01,1.01,clean
0,0,0,0,0,0,0,0,0,0,0,0,0,0,0,1.01,1.02,clean
0,0,1.02,0,0,0,0,0,0,0,0,0,0,0,1.02,0,0,clean
0,0,20.35,3.08,6.14,0,0,8.28,0,0,4.04,10.75,9.66,3.03,24.39,1.01,12.9,clean
1.01,2.02,0,0,1.02,1.01,0,1.05,0,2.03,0,1.07,1.06,0,0,2.04,3.17,clean
0,0,0,0,0,0,0,0,0,0,0,0,0,0,0,0,0,buggy
0,0,0,0,0,0,0,1.02,0,0,1.02,0,1.04,0,1.02,0,2.17,clean
0,1.01,2.02,2.02,1.01,2.02,0,5.12,0,0,3.03,1.18,5.31,1.01,5.05,2.02,4.66,clean
0,0,0,0,0,0,0,0,0,0,0,0,0,0,0,1.01,1.01,clean
0,1.01,0,0,1.02,1.01,0,1.02,0,0,1.01,1.25,1.02,0,1.01,1.01,2.1,clean
0,0,11.12,2.02,2.02,0,0,5.12,0,0,4.11,2.15,6.26,0,14.24,1.01,5.26,clean
0,0,1.01,0,0,0,0,0,0,0,0,0,0,0,1.01,1.01,1.18,clean
0,0,0,0,2.03,0,0,2.04,0,0,0,2.78,2.05,1.02,0,1.03,3.38,clean
0,2.02,0,0,1.03,1.01,0,2.08,0,0,2.02,1.72,3.07,1.02,2.02,2.03,3.21,clean
0,1.01,2.04,2.04,1.03,1.01,0,7.43,0,0,7.15,1.24,10.89,1.01,9.19,1.01,10.5,clean
0,0,0,0,0,0,0,0,0,0,0,0,0,0,0,1.01,0,clean
0,2.02,2.02,0,3.04,2.02,0,4.36,0,0,2.02,3.74,4.64,1.01,3.04,2.02,5.34,clean
0,0,0,2.06,2.06,0,0,2.3,0,0,3.15,2.92,2.63,0,3.15,0,4.12,clean
0,0,0,0,0,0,0,0,0,0,0,0,0,0,0,0,0,clean
0,0,0,0,1.02,0,0,1.02,1.01,2.08,0,1.05,1.02,1.02,0,5.13,1.06,clean
0,0,1.01,0,1.02,0,0,2.04,0,3.12,2.03,1.21,2.08,1.02,3.04,9.7,2.11,buggy
0,0,0,0,0,0,0,0,0,0,0,0,0,0,0,0,0,clean
0,0,0,0,0,0,0,1.01,0,0,2.03,0,1.02,0,2.03,1.01,1.03,buggy
0,0,8.08,0,0,0,1.01,0,0,2.02,1.01,0,1.01,0,8.09,8.14,0,clean
0,0,0,0,1.01,0,0,1.01,1.01,0,0,1.03,1.01,0,0,5.09,1.03,clean
0,0,0,0,4.07,0,0,4.18,3.03,3.07,4.09,4.55,6.2,0,4.09,12.55,5.52,clean
0,0,0,0,0,0,0,0,0,0,0,0,0,0,0,1.01,0,clean
0,0,1.01,0,0,0,0,0,0,0,0,0,2.02,0,1.01,0,0,clean
0,0,0,0,0,0,0,0,0,0,0,0,0,0,0,0,0,clean
0,0,0,0,2.03,0,0,2.07,0,0,0,2.48,2.21,0,0,1.01,4.83,clean
0,1.02,3.03,0,1.01,1.01,0,1.01,0,0,1.01,1.07,3.1,1.01,3.03,0,3.11,clean
0,0,0,0,0,0,0,1.04,0,1.01,1.01,0,1.04,0,1.01,3.1,1.04,clean
0,0,0,0,0,0,0,0,0,0,0,0,1.01,0,0,4.04,0,clean
0,3.19,0,1.03,2.02,2.02,0,5.24,0,0,1.03,2.39,8.45,2.02,1.03,0,12.73,clean
0,3.03,5.08,9.2,9.25,3.03,0,18.69,0,1.01,14.3,12.47,22.37,2.04,16.34,4.05,25.05,clean
0,0,0,0,0,0,0,0,0,1.01,3.03,0,2.03,0,3.03,2.07,2.04,clean
0,0,0,1.03,1.04,0,0,1.1,0,0,1.01,1.1,1.13,1.01,1.01,0,2.26,clean
0,0,0,0,0,0,0,0,0,0,0,0,0,0,0,2.04,0,clean
0,0,3.03,0,1.01,0,0,1.01,0,0,2.06,1.02,2.04,1.01,4.07,4.1,2.03,clean
0,0,1.01,1.01,1.03,0,0,1.04,0,0,0,1.21,1.1,1.02,0,0,1.13,clean
0,0,0,0,0,0,0,0,0,0,0,0,0,0,0,0,0,clean
0,4.05,1.01,2.02,2.04,4.05,0,4.29,0,0,2.03,2.5,6.48,3.05,3.05,1.01,7.94,clean
0,0,0,0,0,0,0,0,0,0,0,0,0,0,0,2.02,0,clean
0,2.02,1.01,0,2.05,2.02,0,3.1,1.01,2.02,4.07,2.35,4.24,3.06,4.08,11.41,5.41,buggy
0,0,0,0,0,0,0,0,0,0,0,0,0,0,0,2.02,0,clean
0,0,0,0,0,0,0,0,0,0,0,0,0,0,0,1.01,0,buggy
0,1.03,1.01,0,1.09,1.03,0,1.1,1.01,0,2.03,1.36,2.24,1.09,2.04,4.13,2.46,clean
0,0,2.02,1.01,1.01,0,0,1.05,0,0,3.03,1.02,1.09,0,5.05,1.01,1.36,clean
0,1.02,5.05,1.01,3.03,1.02,0,9.25,0,0,4.04,3.21,10.51,2.02,7.07,1.01,12.04,buggy
0,0,0,0,0,0,0,0,0,0,0,0,0,0,0,0,1.01,clean
0,1.05,0,3.08,3.14,1.05,0,4.31,0,1.01,4.14,4.19,7.04,2.06,4.14,3.04,8.93,clean
0,0,0,0,0,0,0,0,0,0,0,0,0,0,0,1.01,1.01,clean
0,2.03,0,0,2.02,2.03,0,2.02,0,0,2.03,2.04,3.07,1.01,2.03,8.18,3.1,clean
0,0,0,0,0,0,0,0,0,0,0,0,0,0,0,1.02,1.08,buggy
0,0,15.19,0,0,0,0,0,0,2.02,0,0,1.01,0,15.19,3.06,0,buggy
0,0,0,0,1.01,0,0,1.01,1.01,3.25,1.02,1.09,2.07,1.01,1.02,5.9,2.12,clean
0,1.01,0,0,0,1.01,0,0,1.01,0,2.02,0,3.07,0,2.02,1.1,3.15,clean
0,0,0,0,0,0,0,0,0,0,0,0,0,0,0,0,0,clean
0,0,0,0,0,0,0,0,0,0,1.01,0,0,0,1.01,1.02,1.02,clean
0,4.08,0,4.1,4.16,4.08,0,5.34,0,1.01,4.23,5.32,10.31,2.06,4.23,3.04,11.78,clean
0,0,1.02,0,0,0,0,1.02,1.01,2.02,4.05,0,3.08,1.03,5.07,11.41,5.11,clean
0,0,0,0,0,0,0,0,0,0,0,0,0,0,0,0,0,clean
0,0,0,0,0,0,0,0,0,0,0,0,2.02,0,0,0,0,clean
0,0,23.37,0,0,0,0,0,0,0,0,0,0,0,23.37,1.01,1.01,clean
0,0,0,0,0,0,0,0,0,0,0,0,0,0,0,0,1.06,clean
0,0,0,0,0,0,0,0,0,0,0,0,0,0,0,1.02,0,clean
0,2.02,0,0,1.01,2.02,0,1.02,0,0,0,1.1,3.09,1.01,0,0,5.18,buggy
0,0,5.06,0,1.01,0,0,1.04,0,0,1.01,1.06,1.09,0,6.07,4.11,1.19,clean
0,0,0,1.01,1.01,0,2.02,1.05,0,0,1.01,1.15,3.07,0,1.01,2.02,3.49,buggy
0,1.02,0,0,1.01,1.01,0,3.08,0,0,3.03,1.14,6.16,1.01,3.03,0,3.13,buggy
0,4.04,6.07,8.12,12.19,4.04,0,17.56,0,0,12.15,26.15,17.98,5.07,17.22,3.04,21.19,buggy
0,0,0,0,0,0,0,0,0,0,1.01,0,1.01,0,1.01,2.07,1.01,clean
0,0,0,0,0,0,0,0,0,0,0,0,0,0,0,0,0,clean
0,0,0,0,0,0,0,1.01,0,0,0,0,0,0,0,1.01,3.1,clean
0,0,0,0,0,0,0,0,0,0,0,0,0,0,0,1.01,0,clean
0,0,8.18,0,4.07,0,0,4.44,0,0,2.07,4.28,5.4,4.07,8.25,1.01,6.78,buggy
0,0,0,0,2.02,0,0,2.02,0,8.2,0,2.06,2.06,2.02,0,5.05,2.13,clean
0,0,2.04,0,0,0,0,0,0,0,0,0,0,0,2.04,0,0,clean
0,0,0,0,0,0,0,1.02,0,0,2.05,0,2.12,0,2.05,0,1.17,clean
0,0,0,0,1.01,0,0,1.01,1.01,3.25,1.02,1.08,1.04,1.01,1.02,5.9,1.08,clean
0,0,0,0,0,0,0,0,0,0,0,0,0,0,0,1.02,0,clean
0,2.02,0,0,2.02,2.02,0,2.02,0,0,2.05,2.18,5.15,2.02,2.05,2.02,6.21,buggy
0,0,0,0,0,0,0,1.01,0,0,0,0,0,0,0,0,0,clean
0,1.01,1.02,0,0,0,0,0,0,0,0,0,0,0,1.02,0,0,clean
0,0,1.01,0,0,0,2.03,0,0,0,0,0,0,0,1.01,0,1.01,clean
0,2.05,1.01,4.04,6.1,2.05,0,7.45,0,0,7.1,8.19,9.13,1.02,7.11,7.11,9.59,clean
0,1.01,1.01,0,0,1.01,0,1.01,0,0,0,0,1.01,0,1.01,0,1.03,clean
0,0,0,0,0,0,0,0,0,0,0,0,0,0,0,6.15,1.04,clean
0,1.01,0,0,0,1.01,0,0,0,0,0,0,1.06,0,0,0,2.11,clean
0,0,0,0,0,0,0,0,0,0,0,0,0,0,0,0,1.03,clean
0,0,5.09,3.03,5.06,0,0,10.33,0,0,6.11,5.8,14.99,4.05,10.2,1.01,15.45,buggy
0,1.01,1.01,0,1.01,1.01,0,4.05,0,2.02,1.01,1.12,2.03,1.01,2.02,11.19,4.14,clean
0,0,0,0,0,0,0,1.08,0,0,3.03,0,1.03,0,3.03,1.01,2.07,clean
0,1.01,0,1.01,1.01,0,0,3.09,0,0,4.05,1.02,4.14,0,4.05,0,4.38,clean
0,0,0,0,0,0,0,3.07,0,0,5.08,0,8.3,0,5.08,0,8.34,buggy
0,0,4.04,1.01,2.02,0,1.01,2.02,0,0,3.05,2.51,2.07,3.06,7.09,3.07,3.1,clean
0,0,0,0,0,0,0,2.15,0,8.14,1.07,0,2.34,0,1.07,0,3.59,buggy
0,0,1.01,0,0,0,0,0,0,0,0,0,0,0,1.01,0,1.01,clean
0,3.03,0,0,1.01,3.03,0,2.11,0,0,3.06,1.06,2.08,1.01,3.05,0,4.36,clean
0,1.01,0,0,1.04,1.01,0,1.05,0,0,0,1.3,1.04,1.04,0,0,2.24,clean
0,2.09,0,3.04,4.06,2.08,0,6.33,0,1.01,4.14,5.48,7.8,2.02,4.14,6.38,12.64,clean
0,0,0,0,0,0,0,0,0,0,0,0,0,0,0,0,0,clean
0,0,0,0,0,0,0,0,0,0,0,0,0,0,0,0,1.01,clean
0,4.05,6.13,0,4.1,4.05,1.01,4.1,0,0,0,5.19,4.1,4.1,6.13,8.16,4.3,clean
0,1.01,1.01,0,0,1.01,0,0,0,1.01,0,0,1.01,0,1.01,3.1,2.02,clean
0,1.02,2.02,3.04,3.04,1.02,0,3.09,0,0,1.01,3.51,4.16,3.03,3.03,2.07,5.25,clean
0,1.01,0,0,1.02,1.01,0,1.05,0,2.02,3.03,1.49,3.1,1.02,3.03,3.09,3.17,buggy
0,0,2.02,0,0,0,0,0,0,1.01,0,0,0,0,2.02,6.13,0,clean
0,0,0,0,2.02,0,0,3.05,0,0,3.03,2.19,4.12,1.01,3.03,9.11,5.24,clean
0,0,0,0,0,0,0,0,0,0,0,0,0,0,0,0,1.01,clean
0,0,0,0,0,0,0,6.09,1.01,0,4.04,0,6.22,0,4.04,2.04,8.59,clean
0,0,0,0,1.02,0,0,1.01,0,0,2.03,1.07,2.09,0,2.03,1.01,3.15,clean
0,1.05,0,0,0,0,0,0,0,1.01,2.02,0,2.05,0,2.02,3.04,3.09,clean
0,0,0,0,0,0,0,0,0,0,0,0,0,0,0,0,1.08,clean
0,2.1,0,1.05,1.02,2.14,0,1.2,0,1.01,2.02,1.39,3.39,1.03,2.02,3.04,4.73,clean
0,0,0,0,0,0,0,0,0,0,0,0,0,0,0,0,0,clean
0,0,1.02,0,0,0,0,0,0,0,0,0,0,0,1.02,1.01,0,clean
0,1.01,3.05,4.07,6.15,1.04,0,6.38,0,0,3.06,8.37,6.81,5.08,6.11,1.01,8.29,clean
0,1.04,1.01,0,1.03,1.03,0,1.04,0,0,0,1.57,1.1,1.03,1.01,1.03,2.39,clean
0,0,0,0,1.01,0,0,1.01,0,8.2,2.02,1.09,2.02,1.01,2.02,2.02,2.05,clean
0,0,0,0,0,0,0,0,0,0,2.02,0,1.02,0,2.02,1.01,3.03,clean
0,3.03,0,0,2.02,3.03,0,5.06,1.01,12.19,8.11,2.12,8.31,3.03,8.11,4.09,8.46,buggy
0,0,0,0,0,0,0,0,0,0,0,0,0,0,0,1.01,1.01,clean
0,2.02,2.04,0,2.02,1.01,0,5.15,0,0,5.05,2.19,5.24,1.02,7.09,4.07,7.41,buggy
0,2.02,20.28,6.21,7.27,2.02,0,13.59,0,0,10.23,12.46,15.93,8.12,25.48,1.01,19.72,clean
0,0,0,0,0,0,0,0,0,0,0,0,0,0,0,0,0,clean
0,0,4.04,0,1.01,0,0,1.01,0,0,1.01,1.04,2.04,1.01,5.05,5.12,2.05,clean
0,0,0,0,1.01,0,0,1.01,0,0,4.05,1.03,4.09,0,4.05,8.18,6.25,clean
0,0,0,0,0,0,0,0,0,0,0,0,0,0,0,1.01,0,clean
0,0,0,1.01,2.02,0,0,4.09,0,0,4.04,2.18,4.19,2.02,4.04,1.01,4.35,clean
0,0,0,0,0,0,0,0,0,0,1.02,0,1.06,0,1.02,1.01,2.07,clean
0,0,0,0,0,0,0,1.01,0,0,0,0,2.04,0,0,0,6.2,clean
0,1.01,21.52,0,3.04,0,14.29,4.05,0,0,0,3.46,3.06,2.03,21.52,0,6.17,clean
0,2.02,0,1.04,2.07,2.02,0,2.27,1.01,1.01,2.12,2.36,2.63,1.02,2.12,2.09,4.38,clean
0,0,0,0,0,0,0,0,0,0,0,0,0,0,0,0,1.03,clean
0,1.02,0,1.02,2.08,1.02,0,5.34,0,0,3.08,3.4,6.69,1.01,3.08,1.02,9.64,buggy
0,5.07,4.05,7.18,7.22,5.05,0,10.97,1.01,1.01,8.22,12.24,14.29,0,10.21,3.06,17.39,buggy
0,1.01,0,3.09,3.1,1.01,0,3.24,0,0,2.04,4.41,3.41,1.02,2.04,1.02,3.69,clean
0,0,0,0,0,0,0,0,0,0,0,0,0,0,0,1.02,0,clean
0,0,1.01,0,0,0,1.01,0,0,0,1.01,0,1.01,0,2.02,0,1.03,clean
0,0,0,0,0,0,0,0,0,0,0,0,0,0,0,1.01,0,clean
0,0,0,0,0,0,0,0,0,0,1.01,0,0,0,1.01,1.02,0,clean
0,0,0,0,1.01,0,0,1.01,0,0,0,1.1,1.01,1.01,0,1.01,1.03,clean
0,0,0,0,0,0,0,0,0,0,1.01,0,0,0,1.01,1.01,0,clean
0,3.15,0,1.05,1.08,2.05,0,2.36,1.01,1.06,2.28,1.52,5.55,1.04,2.28,1.07,7.8,clean
0,1.03,0,0,1.02,1.03,0,3.21,0,2.04,1.01,1.11,3.17,1.02,1.01,3.07,2.53,clean
0,0,0,0,0,0,0,0,0,0,0,0,0,0,0,0,0,clean
0,0,0,0,0,0,0,0,0,0,0,0,0,0,0,0,0,clean
0,1.01,0,0,0,1.02,0,1.01,0,0,4.04,0,2.03,0,4.04,0,2.05,buggy
0,0,0,0,0,0,0,0,0,0,0,0,0,0,0,0,0,buggy
0,1.01,0,0,0,1.01,0,2.02,0,0,0,0,0,0,0,0,1.01,clean
0,0,0,0,0,0,0,0,0,0,0,0,1.01,0,0,0,1.04,clean
0,0,0,0,0,0,0,0,0,0,0,0,0,0,0,1.01,0,clean
0,0,0,0,0,0,0,0,0,0,0,0,0,0,0,3.05,0,clean
0,1.01,0,2.02,2.03,1.01,0,3.08,0,0,0,2.17,3.2,1.01,0,1.01,9.27,buggy
0,0,0,0,2.05,0,0,2.05,0,1.01,0,2.26,2.05,0,0,3.07,3.21,clean
0,1.01,2.02,1.01,1.01,1.01,0,2.07,0,0,1.01,1.05,1.13,1.01,2.03,1.01,3.4,clean
0,3.06,0,2.04,5.07,3.06,0,8.28,0,1.01,5.08,5.39,7.56,3.03,5.08,4.1,11.33,clean
0,0,0,0,0,0,0,0,0,0,0,0,0,0,0,0,0,buggy
0,0,0,0,0,0,0,0,0,0,0,0,0,0,0,2.04,2.17,clean
0,0,0,0,0,0,0,0,0,0,0,0,0,0,0,0,0,clean
0,0,0,0,0,0,0,0,0,0,0,0,0,0,0,0,1.02,clean
0,0,0,0,0,0,0,0,0,0,0,0,0,0,0,2.04,0,clean
0,4.05,18.29,2.02,10.23,4.05,1.01,17.83,0,0,7.11,18.97,18.28,7.17,20.36,1.07,20.83,buggy
0,1.08,1.01,0,0,1.08,0,1.01,0,1.01,1.01,0,3.09,0,2.02,3.04,4.18,clean
0,1.01,6.06,0,1.01,0,6.06,4.04,0,1.01,1.01,1.17,2.04,1.03,7.07,2.02,5.17,clean
0,1.01,0,0,0,1.01,0,0,0,0,0,0,0,0,0,1.02,0,clean
0,0,0,0,1.01,0,0,2.02,0,0,3.03,1.06,2.06,0,3.03,9.11,2.07,clean
0,0,0,0,0,0,0,0,0,0,0,0,0,0,0,0,0,clean
0,2.02,0,1.02,4.05,2.02,0,4.09,0,0,5.1,4.35,8.36,3.03,5.1,6.14,8.83,clean
0,0,3.03,0,2.02,0,0,2.02,0,0,0,2.04,3.05,1.01,3.03,0,3.08,clean
0,1.01,0,0,1.01,1.01,0,1.01,0,0,0,1.25,1.01,0,0,1.01,2.16,clean
0,0,1.01,0,0,0,1.01,0,0,0,0,0,0,0,1.01,0,0,clean
0,0,0,0,1.03,0,0,2.08,0,0,2.07,1.39,3.2,1.03,2.07,0,2.22,clean
0,0,0,0,0,0,0,0,0,0,1.01,0,0,0,1.01,1.01,0,clean
0,0,0,0,0,0,0,0,0,0,0,0,0,0,0,1.03,0,clean
0,0,1.01,0,0,0,0,0,0,0,2.02,0,0,0,3.03,0,4.14,clean
0,0,0,0,0,0,0,0,0,2.03,1.02,0,1.02,0,1.02,3.08,2.05,clean
0,0,3.04,0,2.02,0,1.02,2.02,0,0,0,2.1,2.06,0,3.04,0,2.12,clean
0,0,0,0,0,0,0,1.01,0,0,1.01,0,1.01,0,1.01,1.01,1.03,clean
0,0,0,0,0,0,0,0,0,0,0,0,0,0,0,0,0,clean
0,0,1.01,0,0,0,0,1.02,0,1.01,1.01,0,2.02,0,2.02,3.09,2.02,clean
0,0,3.08,0,2.03,0,0,3.2,0,0,3.03,2.12,2.27,2.03,4.11,1.01,4.96,clean
0,0,0,0,0,0,0,0,0,0,0,0,0,0,0,1.01,1.02,clean
0,0,0,1.01,2.02,0,0,2.05,0,0,4.07,2.05,2.25,1.01,4.07,0,4.41,clean
0,0,0,0,0,0,0,4.04,0,2.02,5.05,0,4.08,0,5.05,7.12,3.09,clean
0,0,0,0,0,0,0,0,0,0,0,0,0,0,0,0,0,clean
0,0,0,0,0,0,0,0,0,0,0,0,0,0,0,0,1.01,clean
0,0,0,0,0,0,0,0,0,1.01,0,0,0,0,0,3.1,0,clean
0,3.3,4.55,0,0,0,0,0,0,0,0,0,0,0,4.55,0,0,clean
0,2.02,7.11,3.11,5.12,2.02,0,10.44,0,30.76,5.12,6.99,10.96,5.07,9.21,1.01,11.4,buggy
0,0,0,0,0,0,0,0,0,0,0,0,0,0,0,0,1.04,clean
0,0,0,0,0,0,0,0,0,1.01,1.01,0,0,0,1.01,1.01,1.07,clean
0,5.06,2.04,0,5.07,5.06,1.01,6.21,0,1.02,4.04,5.68,6.26,5.06,5.08,3.07,8.73,clean
0,2.06,0,0,0,2.06,0,1.05,0,1.01,1.02,0,3.06,0,1.02,5.37,3.28,clean
0,0,3.03,0,1.01,0,0,2.03,0,0,2.04,1.05,3.05,1.01,5.07,0,2.14,clean
0,0,2.02,0,0,0,0,0,0,0,0,0,0,0,2.02,3.07,0,clean
0,0,3.15,0,2.02,0,0,2.18,0,0,1.02,2.21,3.25,2.02,3.17,0,3.7,clean
0,2.03,1.01,0,2.02,2.02,0,3.05,0,0,5.07,2.07,6.15,1.01,6.08,8.18,6.13,clean
0,0,1.01,0,0,0,0,0,0,1.01,0,0,0,0,1.01,3.1,0,clean
0,3.03,4.05,2.03,5.1,2.02,0,5.33,0,1.01,8.19,7.92,6.85,5.06,12.24,5.08,8.35,clean
0,0,0,0,0,0,0,1.02,0,0,0,0,1.02,0,0,2.03,2.07,clean
0,0,4.05,0,0,0,0,0,0,0,0,0,0,0,4.05,3.07,0,clean
0,0,11.14,0,0,0,0,2.06,0,0,1.01,0,2.02,0,11.15,0,2.11,clean
0,0,0,0,0,0,0,0,0,0,0,0,0,0,0,0,0,clean
0,0,0,0,0,0,0,0,0,0,1.01,0,1.01,0,1.01,1.01,1.16,clean
0,1.01,0,3.03,3.05,1.01,0,7.15,0,1.01,9.17,3.64,11.55,1.02,9.17,3.04,10.72,buggy
0,0,1.01,0,1.01,0,0,1.01,0,0,0,1.1,1.01,1.01,1.01,2.02,1.03,clean
0,0,0,2.02,3.04,0,0,3.08,0,1.01,2.06,3.15,3.26,2.02,2.06,2.04,3.55,clean
0,3.06,0,3.08,4.12,3.06,0,5.28,0,1.01,6.09,5.23,6.77,2.04,6.09,3.04,8.14,clean
0,0,0,0,0,0,0,0,0,0,0,0,0,0,0,1.02,1.01,clean
0,1.01,3.03,0,2.03,1.01,0,2.03,0,0,0,2.22,2.04,2.03,3.03,1.01,2.1,clean
0,2.07,1.02,6.15,5.17,1.01,0,14.02,0,1.01,5.12,10.4,15.59,2.03,5.14,5.37,19.61,clean
0,0,1.01,0,0,0,0,0,0,0,0,0,0,0,1.01,1.01,1.02,clean
0,0,0,0,0,0,0,0,0,0,0,0,0,0,0,0,1.03,clean
0,0,0,0,0,0,0,0,0,0,2.02,0,1.01,0,2.02,0,3.15,clean
0,1.01,0,1.01,1.02,1.01,0,1.04,0,0,1.01,1.07,1.05,1.01,1.01,0,1.21,clean
0,0,0,0,0,0,0,0,0,0,0,0,0,0,0,1.01,3.15,buggy
0,0,0,0,0,0,0,1.01,0,0,1.02,0,1.03,0,1.02,1.01,1.04,clean
0,0,0,0,0,0,0,0,0,0,2.02,0,2.03,0,2.02,1.01,3.05,clean
0,0,0,0,0,0,0,0,0,0,0,0,0,0,0,0,0,clean
0,0,0,0,0,0,0,0,0,0,0,0,0,0,0,0,0,clean
0,0,0,0,1.01,0,0,1.01,1.01,2.02,1.02,1.06,2.03,1.05,1.02,11.38,1.04,clean
0,3.04,1.01,1.02,3.05,1.01,0,3.12,0,0,1.02,4.3,3.28,2.02,2.03,1.05,4.56,clean
0,0,0,0,0,0,0,0,0,0,1.01,0,1.02,0,1.01,1.01,0,clean
0,0,0,0,0,0,0,1.02,0,0,1.01,0,1.01,0,1.01,0,2.05,clean
0,0,0,0,0,0,0,2.05,0,0,2.02,0,2.1,0,2.02,0,2.17,clean
0,0,2.02,0,0,0,0,0,0,0,0,0,0,0,2.02,1.01,1.02,clean
0,0,2.03,0,1.01,0,0,1.07,0,0,3.03,1.1,2.19,1.01,5.06,1.01,2.24,clean
0,1.01,0,0,1.02,1.01,0,1.03,0,0,1.01,1.11,1.04,1.02,1.01,2.04,1.09,clean
0,0,3.03,0,0,0,0,0,0,0,1.01,0,2.02,0,4.04,1.01,2.02,clean
0,0,0,0,0,0,0,1.01,0,1.01,2.03,0,2.09,0,2.03,2.02,4.09,clean
0,1.01,0,0,2.02,1.01,0,2.06,0,0,1.01,2.2,3.18,1.01,1.01,4.07,2.16,clean
0,0,0,0,0,0,0,0,0,0,0,0,1.02,0,0,1.01,1.03,clean
0,0,0,0,0,0,0,0,0,0,0,0,0,0,0,0,1.04,clean
0,2.12,0,2.09,2.11,2.12,0,4.23,0,1.01,3.05,4.75,5.53,2.02,3.05,1.01,10.72,buggy
0,2.03,0,1.01,1.03,2.03,0,5.22,0,1.01,4.05,1.51,6.29,0,4.05,5.37,7.8,clean
0,0,1.01,0,0,0,0,0,0,0,0,0,0,0,1.01,0,0,clean
0,1.01,1.01,1.04,1.04,1.01,0,2.15,1.01,0,3.05,1.66,4.29,0,4.06,2.04,5.85,clean
0,0,0,0,0,0,0,2.03,0,3.11,5.06,0,4.12,0,5.06,3.03,6.17,buggy
0,1.01,1.01,0,0,1.01,0,0,0,0,0,0,0,0,1.01,0,0,clean
0,1.01,0,0,1.01,1.01,0,1.01,0,0,3.04,1.03,2.08,0,3.04,8.18,3.06,clean
0,1.01,0,1.01,2.03,1.01,0,8.16,0,1.01,6.09,3.65,9.32,1.02,6.09,3.09,10.81,clean
0,0,2.02,0,0,0,0,0,0,0,0,0,0,0,2.02,3.07,0,clean
0,0,0,0,0,0,0,1.01,1.01,3.37,0,0,2.04,0,0,7.26,3.09,clean
0,0,0,0,0,0,0,0,0,0,0,0,0,0,0,0,0,clean
0,0,1.01,0,0,0,0,0,0,0,0,0,0,0,1.01,0,0,clean
0,0,0,0,0,0,0,0,0,2.17,0,0,0,0,0,4.49,0,clean
0,0,0,0,1.01,0,0,1.01,0,1.01,1.01,1.04,1.02,1.01,1.01,2.04,3.07,clean
0,0,0,0,0,0,0,0,0,0,0,0,0,0,0,3.03,0,clean
0,1.01,1.01,1.04,3.08,1.01,0,3.42,0,0,4.13,3.44,4.68,3.03,4.13,0,6.51,buggy
0,0,1.01,0,0,0,0,0,0,0,0,0,0,0,1.01,0,0,clean
0,0,0,0,1.01,0,0,1.02,0,0,1.02,1.01,1.06,1.01,1.02,0,2.21,clean
0,0,0,0,0,0,0,0,0,0,0,0,0,0,0,0,1.04,clean
0,0,1.01,0,0,0,1.02,0,0,0,0,0,0,0,1.01,0,0,clean
0,0,3.03,0,0,0,0,0,0,0,0,0,0,0,3.03,1.01,0,clean
1.03,1.01,1.01,1.03,1.01,1.02,0,0,0,0,0,1.09,0,1.01,1.01,0,2.07,clean
0,0,0,0,0,0,0,1.02,0,0,1.01,0,1.02,0,1.01,0,2.28,clean
0,0,0,0,0,0,0,0,0,0,0,0,0,0,0,0,0,clean
0,0,0,0,0,0,0,0,0,0,0,0,0,0,0,2.02,0,clean
0,0,1.01,0,0,0,0,0,0,0,1.01,0,1.01,0,2.02,0,0,clean
0,2.02,1.01,0,0,2.02,0,0,0,0,0,0,1.01,0,1.01,0,2.17,clean
0,0,0,0,1.01,0,0,1.01,1.01,2.02,0,1.07,1.01,1.05,0,11.38,1.04,clean
1.01,1.01,1.01,0,1.02,0,0,2.1,0,0,4.04,1.05,2.08,1.02,4.05,2.03,4.18,clean
0,0,0,0,1.01,0,0,2.02,0,0,1.01,1.16,2.13,1.01,1.01,1.01,3.27,buggy
0,0,0,0,2.02,0,0,5.07,0,0,5.07,2.19,6.19,0,5.07,7.07,8.33,clean
0,0,0,0,0,0,0,0,0,0,1.01,0,1.01,0,1.01,0,0,clean
0,0,0,0,0,0,0,0,0,0,1.01,0,1.01,0,1.01,0,1.03,clean
0,0,0,0,0,0,0,0,0,0,0,0,0,0,0,1.01,0,clean
0,0,0,0,0,0,0,0,0,0,0,0,0,0,0,0,0,buggy
0,0,1.01,0,1.01,0,0,2.02,0,0,0,1.02,3.05,1.01,1.01,0,4.14,clean
0,2.08,0,2.04,3.06,3.05,0,4.18,0,1.01,4.06,4.47,10.49,2.02,4.06,5.37,12.48,clean
0,0,0,0,0,0,0,0,0,0,2.02,0,0,0,2.02,0,0,clean
0,0,2.03,0,0,0,0,0,0,0,0,0,0,0,2.03,3.05,2.03,clean
0,0,0,0,0,0,0,0,0,0,1.01,0,1.01,0,1.01,0,2.02,clean
0,0,0,0,0,0,0,0,0,0,0,0,0,0,0,1.01,0,clean
0,1.02,0,1.01,2.05,1.02,0,4.08,0,0,4.1,2.26,5.32,1.05,4.1,9.22,9.6,clean
0,2.03,4.08,6.09,7.11,2.03,0,13.51,0,0,10.21,8.85,16.77,1.02,11.2,0,17.68,clean
0,0,2.04,0,0,0,0,2.02,0,0,0,0,0,0,2.04,3.07,2.02,clean
0,0,1.01,0,2.02,0,0,5.07,0,0,0,2.13,5.1,1.01,1.01,2.02,6.23,clean
0,1.01,0,2.06,2.04,1.01,0,3.15,1.01,0,1.02,2.13,3.23,1.01,1.02,2.06,4.56,clean
0,0,0,0,0,0,0,0,0,0,0,0,0,0,0,0,0,clean
0,0,1.01,0,0,0,0,1.01,0,3.12,0,0,0,0,1.01,9.58,1.03,clean
0,0,0,0,1.02,0,0,1.06,0,0,1.01,1.23,1.09,1.02,1.01,2.04,2.2,clean
0,0,1.01,3.04,3.04,0,0,6.12,0,0,6.07,3.66,9.34,0,7.08,0,10.37,buggy
1.01,2.02,0,0,1.01,3.03,0,1.01,0,0,2.04,1.1,3.11,1.01,2.04,1.01,3.13,clean
0,1.01,3.05,0,2.03,1.01,0,2.11,0,0,1.01,2.14,2.1,2.03,3.06,0,3.41,clean
0,0,6.06,0,2.04,0,0,2.18,0,0,0,2.54,2.13,2.04,6.06,3.07,3.93,clean
0,0,0,0,0,0,0,0,0,0,2.02,0,1.01,0,2.02,0,1.1,buggy
