0,0,0,9,3,36,1,7,3,5,21,19,8,3,0,2,1,14,6,clean
0,0,0,10,7,50,3,6,4,1,15,30,8,1,0,0,0,51,3,clean
8,0,0,34,17,188,6,12,2,1,66,86,18,3,0,3,1,14,2,clean
2,0,0,27,10,160,0,8,1,0,28,56,10,4,0,4,0,0,6,buggy
1,0,4,32,9,120,0,21,1,19,210,55,24,9,0,6,0,0,18,clean
11,0,0,53,11,282,0,21,1,5,210,130,15,10,0,10,0,6,9,buggy
4,0,0,28,11,115,0,11,1,0,55,60,11,5,2,5,3,0,7,buggy
0,0,0,3,1,9,0,3,2,0,3,5,1,0,0,0,0,6,3,clean
3,0,0,36,7,112,0,7,2,1,21,42,8,0,0,0,0,29,2,clean
0,0,0,4,1,16,0,3,1,1,3,7,2,1,0,1,0,0,1,clean
0,0,0,2,1,15,0,2,1,1,1,4,2,0,0,0,0,7,2,clean
0,0,0,3,5,17,0,2,2,1,1,10,6,1,0,1,0,4,1,buggy
0,0,0,5,4,20,1,2,2,1,1,10,5,0,0,0,0,3,2,clean
0,0,0,60,14,191,20,24,5,2,276,116,16,9,0,9,0,90,22,clean
7,0,0,30,14,233,0,13,3,1,78,84,15,9,0,9,0,21,4,buggy
1,0,3,22,6,98,0,12,1,5,66,39,11,5,0,3,0,0,9,clean
0,0,0,2,3,7,8,2,3,2,1,5,5,2,0,2,0,39,2,clean
0,0,0,1,0,3,1,2,2,0,1,2,0,0,0,0,0,18,1,buggy
0,0,9,6,1,25,0,7,1,17,21,14,18,2,0,2,0,0,4,clean
1,0,2,53,10,199,0,29,2,9,406,126,17,6,0,1,0,3,4,buggy
2,0,2,10,7,53,7,6,2,0,15,37,7,1,0,0,0,32,2,buggy
7,0,0,30,12,84,0,9,1,1,36,62,13,3,0,2,0,6,2,clean
0,0,0,15,4,58,0,8,3,2,28,27,6,5,0,5,0,23,8,clean
0,0,0,10,8,36,0,8,2,4,28,36,12,1,0,0,0,20,8,clean
0,0,18,4,1,12,0,4,5,0,6,6,1,1,0,1,0,16,3,clean
0,0,46,3,0,7,0,3,1,0,3,3,0,0,0,0,0,6,3,clean
0,0,0,14,4,136,0,8,1,1,28,44,5,5,0,5,0,0,2,clean
18,0,0,92,29,482,2,29,5,2,406,200,30,15,0,15,0,75,7,clean
0,0,0,3,1,20,0,2,1,0,1,8,1,0,0,0,0,0,2,clean
0,0,0,5,5,41,0,5,1,1,10,19,6,4,0,4,0,0,1,clean
0,0,0,5,0,15,0,6,1,1,15,6,1,2,0,2,0,6,5,clean
0,0,0,9,8,80,0,2,1,1,1,38,9,0,0,0,0,7,2,clean
6,0,2,65,13,250,0,23,1,4,253,140,17,5,0,3,1,30,10,clean
0,0,0,4,1,38,0,3,1,0,3,9,1,1,0,1,0,0,1,buggy
0,0,1,10,2,55,0,7,1,2,21,25,4,3,0,2,0,0,2,clean
1,0,0,15,4,47,2,5,2,0,10,25,4,0,0,0,0,7,1,clean
6,0,11,68,6,230,0,29,1,20,406,129,26,5,0,5,0,6,21,clean
7,2,0,30,5,226,0,12,1,1,66,53,6,13,0,11,0,0,1,clean
0,0,0,13,6,44,2,5,2,0,10,28,6,0,0,0,0,7,1,clean
4,0,2,13,3,152,0,12,1,1,66,47,4,6,0,5,0,6,5,buggy
0,0,0,1,0,3,3,1,2,0,0,1,0,0,0,0,0,20,1,clean
0,11,0,0,0,0,0,1,1,6,0,1,6,11,0,0,0,6,1,buggy
1,0,0,13,3,63,0,11,1,1,55,35,4,3,0,3,0,0,5,clean
1,0,2,19,5,64,1,11,4,4,55,32,9,4,0,3,0,65,10,clean
2,0,0,5,6,38,0,5,2,2,10,15,8,3,0,2,0,28,1,clean
1,0,0,27,9,76,0,13,1,7,78,50,16,4,0,2,0,30,12,clean
0,0,0,3,2,11,2,4,8,4,6,7,6,1,0,1,0,219,4,clean
0,0,0,8,1,23,0,2,1,2,1,7,3,1,0,1,0,0,2,clean
1,0,0,24,9,89,2,12,3,1,66,44,10,3,0,3,0,19,9,buggy
4,0,0,16,6,67,0,10,1,1,45,26,7,2,0,2,0,6,6,clean
0,0,0,6,2,19,0,6,2,6,15,8,8,3,0,3,0,24,6,clean
0,0,2,4,5,24,7,4,3,0,6,13,5,0,0,0,0,32,1,clean
2,0,0,18,8,122,0,12,1,1,66,52,8,6,0,6,0,0,10,clean
2,0,0,34,6,127,0,9,1,2,36,73,8,1,0,1,0,6,7,buggy
1,0,1,11,4,55,6,7,2,2,21,25,6,1,0,0,1,26,4,clean
0,0,0,56,9,208,33,26,4,5,325,123,14,10,1,10,1,78,24,clean
0,0,3,4,2,22,7,4,4,1,6,9,3,0,0,0,0,36,2,clean
0,0,0,9,4,45,3,7,3,2,21,18,6,3,0,2,0,9,4,clean
0,0,0,8,2,29,13,8,5,1,28,14,3,1,0,0,0,80,7,clean
0,0,0,10,6,50,0,6,1,1,15,30,7,8,0,8,0,0,6,buggy
2,0,5,70,12,313,0,35,3,10,595,117,22,15,0,13,0,14,16,clean
2,0,0,15,3,50,0,7,1,1,21,29,4,2,0,2,0,6,5,clean
3,0,0,21,7,71,0,5,1,3,10,46,9,0,0,0,0,0,2,clean
29,0,2,74,15,387,0,41,1,0,820,165,15,15,0,10,0,9,12,clean
2,0,0,74,15,241,0,8,1,12,28,142,26,0,0,0,1,6,6,buggy
13,0,0,62,8,374,0,35,1,6,595,110,14,11,0,11,0,0,19,clean
11,0,1,115,43,440,0,22,1,3,231,258,46,6,0,6,4,0,2,buggy
9,0,0,73,31,337,2,28,5,1,378,182,32,5,1,5,1,73,11,clean
4,0,0,42,17,146,0,8,1,2,28,91,19,2,0,2,0,6,4,clean
0,0,0,4,1,12,5,4,3,1,6,6,2,0,0,0,0,14,3,clean
0,0,0,1,1,5,0,1,1,0,0,4,1,0,0,0,0,6,1,clean
3,0,0,32,10,102,0,7,1,4,21,69,14,0,0,0,0,6,4,clean
0,0,0,29,0,80,0,7,1,0,21,21,0,5,0,3,0,0,1,clean
20,0,0,143,38,613,7,27,2,1,351,362,39,3,1,3,3,32,2,buggy
0,0,0,6,3,19,0,2,1,0,1,12,3,0,0,0,0,6,2,clean
0,0,2,11,2,29,0,2,2,1,1,16,3,0,0,0,0,9,1,clean
0,0,0,2,2,7,0,2,6,0,1,5,2,0,0,0,0,20,2,clean
0,0,0,3,0,9,2,2,2,0,1,4,0,1,0,1,0,8,1,clean
1,0,0,7,3,34,1,7,2,1,21,19,4,2,0,2,0,4,5,clean
8,0,0,47,16,166,1,17,4,1,136,91,17,4,0,4,2,39,5,clean
0,0,0,33,2,97,0,8,1,17,28,40,19,0,0,0,1,6,8,clean
21,0,0,126,35,624,2,40,5,2,780,266,36,18,0,18,0,74,9,clean
16,0,0,113,26,501,2,35,5,1,595,207,27,3,0,3,0,72,10,clean
10,0,0,50,14,280,0,16,1,1,120,132,14,13,0,13,1,6,3,buggy
2,0,0,34,15,211,13,17,5,1,136,94,16,6,0,6,0,80,11,clean
0,2168,0,0,0,0,0,0,1,0,0,0,0,2169,0,1,7,0,0,buggy
2,0,0,13,1,52,0,5,1,3,10,17,4,1,0,1,0,0,3,clean
0,0,0,19,6,37,4,3,3,1,3,19,7,0,0,0,0,21,1,clean
2,0,0,9,2,23,0,4,1,2,6,12,4,1,0,1,0,0,2,clean
9,0,0,60,10,172,5,11,2,1,55,106,11,9,0,7,0,50,2,clean
2,0,0,25,3,81,0,11,1,6,55,42,8,8,0,1,0,6,9,clean
0,0,0,4,0,17,5,4,2,1,6,6,1,0,0,0,0,12,3,clean
2,0,0,17,8,51,14,6,3,1,15,35,9,2,0,2,0,17,4,clean
0,0,0,5,7,37,0,2,1,6,1,17,13,0,0,0,0,6,2,clean
1,0,2,14,5,66,0,3,1,0,3,25,5,0,0,0,4,0,2,clean
1,0,0,33,12,116,1,22,3,0,231,61,12,1,0,1,0,72,8,buggy
0,0,0,3,3,38,0,2,1,1,1,15,4,0,0,0,0,7,2,clean
0,0,2,28,0,84,0,28,1,10,378,28,10,14,0,14,0,16,28,clean
0,0,0,3,2,10,0,3,6,0,3,6,2,0,0,0,0,20,3,clean
0,0,0,2,0,30,0,2,2,0,1,4,0,0,0,0,0,7,1,clean
2,0,0,12,2,82,0,11,1,0,55,27,2,8,0,8,1,0,5,clean
6,0,0,40,17,202,2,16,5,1,120,100,18,9,0,9,0,72,8,clean
0,0,0,4,2,17,0,2,1,1,1,5,3,0,0,0,0,0,1,clean
20,0,0,68,22,374,0,28,3,1,378,199,23,17,0,15,0,21,8,clean
10,0,2,167,26,624,0,75,1,133,2775,315,151,10,1,9,2,4,39,clean
0,0,0,2,2,27,0,2,1,1,1,10,3,0,0,0,0,7,2,clean
0,0,0,3,1,8,0,2,1,11,1,6,12,0,0,0,0,6,2,clean
0,0,0,10,5,27,0,6,1,1,15,16,6,1,0,1,0,0,2,clean
2,0,0,9,4,53,0,5,1,1,10,22,5,2,0,2,0,0,1,clean
0,0,9,5,1,21,0,6,1,1,15,11,2,5,0,0,0,6,5,clean
9,0,4,40,2,139,0,22,1,4,231,66,6,7,0,7,0,16,11,clean
0,0,0,14,6,40,0,10,1,0,45,20,6,3,0,3,0,6,10,clean
9,0,0,30,14,134,0,10,1,0,45,80,14,0,0,0,0,0,0,buggy
0,0,0,12,2,33,0,6,1,5,15,13,7,5,0,5,0,11,6,clean
0,0,0,3,5,25,5,3,2,1,3,13,6,0,0,0,0,12,2,clean
2,0,0,39,11,134,32,23,1,355,253,72,362,10,0,10,1,0,21,buggy
0,0,3,2,0,10,0,2,4,0,1,2,0,0,0,0,0,32,2,clean
34,0,0,80,15,469,0,40,3,1,780,200,16,13,0,13,0,21,5,buggy
0,0,0,12,11,36,0,12,1,1,66,23,12,1,0,1,0,17,12,buggy
0,0,0,2,2,8,4,3,8,3,3,6,5,1,0,1,0,160,3,clean
0,0,0,9,4,26,2,4,3,1,6,13,5,3,0,3,0,25,4,clean
2,0,0,34,5,107,11,20,1,1,190,49,6,8,0,8,0,0,18,clean
6,0,0,39,10,106,4,11,3,3,55,60,12,1,0,1,0,21,5,clean
0,0,0,5,1,16,5,4,3,1,6,9,2,1,0,1,0,14,3,clean
1,0,0,5,8,27,0,3,1,1,3,17,9,3,0,2,1,0,2,clean
7,0,0,107,16,387,0,16,1,1,120,187,17,11,0,6,0,7,5,clean
4,0,0,35,8,132,0,11,1,4,55,69,12,1,0,1,0,6,7,buggy
3,0,0,32,26,153,1,21,3,1,210,92,27,1,0,1,2,72,5,buggy
0,0,0,9,2,27,0,5,2,2,10,12,4,0,0,0,0,9,5,clean
1,0,0,11,1,42,0,6,2,1,15,17,2,2,0,1,0,18,5,clean
0,0,0,8,7,27,6,3,3,1,3,15,8,0,0,0,0,17,2,clean
1,0,0,7,7,49,0,7,1,2,21,29,8,4,0,4,0,0,6,clean
0,0,0,9,6,27,4,4,3,1,6,12,7,0,0,0,0,21,2,clean
0,0,2,9,2,27,110,9,6,0,36,17,2,1,0,1,0,415,9,clean
0,0,0,2,1,6,0,2,3,1,1,3,2,0,0,0,0,14,2,clean
0,0,0,9,4,28,3,7,3,0,21,16,4,1,0,1,0,33,6,clean
7,0,0,24,12,113,0,13,2,1,78,55,13,6,0,5,0,29,4,buggy
0,0,0,3,0,9,6,3,5,3,3,5,3,1,0,1,0,71,3,clean
1,0,0,23,5,66,0,13,1,46,78,40,50,5,0,5,1,6,12,buggy
0,0,0,38,19,116,0,9,1,5,36,81,24,0,0,0,1,6,9,clean
0,0,0,57,10,216,0,4,1,1,6,51,11,20,0,20,0,0,4,clean
3,0,4,23,2,59,0,11,1,2,55,27,4,5,0,5,0,6,2,clean
0,8,0,5,1,13,0,4,1,4,6,7,5,8,0,0,0,6,4,clean
14,0,0,57,19,378,0,19,1,2,171,135,20,27,0,23,1,0,4,clean
1,0,0,13,2,46,0,5,1,1,10,13,3,2,0,2,0,0,4,clean
0,0,0,24,7,91,4,9,3,7,36,57,14,1,0,1,0,44,9,clean
0,0,2,6,0,18,0,9,1,5,36,9,5,3,0,2,0,6,9,clean
0,0,0,3,4,45,0,3,2,1,3,16,5,4,0,3,0,28,1,clean
9,0,0,29,10,156,0,15,1,0,105,69,10,6,0,6,1,0,2,clean
3,0,0,19,4,92,0,3,1,0,3,33,4,0,0,0,0,6,0,clean
0,0,0,29,10,149,0,11,1,9,55,84,19,11,0,0,0,6,11,clean
0,1,0,5,4,18,6,2,2,1,1,9,5,1,0,0,0,11,2,clean
1,0,0,9,6,33,6,7,3,2,21,25,8,2,1,2,0,15,4,clean
17,0,0,172,28,724,0,33,3,2,528,352,29,8,0,4,1,22,6,clean
1,0,1,14,8,53,1,10,4,4,45,30,12,3,0,3,0,63,8,clean
1,0,3,7,3,53,0,6,1,2,15,28,5,1,0,0,1,0,1,clean
4,0,2,83,19,436,0,33,1,5,528,187,24,24,0,15,0,6,8,buggy
1,0,0,5,4,27,0,5,1,1,10,21,5,6,0,5,0,0,4,clean
9,0,0,44,5,255,0,19,1,3,171,85,8,11,0,11,1,6,6,clean
0,0,0,3,1,10,0,2,2,1,1,4,2,0,0,0,0,29,2,clean
0,0,0,2,1,6,0,2,1,1,1,3,2,0,0,0,0,0,1,clean
0,0,0,3,2,11,4,3,9,2,3,6,4,1,0,1,0,228,3,clean
0,0,0,11,3,46,0,8,4,1,28,24,4,2,0,2,0,34,6,clean
3,0,0,8,1,31,0,5,1,1,10,15,2,0,0,0,0,6,2,clean
4,0,0,71,21,270,0,24,1,0,276,165,21,3,0,2,2,0,8,buggy
10,0,0,41,4,142,0,20,3,1,190,67,4,8,0,8,0,21,8,clean
0,0,0,10,3,96,0,7,1,1,21,22,4,4,0,4,1,6,3,buggy
0,0,23,4,1,9,5,2,2,0,1,4,1,0,0,0,0,12,1,clean
1,0,0,5,2,21,0,2,3,1,1,11,3,1,0,1,0,16,1,clean
0,0,0,5,3,44,0,2,1,1,1,19,4,0,0,0,0,7,2,clean
0,0,0,5,1,21,0,3,1,3,3,11,4,1,0,1,0,6,2,clean
3,0,0,25,11,90,0,5,1,3,10,53,14,0,0,0,0,6,2,buggy
4,0,0,24,7,88,0,10,2,1,45,43,8,2,0,1,0,18,5,clean
0,0,0,8,1,27,0,7,1,2,21,8,3,4,0,4,0,6,7,clean
10,0,2,79,12,313,0,25,1,3,300,133,13,13,0,9,0,0,9,clean
0,0,0,8,4,25,5,3,3,1,3,11,5,0,0,0,0,14,2,clean
0,0,0,3,2,10,2,3,3,1,3,6,2,1,0,1,0,54,1,clean
9,0,0,42,27,207,0,11,1,1,55,92,28,8,0,4,0,0,1,clean
4,0,0,47,30,118,0,6,1,1,15,69,31,1,0,1,0,6,2,clean
0,0,0,9,2,26,0,4,1,1,6,11,3,1,0,1,0,0,4,clean
0,0,1,4,0,12,0,4,1,0,6,4,0,0,0,0,0,10,4,clean
0,0,1,6,1,32,1,6,4,12,15,10,13,0,0,0,0,31,2,clean
1,0,0,9,3,126,0,6,1,2,15,17,5,2,0,0,0,6,5,clean
7,0,0,38,13,132,0,17,1,3,136,69,16,4,0,4,0,6,10,buggy
0,0,0,2,1,7,1,2,2,1,1,5,2,0,0,0,0,5,2,clean
0,0,0,3,2,10,2,3,3,1,3,6,2,1,0,1,0,54,1,clean
3,0,0,34,21,136,0,8,1,0,28,92,21,4,0,4,0,0,5,clean
0,0,0,2,1,6,1,2,2,1,1,3,2,0,0,0,0,5,1,clean
0,0,0,3,1,9,4,3,5,3,3,6,4,1,0,1,0,64,3,clean
1,0,0,25,15,106,0,14,1,3,91,57,17,6,0,6,0,0,3,clean
0,0,0,16,5,69,1,6,4,1,15,23,6,2,0,2,0,34,2,clean
0,0,0,5,0,14,0,3,1,0,3,7,0,0,0,0,0,0,3,clean
0,0,2,7,3,19,1,5,3,2,10,9,5,1,0,0,0,30,3,clean
1,0,0,12,2,36,2,7,4,1,21,19,3,1,0,0,0,35,3,clean
0,0,0,1,0,3,0,1,1,0,0,1,0,5,0,1,0,6,1,clean
10,0,0,66,20,188,0,14,1,0,91,99,20,13,0,13,0,6,4,buggy
0,0,0,6,4,39,0,4,1,3,6,15,7,2,0,2,0,0,4,clean
0,0,0,11,1,35,0,5,1,1,10,16,2,4,0,4,0,6,5,clean
6,0,0,16,14,102,0,10,2,3,45,58,17,6,0,5,0,28,2,clean
1,0,4,11,7,77,5,10,5,1,45,39,8,1,0,1,2,66,7,clean
0,0,10,9,4,30,62,11,4,1,55,18,5,1,0,1,0,312,10,clean
1,0,0,11,3,46,0,5,1,1,10,16,4,2,0,2,0,0,4,clean
0,0,0,12,9,41,0,4,2,1,6,22,10,3,0,2,0,28,2,clean
2,0,2,20,8,78,0,8,2,1,28,33,9,2,0,2,0,10,6,clean
0,0,0,9,11,50,0,2,2,1,1,32,12,1,0,1,0,6,1,clean
10,0,0,129,44,372,14,19,1,4,171,170,48,2,0,2,0,6,8,clean
14,0,0,197,42,801,1,34,3,4,561,419,43,14,1,14,1,24,8,buggy
3,0,0,16,12,62,0,9,3,1,36,53,13,2,0,1,0,37,2,buggy
1,0,1,27,8,85,7,15,2,26,105,44,34,1,0,1,0,41,9,clean
1,0,0,37,10,156,7,20,2,11,190,82,21,6,0,6,0,23,19,clean
1,0,2,4,1,28,0,8,1,1,28,16,2,4,0,0,0,6,0,clean
0,0,7,4,4,20,0,3,3,0,3,12,4,0,0,0,0,67,2,buggy
0,0,0,3,2,14,0,3,1,1,3,8,3,2,0,2,0,0,3,clean
0,0,0,10,5,29,8,4,3,2,6,16,7,0,0,0,0,36,1,clean
1,0,0,9,2,39,0,5,1,1,10,12,3,2,0,2,0,0,4,clean
2,0,0,8,5,49,0,6,1,0,15,26,5,2,0,2,0,0,4,clean
0,0,0,3,0,10,0,2,1,0,1,4,0,1,0,1,0,0,2,clean
1,0,0,48,4,96,4,16,3,1,120,71,5,5,0,5,0,42,15,clean
0,0,3,24,8,92,4,18,7,6,153,43,14,5,1,5,2,120,16,buggy
0,0,0,3,1,9,4,3,5,3,3,5,4,1,0,1,0,64,3,clean
3,0,0,24,11,77,1,8,2,3,28,54,14,2,0,2,0,14,4,clean
0,0,0,38,8,114,0,7,1,6,21,78,14,1,0,0,1,6,7,buggy
1,0,0,14,2,43,1,8,3,1,28,23,3,3,0,1,0,30,3,clean
1,0,0,10,9,59,0,2,1,2,1,27,11,0,0,0,0,6,1,clean
11,0,0,71,25,460,0,22,3,1,231,183,26,10,1,10,2,21,10,clean
1,0,0,5,2,27,0,5,1,1,10,13,3,2,0,2,0,0,4,clean
2,0,0,20,14,91,13,12,6,1,66,47,15,3,0,0,0,82,8,clean
0,0,0,11,10,82,0,7,1,3,21,28,12,4,0,4,0,0,2,clean
0,0,0,5,5,27,0,5,2,1,10,17,6,3,0,2,0,28,3,clean
0,5,0,7,0,44,0,4,1,2,6,10,2,5,0,0,0,6,4,clean
0,0,1,12,1,31,0,4,1,1,6,15,2,2,0,2,0,0,4,clean
0,0,0,1,0,3,1,2,2,0,1,2,0,0,0,0,0,18,1,buggy
11,0,0,35,11,152,0,15,1,1,105,65,12,5,0,0,1,0,3,clean
0,0,0,11,1,45,0,2,1,2,1,10,3,0,0,0,0,6,2,clean
8,0,0,27,8,129,0,8,1,0,28,55,8,0,0,0,0,6,0,clean
0,0,0,14,2,68,0,12,1,2,66,22,4,7,0,1,0,6,12,clean
0,0,0,8,2,27,6,8,5,5,28,17,7,1,0,1,0,71,7,clean
1,0,1,21,9,71,1,7,4,4,21,53,12,2,0,2,0,64,6,clean
3,0,0,29,9,79,0,5,1,3,10,47,12,0,0,0,0,6,2,buggy
5,0,0,12,11,163,0,12,2,1,66,79,11,3,0,2,0,28,5,clean
18,0,0,66,28,407,0,21,1,1,210,161,29,6,0,2,0,0,2,clean
0,0,0,5,7,29,6,2,2,0,1,22,7,1,0,1,0,10,1,clean
1,0,0,16,6,100,0,3,1,0,3,29,6,4,0,4,0,6,1,clean
5,0,0,41,2,91,0,8,1,5,28,60,7,16,0,16,0,6,3,clean
0,0,0,6,2,19,5,4,3,1,6,7,3,0,0,0,0,14,3,clean
23,0,0,85,12,425,14,36,1,3,630,153,15,9,0,9,0,0,13,clean
1,0,0,46,10,152,10,19,3,5,171,87,15,4,0,4,2,76,17,clean
1,1,0,33,2,84,0,9,1,3,36,36,5,2,0,0,1,6,4,clean
1,0,0,11,14,40,6,4,3,1,6,31,15,0,0,0,0,17,2,clean
9,0,0,97,19,332,178,31,1,12,465,163,24,23,0,15,0,0,12,buggy
2,0,0,32,17,177,13,17,5,0,136,81,17,9,0,5,0,80,10,clean
1,0,0,10,7,41,0,3,2,1,3,24,8,1,0,1,1,6,1,clean
0,0,2,8,8,41,0,4,1,1,6,20,9,1,0,1,0,0,1,buggy
8,0,0,13,0,80,0,13,1,1,78,32,1,2,0,2,0,0,2,clean
5,0,0,18,7,120,0,8,1,1,28,41,8,8,0,6,0,0,3,clean
0,0,0,7,4,21,5,4,3,1,6,12,5,1,0,1,0,14,3,clean
2,0,0,76,5,210,15,11,3,1,55,128,6,11,0,11,0,36,9,clean
0,0,0,18,10,59,0,13,4,2,78,34,12,0,0,0,0,70,8,clean
0,0,0,5,2,24,0,2,2,0,1,12,2,0,0,0,1,2,2,clean
6,0,0,35,5,111,0,11,1,1,55,52,5,7,0,6,0,6,3,buggy
0,0,0,2,1,11,0,2,1,1,1,6,2,1,0,0,0,0,2,buggy
0,0,2,10,2,31,0,7,1,3,21,11,5,2,0,2,0,8,5,clean
0,0,0,2,6,9,0,2,1,0,1,12,6,0,0,0,0,0,2,buggy
11,0,1,181,44,525,5,26,3,3,325,363,47,2,0,2,1,65,3,clean
1,0,0,13,12,70,13,10,5,1,45,40,13,4,0,0,0,80,7,clean
0,0,0,5,1,17,5,3,3,0,3,9,1,1,0,1,0,14,2,clean
0,0,0,8,1,29,0,4,2,1,6,14,2,2,0,2,0,9,2,clean
0,0,0,4,1,14,0,4,2,5,6,5,6,2,0,2,0,10,4,clean
0,0,1,2,0,6,0,2,1,12,1,2,12,1,0,1,0,0,2,clean
0,0,0,11,7,50,5,4,3,0,6,30,7,1,0,1,0,14,3,clean
0,0,2,5,0,17,0,5,2,4,10,6,4,3,0,2,0,14,5,clean
5,0,0,49,16,186,1,25,3,0,300,82,16,0,0,0,0,72,11,clean
0,0,0,10,7,35,0,3,1,3,3,17,10,0,0,0,1,0,3,clean
1,0,0,10,8,30,0,3,2,2,3,20,10,2,0,2,0,11,2,clean
0,0,2,3,0,22,0,2,1,0,1,4,0,1,0,0,0,0,2,clean
0,0,0,25,5,59,0,10,1,1,45,26,6,8,0,1,0,6,9,clean
0,0,0,3,1,10,92,3,5,1,3,4,2,1,0,1,0,88,3,clean
1,0,0,5,3,27,0,5,1,0,10,15,3,1,0,0,0,0,3,clean
6,0,0,28,11,148,0,13,1,0,78,64,11,5,0,5,0,0,1,clean
0,55,0,0,0,0,0,0,1,0,0,0,0,56,0,1,0,0,0,buggy
4,0,0,28,7,139,0,12,1,4,66,52,11,6,0,6,0,6,8,clean
0,0,1,4,3,14,4,4,8,8,6,8,11,1,0,1,0,172,4,clean
1,0,0,6,6,62,0,4,1,1,6,21,7,4,0,4,1,0,3,clean
1,0,0,15,1,52,0,10,1,1,45,27,2,5,0,5,0,0,9,clean
2,0,0,15,12,93,3,10,4,1,45,42,13,1,0,0,0,51,2,buggy
3,0,0,25,8,84,0,5,1,3,10,43,11,0,0,0,0,6,2,clean
4,0,0,35,18,111,0,5,1,1,10,61,19,0,0,0,0,6,1,clean
0,0,0,5,0,22,1,2,2,2,1,8,2,1,0,1,0,10,2,clean
0,0,0,11,8,53,1,6,3,1,15,26,9,1,0,0,0,41,2,clean
16,0,0,118,36,520,2,33,5,8,528,276,43,10,0,9,1,72,7,clean
0,0,1,7,0,22,1,6,3,9,15,13,9,1,0,1,0,19,6,clean
0,0,0,1,2,7,0,1,1,0,0,4,2,0,0,0,0,0,1,clean
0,0,0,5,0,18,3,5,1,1,10,5,1,4,0,4,0,10,5,clean
6,0,0,16,9,390,0,8,1,2,28,53,11,4,0,4,0,0,1,clean
0,0,0,3,2,16,0,3,1,1,3,8,3,3,0,3,0,0,3,clean
2,0,0,44,13,105,0,4,1,1,6,56,14,1,0,1,0,6,2,clean
0,0,0,5,1,41,0,4,1,1,6,8,2,2,0,2,0,0,2,clean
3,0,0,17,7,70,2,12,1,3,66,47,10,2,0,2,0,9,9,clean
2,0,0,14,5,70,0,5,1,1,10,29,6,2,0,2,0,0,3,clean
7,0,0,54,16,239,0,20,3,1,190,123,17,7,1,7,2,21,12,clean
0,0,0,7,1,18,0,3,1,1,3,7,2,1,0,1,0,0,1,buggy
0,0,0,6,3,18,1,5,3,1,10,10,4,2,0,2,0,32,5,clean
0,0,0,23,10,64,17,12,5,1,66,59,11,2,0,2,0,208,12,clean
5,0,0,22,8,92,1,8,2,0,28,70,8,1,0,1,3,13,1,buggy
0,0,0,6,2,15,28,5,5,0,10,10,2,1,0,1,0,247,4,clean
0,0,0,5,1,16,0,4,1,1,6,6,2,0,0,0,0,6,4,clean
0,0,0,15,3,49,1,7,2,1,21,20,4,5,0,5,0,36,5,clean
7,0,0,33,12,196,0,15,1,2,105,109,12,6,0,5,0,6,5,buggy
0,0,2,12,3,45,11,11,1,6,55,30,9,1,1,0,1,0,6,clean
1,0,0,19,6,85,0,7,2,1,21,42,7,4,0,4,0,8,5,clean
0,0,0,7,2,21,110,7,5,1,21,11,3,1,0,1,0,409,7,clean
0,0,0,2,1,6,1,2,2,2,1,3,3,0,0,0,0,14,1,clean
4,0,0,47,18,170,9,12,2,1,66,89,19,1,0,0,1,35,2,buggy
0,1,0,4,5,19,1,2,3,1,1,12,6,1,0,0,0,13,1,clean
0,0,0,3,2,9,5,3,2,1,3,5,3,0,0,0,0,21,3,clean
0,0,0,22,12,110,0,9,2,1,36,52,13,11,0,7,1,8,8,clean
0,0,0,7,2,22,0,5,2,2,10,11,4,0,0,0,0,9,5,clean
0,0,0,3,2,15,0,3,2,1,3,8,3,3,0,3,0,8,3,clean
2,0,2,136,26,484,8,49,5,23,1176,237,48,5,0,4,1,40,40,clean
1,0,1,10,4,37,0,8,1,4,28,27,8,1,0,0,0,6,2,buggy
0,1,0,4,2,11,0,4,1,2,6,6,3,1,0,0,0,9,4,clean
3,0,0,22,3,115,0,7,1,1,21,39,3,2,0,2,0,0,4,clean
7,0,0,35,7,152,0,17,3,0,136,72,7,5,0,5,0,21,10,clean
0,0,5,3,1,12,5,2,2,0,1,5,1,2,0,0,0,12,1,clean
0,0,0,12,3,32,3,9,6,3,36,16,6,2,0,2,0,81,7,clean
0,0,0,10,7,50,3,6,4,1,15,30,8,1,0,0,0,51,3,clean
5,0,0,13,6,71,0,11,2,1,55,42,7,1,0,0,0,28,4,clean
10,0,0,58,15,236,1,30,3,0,435,96,15,1,0,1,2,72,11,clean
2,1,0,8,2,34,0,4,1,1,6,17,3,1,0,0,0,6,2,clean
8,0,0,48,18,125,0,10,2,2,45,80,20,1,0,1,0,11,2,clean
0,0,0,7,3,19,0,2,2,0,1,18,3,0,0,0,2,8,2,clean
0,0,0,5,2,22,5,5,2,1,10,8,3,0,0,0,0,12,4,clean
2,0,0,10,6,46,0,5,1,2,10,23,8,1,0,1,0,6,3,clean
1,0,0,68,18,228,13,18,5,3,153,150,19,7,0,3,0,115,13,buggy
1,0,0,21,14,95,0,8,2,2,28,48,15,2,0,1,0,29,5,clean
0,0,0,13,7,39,4,5,3,2,10,19,8,0,0,0,0,21,2,clean
1,0,0,4,3,45,0,3,1,2,3,8,5,0,0,0,0,6,2,clean
0,0,0,17,1,57,0,5,1,0,10,15,1,3,0,2,0,0,5,clean
0,0,0,5,2,20,0,5,1,2,10,9,3,1,0,1,0,6,5,clean
4,0,0,24,13,121,0,14,3,1,91,68,14,2,1,2,1,21,10,clean
2,0,2,127,19,396,2,31,5,3,465,181,22,7,0,1,0,73,11,clean
1,0,0,7,4,32,0,5,1,1,10,20,5,1,0,1,0,0,4,clean
0,0,0,1,1,34,0,1,1,1,0,4,2,0,0,0,0,0,1,buggy
0,0,0,7,0,20,0,6,1,5,15,7,5,4,0,4,0,6,2,clean
4,0,0,20,4,88,0,9,3,0,36,41,4,4,0,4,0,23,5,clean
1,0,0,3,2,12,0,3,1,1,3,6,3,0,0,0,0,6,2,clean
1,0,0,23,2,89,0,10,1,1,45,32,3,7,0,5,0,6,9,clean
0,0,0,17,6,83,1,12,5,3,66,41,9,4,0,4,0,78,12,buggy
0,0,0,7,3,19,0,5,3,1,10,12,4,2,0,2,0,32,5,buggy
0,0,0,16,5,84,11,5,3,1,10,26,5,0,0,0,0,23,2,buggy
0,0,2,13,7,39,2,4,2,0,6,32,7,0,0,0,0,7,0,clean
0,0,1,8,0,30,0,6,1,6,15,13,6,1,0,1,0,6,3,clean
0,0,2,16,5,45,4,7,3,15,21,27,20,2,0,2,0,44,7,clean
1,0,0,3,1,10,0,3,1,3,3,7,4,0,0,0,0,6,2,clean
0,0,1,8,4,26,0,2,1,1,1,14,5,0,0,0,1,6,2,clean
0,0,1,3,1,9,0,2,2,2,1,3,3,0,0,0,0,9,2,clean
0,0,0,5,4,34,0,4,2,1,6,15,5,3,0,2,0,8,4,clean
4,0,0,26,8,96,7,8,5,0,28,50,8,0,0,0,1,40,1,clean
13,0,0,36,3,283,25,16,1,5,120,95,8,18,0,18,1,0,1,clean
0,0,0,10,8,37,0,4,2,1,6,21,9,3,0,2,0,28,2,clean
0,0,0,2,4,11,0,2,1,1,1,7,5,2,0,2,0,0,2,clean
7,0,0,24,14,191,0,16,3,1,120,89,15,7,0,7,0,21,7,clean
1,0,0,7,3,32,0,5,1,1,10,14,4,2,0,2,0,0,4,clean
0,0,0,26,10,102,2,9,2,1,36,52,10,3,0,2,1,47,4,clean
4,0,0,32,9,123,0,12,1,1,66,39,10,3,0,3,0,6,8,clean
15,0,0,131,30,441,3,17,2,1,136,214,31,4,0,4,0,13,2,clean
0,0,0,5,2,38,0,5,1,2,10,15,4,3,0,3,0,0,1,clean
0,0,0,27,15,103,0,15,4,1,105,52,16,0,0,0,0,70,9,clean
0,0,0,8,2,30,13,8,5,1,28,14,3,3,0,0,0,80,7,clean
0,0,0,23,6,96,26,9,5,3,36,58,9,3,0,3,0,181,8,clean
3,0,0,28,6,162,7,15,2,1,105,51,7,5,0,5,1,20,3,buggy
0,0,0,26,4,114,0,9,1,1,36,30,5,3,0,3,0,0,3,clean
1,0,0,8,7,53,0,7,2,0,21,31,7,0,0,0,0,7,2,clean
0,0,3,9,1,28,0,7,1,3,21,24,4,2,0,0,0,0,3,clean
9,1,0,47,5,176,0,23,1,2,253,102,7,5,0,4,0,8,13,clean
1,0,0,5,7,38,0,4,1,1,6,23,8,2,0,2,0,0,3,clean
1,0,0,11,5,35,1,7,5,14,21,21,18,2,0,2,0,37,4,clean
0,0,0,2,3,12,0,1,1,0,0,9,3,0,0,0,0,0,1,clean
1,0,0,9,8,31,5,4,3,0,6,16,8,1,0,1,0,14,2,clean
2,0,3,16,3,72,0,8,1,3,28,26,6,1,0,1,0,0,3,clean
1,0,0,3,1,14,0,3,3,1,3,8,2,5,0,5,0,23,2,clean
0,0,0,2,1,8,4,2,9,0,1,4,1,2,0,2,0,175,2,clean
0,0,0,3,0,11,0,3,1,0,3,5,0,0,0,0,0,0,1,clean
1,0,0,27,4,73,8,12,3,2,66,39,6,4,0,4,0,57,10,clean
0,0,0,33,8,87,0,7,2,1,21,41,8,3,0,3,0,9,6,clean
2,0,0,22,3,107,1,14,2,1,91,44,4,2,0,2,0,23,12,clean
0,0,0,5,0,14,5,5,7,5,10,6,5,0,0,0,0,157,5,clean
0,0,0,2,2,7,0,2,6,0,1,5,2,0,0,0,0,20,2,clean
0,0,0,9,2,43,0,7,1,0,21,15,2,5,0,5,0,0,4,clean
0,0,0,2,1,11,0,2,1,4,1,5,5,2,0,2,0,0,2,clean
4,0,0,29,9,156,0,14,3,1,91,82,10,3,0,3,0,21,10,clean
2,0,0,14,3,48,0,4,1,2,6,24,5,0,0,0,0,6,2,clean
0,0,0,3,1,9,4,3,5,3,3,5,4,1,0,1,0,64,3,clean
6,0,0,41,10,296,0,18,1,2,153,94,11,20,0,11,0,0,7,buggy
0,0,0,14,4,30,0,1,1,0,0,15,4,0,0,0,0,7,1,clean
0,0,0,7,11,34,1,2,2,0,1,28,11,1,0,1,0,14,0,clean
0,0,0,3,1,10,0,2,2,1,1,4,2,0,0,0,0,29,2,clean
1,0,0,13,11,81,13,11,5,1,55,35,12,3,0,0,0,80,8,clean
0,0,0,19,8,52,0,4,1,2,6,28,10,5,0,5,0,0,4,clean
0,0,6,12,6,46,2,10,2,19,45,21,25,4,0,3,1,12,10,clean
4,0,0,19,12,108,13,14,5,1,91,67,13,2,0,0,0,80,9,clean
2,0,0,7,7,53,0,4,1,2,6,22,7,3,0,3,0,0,2,clean
0,0,0,5,1,16,0,1,1,0,0,4,1,0,0,0,0,0,1,clean
16,0,0,92,27,432,2,33,5,2,528,239,29,3,0,2,1,73,9,clean
16,2,0,137,13,355,5,19,3,1,171,273,14,3,0,1,0,65,2,buggy
1,0,0,13,4,58,0,5,1,0,10,32,4,1,0,1,0,6,4,clean
5,1,1,54,2,196,0,18,1,66,153,61,68,8,0,6,0,6,13,clean
0,0,0,11,4,36,0,8,1,2,28,25,6,2,0,2,0,0,8,clean
2,0,0,12,7,72,0,5,1,1,10,28,8,3,0,3,0,0,3,clean
0,0,0,8,7,24,0,8,1,1,28,15,8,1,0,1,0,13,8,clean
0,0,0,12,8,123,0,8,4,1,28,42,9,5,0,5,0,32,8,clean
0,0,0,23,7,76,0,4,1,3,6,37,10,3,0,3,2,6,3,clean
0,0,0,10,9,30,0,10,1,1,45,19,10,1,0,1,0,15,10,clean
0,0,0,9,4,26,0,7,3,2,21,14,6,3,0,3,0,34,7,clean
1,0,0,7,0,18,0,2,1,1,1,14,1,0,0,0,0,6,1,clean
0,0,9,7,0,21,0,6,1,9,15,8,9,3,0,3,0,2,6,clean
0,0,11,0,0,0,0,1,2,2,0,1,2,0,0,0,0,9,1,clean
2,0,0,13,2,75,0,9,1,0,36,38,2,4,0,4,0,0,4,clean
6,0,0,19,18,142,0,14,3,1,91,79,19,3,0,3,0,21,7,clean
0,0,11,10,4,30,0,8,2,9,28,18,13,2,0,2,0,11,5,clean
7,0,0,80,9,292,0,15,1,1,105,101,9,2,0,0,1,6,3,clean
3,0,0,83,5,170,5,22,3,2,231,86,7,18,0,10,0,44,19,clean
4,0,0,49,27,259,2,19,5,2,171,135,29,1,0,1,0,72,7,clean
0,0,0,4,9,19,3,2,2,2,1,16,11,1,0,1,0,7,1,clean
0,0,0,6,0,18,0,7,2,2,21,7,2,3,0,3,0,57,7,clean
2,0,0,21,2,85,28,9,1,7,36,36,9,3,0,3,0,9,7,clean
1,0,0,16,7,68,0,5,1,14,10,26,21,3,1,1,2,6,4,buggy
0,0,0,9,2,30,110,9,6,1,36,17,3,1,0,1,0,412,9,clean
0,0,0,8,5,52,0,2,1,0,1,19,5,0,0,0,3,0,0,buggy
0,0,0,25,8,106,3,16,6,4,120,49,12,4,1,4,2,86,14,buggy
0,0,0,13,3,69,7,9,2,1,36,27,4,2,0,2,1,20,2,buggy
0,0,0,6,4,43,0,6,1,11,15,18,15,2,0,2,0,0,6,clean
1,0,0,9,5,37,0,6,1,1,15,18,5,3,0,2,0,0,4,clean
1,0,0,6,3,46,0,2,1,0,1,14,3,0,0,0,0,6,1,clean
5,0,0,18,14,101,0,13,3,2,78,66,16,1,0,1,0,21,7,clean
0,0,0,3,2,12,0,3,6,0,3,6,2,0,0,0,0,20,3,clean
0,0,0,2,2,7,0,2,6,0,1,5,2,0,0,0,0,20,2,clean
0,0,3,2,0,6,0,2,3,3,1,2,3,1,0,1,0,14,2,clean
1,0,0,5,2,21,0,2,3,1,1,11,3,1,0,1,0,16,1,clean
2,0,0,13,5,50,0,5,1,1,10,25,6,3,0,3,0,6,3,clean
7,0,0,28,11,152,0,10,1,1,45,62,12,9,0,6,1,0,3,clean
1,0,4,23,5,65,0,10,1,2,45,54,7,2,0,0,0,0,3,clean
0,0,0,1,0,3,0,1,4,1,0,1,1,0,0,0,0,36,1,clean
0,0,0,10,2,32,0,7,1,4,21,20,6,3,0,3,0,6,7,clean
0,0,0,10,2,71,0,6,1,0,15,28,2,4,0,4,0,0,4,buggy
0,0,0,8,2,30,13,8,5,1,28,14,3,2,0,0,0,80,7,clean
0,0,0,11,3,77,0,8,4,1,28,29,4,4,0,4,0,34,6,clean
1,0,2,25,6,146,1,11,2,5,55,53,11,10,0,0,0,13,2,buggy
0,0,0,3,1,10,0,1,1,0,0,7,1,0,0,0,0,6,1,clean
0,0,0,3,2,11,0,3,6,0,3,6,2,0,0,0,0,20,3,clean
1,0,0,6,4,79,0,6,1,0,15,20,4,3,0,3,0,0,3,buggy
13,0,0,60,17,194,0,28,2,1,378,100,18,1,0,1,0,28,14,clean
1,0,0,15,12,85,13,12,5,0,66,40,12,7,0,1,0,80,9,clean
0,0,0,24,11,90,1,19,4,0,171,47,11,0,0,0,0,73,9,clean
1,0,6,50,10,145,11,29,3,16,406,78,25,4,0,4,1,133,24,clean
0,0,0,7,2,60,2,5,4,1,10,24,3,3,0,3,0,47,5,clean
4,0,2,47,10,155,0,16,2,4,120,81,14,1,0,0,0,18,5,clean
22,0,0,73,20,415,0,30,1,1,435,141,21,17,0,8,0,6,8,clean
1,0,0,36,9,170,0,4,1,2,6,90,11,5,0,4,1,6,3,buggy
2,0,2,14,2,65,0,9,1,2,36,34,4,0,0,0,1,6,0,clean
3,0,0,23,6,87,0,7,2,1,21,35,7,0,0,0,0,29,2,clean
0,0,0,4,0,10,2,5,5,1,10,5,1,1,0,1,0,75,4,clean
1,0,0,11,7,87,0,2,1,1,1,36,8,0,0,0,0,6,1,buggy
16,0,0,148,25,599,2,44,5,4,946,292,28,19,0,19,0,70,19,clean
1,0,0,7,4,29,0,2,1,0,1,14,4,0,0,0,0,0,0,buggy
1,0,0,3,5,89,0,3,1,1,3,14,6,1,0,1,0,0,1,clean
1,0,0,6,5,25,0,5,1,1,10,16,6,1,0,1,0,0,4,clean
1,0,2,4,2,21,0,6,1,7,15,14,9,1,0,1,0,0,5,clean
0,0,9,10,4,30,0,8,2,9,28,18,13,2,0,2,0,11,5,clean
1,0,0,25,17,89,5,20,4,1,190,57,18,2,0,2,1,78,10,clean
1,0,0,6,0,44,0,6,1,5,15,11,5,2,0,1,0,0,4,clean
0,0,0,14,4,58,3,9,3,1,36,30,5,4,0,4,0,32,1,buggy
12,0,0,142,23,504,0,33,1,27,528,274,48,6,5,6,6,7,21,buggy
0,0,3,23,4,81,28,15,4,14,105,35,18,1,0,1,0,233,14,clean
5,0,0,38,6,138,0,13,1,4,78,60,9,4,0,1,0,6,7,clean
11,0,2,50,19,272,0,29,3,3,406,179,22,13,0,12,0,21,7,clean
0,0,1,15,4,60,2,13,6,2,78,42,6,2,0,1,0,73,10,clean
2,0,0,17,4,61,0,6,1,6,15,30,10,3,0,1,0,6,4,clean
0,0,0,2,1,15,0,1,1,0,0,4,1,0,0,0,0,6,1,clean
2,0,0,71,29,255,1,28,3,5,378,151,33,1,2,1,3,72,11,buggy
0,1,0,1,1,8,0,1,1,0,0,3,1,1,0,0,0,0,1,clean
0,0,0,3,2,9,5,3,2,1,3,5,3,0,0,0,0,21,3,clean
0,0,0,32,9,118,12,9,2,1,36,40,10,2,0,2,1,14,3,clean
0,0,0,17,5,45,1,8,3,1,28,37,6,0,0,0,0,30,1,clean
5,0,0,36,9,245,11,12,2,1,66,83,10,19,0,18,3,13,4,buggy
0,0,0,13,5,41,7,9,3,2,36,25,7,2,0,2,0,54,7,clean
0,0,0,3,2,15,0,2,1,1,1,7,3,2,0,2,0,6,2,clean
0,0,1,29,3,118,0,13,1,3,78,58,6,6,0,5,0,6,5,buggy
0,0,0,8,4,32,5,6,6,11,15,12,14,3,0,3,0,93,3,clean
1,0,0,4,6,23,0,4,2,1,6,15,7,1,0,0,0,28,1,clean
0,0,1,12,2,30,0,5,1,6,10,21,8,9,0,3,0,6,2,clean
0,0,0,18,1,59,0,9,1,9,36,31,10,0,0,0,0,6,9,clean
0,0,3,7,3,23,6,5,3,8,10,14,11,2,0,1,0,39,3,clean
0,0,0,1,0,3,3,1,2,0,0,1,0,0,0,0,0,20,1,clean
0,0,3,7,1,26,0,6,1,5,15,15,6,2,0,2,0,0,5,clean
10,0,0,32,9,196,0,19,4,1,171,83,10,9,0,9,0,32,9,clean
0,0,0,8,5,145,2,4,5,1,6,17,6,5,0,5,0,55,3,clean
0,0,0,2,5,46,0,1,1,0,0,15,5,0,0,0,1,0,1,buggy
0,0,0,7,5,27,0,2,2,1,1,21,6,1,0,1,0,3,1,clean
4,0,0,25,8,90,0,6,1,1,15,45,9,4,0,4,0,6,2,clean
0,0,1,8,0,26,4,7,1,4,21,7,4,6,0,6,0,12,7,buggy
0,0,2,11,0,33,0,11,1,6,55,18,6,2,0,1,1,0,11,clean
2,0,0,18,3,77,0,5,1,1,10,23,4,7,0,7,0,6,3,buggy
2,0,0,18,12,110,3,11,4,1,55,50,13,2,0,1,0,51,3,buggy
1,0,0,55,8,230,0,25,1,2,300,77,10,20,0,20,0,6,24,buggy
3,0,0,62,7,220,1,22,2,5,231,87,12,10,0,9,1,11,14,clean
10,0,0,27,7,147,0,21,4,1,210,76,8,4,0,4,0,39,7,clean
0,0,0,3,0,15,0,3,2,1,3,5,1,1,0,1,0,4,2,clean
0,0,2,39,14,180,0,19,1,2,171,112,16,1,0,0,2,0,9,buggy
0,0,3,7,1,27,0,5,1,4,10,11,5,2,0,0,0,0,4,clean
0,0,0,4,0,13,0,4,1,6,6,4,6,2,0,2,0,6,4,clean
0,0,7,8,0,28,0,8,2,18,28,12,18,0,0,0,0,6,6,clean
0,0,0,3,2,10,0,3,6,0,3,6,2,0,0,0,0,20,3,clean
1,0,0,10,2,33,0,5,1,0,10,16,2,1,0,1,0,6,4,clean
0,0,0,9,2,27,0,5,2,1,10,12,3,0,0,0,0,9,5,clean
0,0,0,4,3,30,1,4,2,1,6,12,4,1,0,1,0,14,1,clean
0,0,0,11,0,24,0,9,1,0,36,11,0,0,0,0,0,15,9,buggy
3,0,3,41,5,179,0,15,1,3,105,51,7,3,0,3,0,6,8,buggy
0,0,0,1,0,3,3,1,2,0,0,1,0,0,0,0,0,20,1,clean
0,0,0,20,9,60,4,4,4,18,6,39,27,0,0,0,0,16,3,clean
7,0,1,54,11,277,0,22,3,0,231,107,11,5,0,5,0,21,15,clean
1,0,1,17,3,71,0,7,1,2,21,35,5,6,0,5,0,0,5,clean
0,0,0,9,1,21,0,5,1,0,10,10,1,2,0,2,0,6,4,clean
0,0,0,4,3,12,5,3,5,1,3,6,4,0,0,0,0,89,1,clean
0,0,1,5,3,21,0,4,2,1,6,11,4,5,0,5,0,8,4,clean
5,0,0,36,6,145,0,7,1,0,21,58,6,0,0,0,0,6,2,clean
1,0,0,16,5,72,1,6,4,1,15,30,6,2,0,2,0,34,2,clean
0,0,0,8,2,33,5,7,5,46,21,17,47,2,0,2,0,86,6,clean
0,0,0,49,13,135,31,18,5,5,153,77,18,5,0,5,0,79,16,clean
0,0,0,12,2,38,158,12,6,3,66,22,5,1,0,1,0,499,12,clean
4,0,0,61,18,187,0,19,1,24,171,122,39,7,0,7,2,6,13,clean
0,0,0,6,0,48,0,2,1,8,1,9,8,4,0,4,0,0,2,clean
12,0,0,58,29,234,0,20,3,1,190,191,29,5,0,4,1,37,3,clean
0,184,0,0,0,0,0,0,1,0,0,0,0,185,0,1,1,0,0,buggy
7,0,0,22,11,179,0,15,3,1,105,72,12,6,0,6,0,21,8,clean
0,0,0,7,2,23,28,7,5,3,21,10,5,1,0,1,0,248,7,clean
0,0,0,3,2,10,0,3,6,0,3,6,2,0,0,0,0,20,3,clean
0,0,0,7,1,25,0,2,1,3,1,7,4,0,0,0,0,0,2,clean
5,0,0,30,10,152,0,9,1,2,36,89,12,4,0,4,0,0,3,clean
1,0,0,8,3,32,0,6,1,0,15,16,3,1,0,1,0,6,5,clean
1,0,0,17,13,78,13,12,5,0,66,42,13,2,0,2,0,80,8,clean
0,0,0,12,3,43,0,4,1,3,6,23,6,2,0,2,0,6,4,clean
1,0,0,13,12,165,2,5,5,1,10,33,13,4,0,4,0,55,3,clean
0,0,0,38,8,151,0,10,1,2,45,80,10,2,0,2,0,0,1,clean
5,0,0,46,13,220,0,20,1,11,190,95,22,11,0,7,0,6,15,clean
7,0,3,109,10,457,7,65,2,41,2080,195,51,14,0,11,0,62,47,buggy
1,0,3,26,4,108,0,13,1,4,78,51,8,7,0,3,0,6,2,buggy
0,0,0,17,6,83,1,12,5,2,66,41,8,4,0,4,0,78,12,buggy
3,0,0,14,4,140,0,9,1,1,36,36,5,5,0,5,0,0,4,clean
0,0,0,6,3,19,5,3,5,1,3,12,4,0,0,0,0,89,1,clean
6,0,0,46,24,128,0,10,1,1,45,74,25,4,0,4,0,6,3,clean
0,0,0,9,2,28,0,1,1,0,0,19,2,2,0,2,0,6,1,clean
0,0,0,8,8,29,8,3,3,1,3,17,9,1,0,1,0,36,1,buggy
0,0,0,6,2,18,0,6,1,34,15,24,36,0,0,0,0,6,6,clean
1,0,0,16,1,55,1,10,2,1,45,21,2,0,0,0,0,11,9,clean
0,0,0,6,1,21,0,4,1,10,6,13,11,30,0,0,1,6,4,clean
0,0,0,9,2,29,0,8,1,1,28,18,3,1,0,1,0,0,8,clean
0,0,0,82,19,290,0,15,1,3,105,124,22,0,0,0,0,6,4,clean
1,0,0,23,7,71,0,9,1,2,36,42,8,4,0,4,0,11,8,clean
0,0,0,19,3,54,1,7,2,3,21,21,6,9,0,9,0,36,5,clean
6,0,0,14,9,96,0,11,2,1,55,40,10,7,0,6,0,28,3,buggy
2,0,0,30,13,169,0,7,1,5,21,77,18,1,0,1,1,6,5,clean
0,0,4,63,10,162,1,32,2,23,496,76,33,7,0,5,1,21,23,clean
0,0,0,4,5,45,0,4,2,1,6,18,6,3,0,2,0,28,2,clean
5,0,0,23,9,124,0,8,1,2,28,50,11,2,0,2,0,0,3,clean
0,0,3,2,0,6,3,3,1,0,3,4,0,0,0,0,0,7,3,clean
0,0,0,15,7,44,0,9,2,2,36,34,9,2,0,2,0,31,8,clean
1,0,0,9,2,33,0,6,1,0,15,17,2,4,0,4,0,0,5,clean
5,0,0,34,3,142,0,17,1,3,136,58,6,1,0,1,0,6,12,buggy
1,0,2,20,8,71,2,11,5,8,55,37,16,4,1,3,1,71,10,clean
1,0,0,29,3,115,0,22,1,7,231,45,8,14,0,10,0,6,13,clean
1,0,0,5,10,65,1,5,2,2,10,37,12,0,0,0,0,4,3,clean
0,0,0,8,11,60,0,7,2,1,21,30,12,5,0,5,0,8,7,clean
0,0,0,2,1,6,1,2,2,1,1,4,2,0,0,0,0,10,2,clean
0,0,0,14,6,67,0,8,2,1,28,18,7,5,0,5,0,8,6,clean
1,0,0,36,2,94,0,15,1,3,105,43,4,3,0,0,0,0,11,clean
5,0,0,21,12,126,13,15,5,1,105,80,13,2,0,0,0,80,9,clean
21,0,0,108,34,525,2,35,5,2,595,243,35,10,0,10,1,73,6,clean
0,0,0,11,2,41,8,8,3,2,28,22,4,3,0,3,0,55,7,clean
1,0,2,63,9,222,19,23,4,1,253,145,10,2,0,2,1,192,21,clean
1,0,0,10,0,36,0,4,1,1,6,9,1,1,0,1,0,0,3,clean
1,0,0,17,0,68,0,5,1,1,10,19,1,5,0,5,0,0,4,clean
3,0,0,15,4,57,0,5,1,0,10,36,4,1,0,0,0,0,2,clean
3,3,0,23,7,77,0,5,1,2,10,47,9,3,0,0,1,6,2,clean
1,0,3,96,13,381,14,33,3,28,528,139,41,3,0,3,0,195,27,clean
5,0,0,29,11,252,0,16,4,1,120,88,12,9,0,9,0,32,11,clean
1,0,0,4,1,10,0,3,2,1,3,6,2,0,0,0,0,29,2,clean
0,0,0,8,4,25,4,2,4,1,1,13,5,0,0,0,0,16,2,clean
0,0,0,9,4,18,7,4,3,0,6,11,4,0,0,0,0,33,2,clean
0,0,0,4,2,15,7,3,3,1,3,8,3,0,0,0,0,14,2,clean
0,0,0,20,11,81,0,8,2,1,28,39,12,2,0,1,0,29,6,clean
13,0,7,102,13,440,1,23,3,1,253,245,14,2,0,0,0,41,1,clean
1,0,0,13,1,43,0,6,1,1,15,13,2,2,0,2,0,0,5,clean
4,0,0,37,22,236,2,19,5,1,171,128,23,4,1,4,1,72,9,clean
1,0,0,16,2,49,11,6,3,2,15,14,4,3,0,2,0,29,5,clean
3,0,0,13,12,63,0,4,1,1,6,45,13,0,0,0,0,6,1,clean
8,0,0,46,13,215,0,16,3,2,120,101,15,7,0,6,0,21,7,clean
1,1,0,20,1,95,1,10,2,1,45,36,2,8,0,7,0,4,9,clean
0,0,2,29,0,79,0,8,1,0,28,23,0,4,0,2,0,0,1,clean
0,0,0,9,4,31,2,2,2,0,1,17,4,1,0,0,0,14,1,clean
2,0,0,22,9,159,0,13,4,1,78,57,10,5,0,5,0,32,11,clean
13,0,0,49,15,396,0,19,5,2,171,105,17,8,0,8,0,34,6,clean
0,0,0,5,3,17,0,3,2,2,3,6,5,1,0,1,0,43,2,clean
4,0,0,43,23,176,2,15,5,2,105,117,24,1,0,1,0,72,6,buggy
18,0,0,59,22,387,0,27,4,2,351,176,24,8,0,8,0,32,9,clean
1,0,4,19,9,199,2,9,4,3,36,55,12,12,0,12,0,47,6,buggy
1,0,0,10,2,56,0,8,1,0,28,27,2,3,0,3,0,0,4,clean
2,0,0,81,4,257,0,9,1,1,36,65,5,9,0,0,0,6,3,clean
0,0,0,10,0,30,0,11,3,4,55,11,4,5,0,5,0,70,11,clean
9,0,0,150,48,548,5,40,4,13,780,328,58,7,0,7,1,78,15,clean
2,0,2,26,7,113,0,15,1,5,105,51,12,11,0,0,0,0,6,buggy
1,0,1,20,3,50,0,11,1,6,55,25,9,5,0,5,1,0,10,clean
0,0,0,7,2,21,0,4,1,1,6,10,3,2,0,2,0,6,4,clean
3,0,1,101,6,370,0,20,1,1,190,218,7,0,0,0,0,6,0,clean
0,0,0,4,2,17,0,4,3,0,6,9,2,2,0,2,0,1,4,clean
10,0,0,45,14,198,0,20,1,2,190,97,16,7,0,7,0,0,10,buggy
0,0,0,3,1,9,4,3,5,2,3,5,3,1,0,1,0,64,3,clean
4,0,0,60,17,174,0,8,2,1,28,72,18,0,0,0,0,29,2,clean
0,0,1,24,4,76,0,10,2,1,45,28,5,8,0,7,0,25,4,clean
0,0,0,3,6,23,0,3,2,1,3,15,7,4,0,3,0,28,1,clean
0,0,0,6,1,30,1,4,3,1,6,5,2,2,0,2,0,13,3,clean
0,0,0,15,2,74,0,9,1,0,36,28,2,4,0,3,0,0,6,clean
1,0,0,8,6,27,26,5,6,3,10,20,9,1,0,1,0,155,4,clean
0,0,0,7,2,19,1,5,2,3,10,10,5,1,0,1,0,15,5,clean
3,0,0,34,6,105,0,7,2,1,21,41,7,0,0,0,0,29,2,clean
9,1,0,41,7,281,0,19,1,2,171,104,9,17,1,16,2,0,10,buggy
0,0,0,17,8,50,4,4,3,1,6,21,9,2,0,2,0,21,3,clean
1,0,0,30,17,147,0,14,1,2,91,68,19,16,0,16,0,0,3,clean
11,1,0,218,21,646,0,37,2,1,666,471,22,21,0,10,0,18,6,buggy
5,0,0,20,12,130,0,13,3,1,78,61,13,5,0,5,0,21,7,clean
9,0,0,50,13,147,0,14,1,2,91,93,14,2,0,2,0,6,5,clean
0,0,0,4,3,34,0,2,1,1,1,13,4,0,0,0,0,7,2,clean
4,1,0,33,8,110,0,16,1,1,120,68,9,1,0,0,0,0,9,clean
0,0,6,4,0,13,0,4,1,0,6,4,0,2,0,1,0,6,4,clean
0,0,0,16,4,51,62,13,4,1,78,24,5,2,0,2,0,55,8,clean
7,0,0,23,6,120,0,18,4,1,153,61,7,3,0,3,0,39,7,clean
0,0,2,12,1,57,0,10,1,1,45,21,2,6,0,0,1,0,9,clean
0,0,0,3,0,10,0,3,1,0,3,3,0,2,0,2,0,8,3,clean
0,0,0,9,1,32,0,2,1,1,1,15,2,2,0,2,0,6,2,clean
21,0,0,148,40,564,2,34,5,2,561,289,41,9,0,9,2,73,5,clean
0,0,1,4,1,14,1,3,2,2,3,6,3,1,0,1,0,11,3,clean
0,0,0,2,2,8,0,2,1,1,1,4,3,1,0,1,0,7,2,clean
4,0,0,63,15,278,0,16,1,29,120,118,44,7,0,7,0,6,12,clean
2,0,0,30,16,146,13,15,5,1,105,82,17,2,0,2,0,80,10,clean
0,0,0,9,2,24,0,3,1,0,3,10,2,2,0,2,0,6,3,clean
0,0,5,17,3,50,0,11,2,14,55,19,17,4,0,4,0,12,11,clean
0,0,0,17,1,52,0,1,1,0,0,25,1,0,0,0,0,6,1,clean
2,0,0,111,11,350,7,42,3,1,861,195,12,16,0,16,0,67,40,buggy
0,0,0,25,0,165,0,17,1,6,136,59,6,0,0,0,0,6,17,buggy
0,0,0,10,5,45,0,6,1,1,15,17,6,1,0,1,0,0,2,clean
0,0,0,9,3,42,0,3,1,1,3,12,4,2,0,2,0,0,2,clean
20,0,0,177,31,788,2,38,5,1,703,325,32,17,0,17,0,75,11,clean
0,0,3,7,3,22,4,5,3,3,10,12,6,2,0,1,0,55,5,clean
0,0,0,8,3,32,0,3,1,1,3,14,4,3,0,3,0,0,3,clean
0,0,0,4,2,20,0,2,1,1,1,7,3,3,0,3,0,0,2,clean
0,0,0,14,8,53,0,5,2,2,10,31,10,1,3,1,1,11,2,buggy
9,0,0,31,10,92,0,13,2,1,78,49,11,1,0,1,0,29,3,clean
0,0,0,8,0,23,0,2,1,7,1,6,7,1,0,1,1,0,2,clean
0,0,0,26,11,98,0,9,2,6,36,60,16,2,0,2,0,11,9,clean
0,0,0,12,1,42,0,5,2,0,10,11,1,5,0,5,0,25,5,clean
0,0,0,2,0,6,1,2,3,1,1,2,1,0,0,0,0,5,1,clean
3,0,0,53,11,134,13,13,5,1,78,93,12,16,0,8,0,80,7,clean
1,0,0,4,4,29,0,4,1,1,6,19,5,1,0,1,0,0,3,clean
1,0,0,7,10,34,0,4,2,1,6,33,10,1,0,0,0,28,1,clean
6,0,0,57,22,265,2,23,5,1,253,154,23,4,1,4,1,72,10,clean
0,1,0,5,2,16,5,4,3,1,6,9,3,1,0,0,0,14,3,clean
0,0,0,2,2,7,0,2,6,0,1,5,2,0,0,0,0,20,2,clean
3,0,0,30,17,123,1,7,2,0,21,102,17,2,0,1,4,19,1,buggy
0,0,0,4,4,13,0,4,2,0,6,9,4,0,0,0,0,13,1,buggy
0,0,0,2,0,6,3,2,3,0,1,2,0,0,0,0,0,33,1,clean
3,0,0,18,3,71,0,14,4,1,91,32,4,2,0,2,0,39,7,clean
0,0,0,9,4,34,3,8,3,0,28,18,4,3,0,3,0,33,6,clean
0,0,0,2,0,7,4,2,2,2,1,2,2,2,0,1,0,19,2,clean
1,0,0,6,6,36,0,3,1,1,3,19,7,1,0,1,0,0,2,clean
0,0,0,5,0,18,0,5,1,2,10,5,2,4,0,4,0,6,5,clean
1,0,0,19,4,65,0,7,1,1,21,39,4,2,1,2,0,8,6,clean
0,0,0,51,15,187,23,16,4,4,120,93,19,5,0,5,1,88,15,clean
0,0,0,4,2,37,0,2,1,1,1,14,3,0,0,0,0,7,2,clean
11,0,0,122,24,390,0,29,2,2,406,177,25,7,0,7,0,15,15,clean
0,0,0,7,2,22,28,7,6,2,21,12,4,1,0,1,0,262,7,clean
2,0,0,50,12,237,4,17,4,10,136,117,22,4,0,4,0,51,13,clean
0,0,0,7,2,39,0,5,2,1,10,18,3,2,0,1,0,18,5,clean
6,0,0,38,5,202,0,11,1,4,55,68,9,14,0,12,0,0,3,buggy
1,0,0,17,13,114,13,13,5,0,78,47,13,6,0,1,0,80,9,clean
1,0,0,5,7,28,0,5,2,1,10,18,8,2,0,1,0,28,1,clean
0,0,0,2,1,8,4,2,9,0,1,4,1,2,0,2,0,176,2,clean
0,0,4,10,3,36,0,10,1,11,45,19,14,2,0,2,0,14,6,clean
23,0,0,168,14,644,0,37,1,11,666,305,24,1,0,1,0,6,13,clean
2,1,0,13,4,114,0,7,1,1,21,36,5,8,0,7,0,0,2,buggy
23,0,0,177,28,588,0,35,2,2,595,234,29,27,0,14,0,18,8,clean
1,0,0,14,6,50,0,6,1,1,15,33,6,1,0,1,0,8,5,clean
0,0,0,6,3,43,8,4,6,1,6,21,4,0,0,0,0,103,1,clean
0,0,0,3,3,21,0,3,1,1,3,11,4,2,0,2,0,0,3,clean
1,0,1,14,8,53,1,10,4,4,45,30,12,3,0,3,0,63,8,buggy
0,0,0,1,0,4,0,1,1,3,0,2,3,0,0,0,0,0,1,clean
0,0,0,19,2,61,110,19,5,1,171,38,3,1,0,1,0,422,19,clean
0,0,4,17,4,78,0,20,3,4,190,50,8,4,0,4,0,14,14,clean
0,0,2,15,3,40,3,6,3,4,15,32,7,1,0,0,0,10,3,clean
0,0,0,11,7,81,0,7,4,1,21,27,8,3,0,3,0,32,7,clean
8,0,0,28,11,153,0,12,1,7,66,65,18,5,0,5,1,0,4,clean
0,0,0,3,2,15,0,1,1,0,0,10,2,0,0,0,0,0,1,buggy
0,0,2,70,11,222,17,26,4,7,325,133,18,9,2,9,1,122,20,clean
1,0,1,14,7,62,1,9,4,3,36,30,10,3,0,3,0,62,7,clean
0,80,0,0,0,0,0,0,1,0,0,0,0,81,0,1,0,0,0,clean
1,0,0,14,2,70,4,6,2,0,15,21,2,4,0,4,0,13,1,clean
1,0,1,8,2,39,0,6,1,1,15,19,3,1,0,0,0,0,4,clean
0,0,0,4,2,13,5,4,3,0,6,6,2,1,0,1,0,14,3,clean
0,0,0,3,2,11,4,4,8,2,6,7,4,1,0,1,0,160,4,clean
1,0,0,29,15,144,0,10,2,1,45,62,16,2,0,1,0,29,6,clean
1,0,0,21,10,73,6,7,5,7,21,41,16,1,0,1,0,71,5,clean
0,0,0,1,1,3,0,1,1,0,0,2,1,0,0,0,0,6,1,clean
0,0,0,24,4,140,4,12,2,1,66,49,5,2,0,2,1,18,6,buggy
0,0,0,9,0,22,4,6,1,5,15,6,5,5,0,5,1,11,6,clean
2,0,1,41,10,109,2,16,2,5,120,52,15,7,0,7,0,11,11,clean
6,0,0,60,25,281,0,16,1,0,120,182,25,4,1,4,0,6,4,buggy
4,0,0,125,25,379,0,26,1,52,325,227,75,5,1,1,3,6,22,buggy
4,0,2,101,14,316,14,12,2,22,66,122,35,1,1,1,2,9,7,buggy
45,0,0,286,21,945,6,55,3,1,1485,494,22,3,0,3,2,30,3,clean
0,0,1,7,1,34,1,7,4,7,21,13,8,0,0,0,0,31,2,clean
0,0,0,16,6,68,0,8,2,1,28,21,7,5,0,5,0,8,6,clean
7,0,2,139,37,582,0,33,1,9,528,273,46,9,0,2,0,6,6,buggy
0,0,0,5,2,19,3,5,3,1,10,11,3,1,0,1,0,33,3,clean
1,0,0,71,22,230,0,18,1,1,153,156,23,16,0,15,0,6,11,clean
9,0,0,86,25,416,0,18,2,1,153,205,26,1,0,1,0,11,1,buggy
1,0,6,23,3,93,1,18,5,18,153,48,21,5,0,5,0,37,9,clean
0,0,0,10,0,30,0,11,1,8,55,11,8,11,0,5,0,6,11,clean
0,0,0,13,5,61,0,8,2,1,28,17,6,4,0,4,0,8,6,clean
0,0,0,5,0,17,0,5,1,1,10,11,1,1,0,1,0,0,5,clean
21,0,0,158,35,677,2,40,5,1,780,342,36,9,0,9,1,73,11,clean
0,0,1,3,1,10,0,3,2,2,3,6,3,0,0,0,0,11,2,clean
5,0,0,43,16,188,1,10,2,0,45,137,16,1,0,1,2,19,2,clean
0,0,0,4,1,20,0,3,1,1,3,8,2,2,0,2,0,0,3,clean
0,0,0,10,5,27,0,5,2,1,10,14,6,0,0,0,0,9,4,clean
0,0,0,0,0,0,0,0,1,0,0,0,0,4,0,0,0,6,0,clean
0,0,0,3,3,10,0,3,6,0,3,7,3,0,0,0,0,20,3,clean
1,0,0,8,0,25,0,9,1,1,36,19,1,5,0,1,0,6,6,clean
0,0,0,1,0,6,0,2,1,2,1,3,2,42,0,0,0,7,2,buggy
1,0,3,14,2,53,0,7,2,0,21,33,2,2,0,2,0,10,6,clean
1,0,0,16,11,136,13,11,5,1,55,42,12,3,0,0,0,80,8,clean
1,0,25,21,8,63,7,9,4,19,36,47,27,6,0,0,0,72,2,clean
7,0,0,45,12,176,0,18,3,1,153,84,13,3,0,3,0,21,11,clean
0,1,0,6,2,24,0,5,1,2,10,11,4,1,0,0,0,0,5,clean
0,0,0,3,1,32,0,3,1,1,3,6,2,2,0,2,0,0,2,clean
1,0,0,15,7,59,0,5,3,1,10,31,8,1,0,1,0,21,1,buggy
0,1,0,5,2,16,5,4,3,1,6,9,3,1,0,0,0,14,3,clean
0,0,0,2,2,10,0,2,1,1,1,7,3,2,0,2,0,0,2,clean
0,0,0,25,11,79,18,14,5,4,91,55,15,2,0,2,0,211,14,clean
0,0,4,6,1,31,1,6,4,26,15,10,27,0,0,0,0,31,2,clean
1,0,0,7,2,46,0,4,1,1,6,23,2,2,0,2,0,0,3,clean
1,0,2,8,2,42,0,5,1,3,10,13,5,1,0,0,0,0,2,clean
1,0,0,4,4,28,0,4,1,1,6,15,5,2,0,2,0,0,1,clean
1,0,0,22,7,73,1,5,2,4,10,25,11,2,0,2,0,10,4,clean
0,0,0,6,2,14,4,4,6,1,6,9,3,1,0,1,0,67,4,clean
0,0,1,4,0,13,0,4,1,1,6,5,1,2,0,2,0,6,4,clean
0,0,0,3,0,8,1,2,2,1,1,4,1,1,0,1,0,10,2,clean
4,0,0,18,4,101,0,8,2,2,28,35,6,6,0,5,0,18,3,clean
6,0,0,77,24,293,0,22,1,9,231,184,30,6,0,5,3,8,16,clean
5,0,0,27,15,95,0,9,1,7,36,61,22,0,0,0,0,0,3,clean
0,0,0,8,1,42,0,7,1,1,21,18,2,6,0,3,0,6,7,clean
1,0,0,35,5,104,0,7,3,1,21,65,6,9,0,9,1,33,6,clean
0,0,0,3,2,11,4,3,9,1,3,6,3,1,0,1,0,228,3,clean
2,0,0,21,9,92,0,8,1,1,28,54,9,9,0,9,2,6,6,buggy
0,0,0,10,4,62,0,6,1,11,15,21,15,4,0,3,0,0,2,clean
3,0,0,17,3,80,0,9,1,0,36,26,3,7,0,7,0,0,6,clean
0,0,0,1,1,3,0,1,1,0,0,2,1,0,0,0,1,6,1,clean
2,0,0,19,3,51,0,5,1,3,10,31,5,0,0,0,0,0,3,clean
1,0,0,24,3,104,0,13,1,2,78,46,5,7,0,7,0,0,8,clean
0,0,0,2,1,12,0,2,1,1,1,5,2,2,0,2,0,0,1,clean
0,0,0,12,0,24,0,9,1,1,36,11,1,2,0,2,0,12,9,clean
0,0,0,8,3,55,0,7,1,1,21,19,4,5,0,5,0,0,3,clean
1,0,2,16,1,47,0,3,3,2,3,20,3,1,0,1,0,16,1,clean
1,0,0,64,4,214,0,7,1,1,21,117,5,0,0,0,0,6,2,clean
0,0,0,8,2,27,0,4,2,1,6,14,3,2,0,2,0,9,2,clean
0,0,2,7,4,23,9,5,4,3,10,14,7,2,0,1,0,48,3,clean
9,0,0,45,14,183,0,13,1,6,78,104,20,0,0,0,0,6,4,buggy
0,0,0,7,12,36,7,4,5,0,6,33,12,0,0,0,1,40,1,buggy
7,0,0,49,14,217,0,17,3,0,136,104,14,7,0,7,0,21,10,clean
0,0,0,11,2,35,0,5,4,1,10,12,3,0,0,0,0,18,5,clean
0,0,0,9,4,22,0,5,3,1,10,12,5,3,0,2,0,32,5,clean
2,0,0,18,7,87,0,12,3,1,66,53,8,1,0,1,0,21,10,clean
7,0,1,99,23,384,0,28,1,29,378,175,52,8,0,1,0,20,10,clean
1,0,1,6,3,37,0,5,1,1,10,13,4,1,0,0,0,0,4,clean
1,0,0,3,1,8,0,3,1,3,3,7,4,29,0,4,0,6,2,clean
0,0,0,7,1,21,8,6,4,2,15,9,3,1,0,1,0,90,6,clean
0,0,2,10,2,36,0,11,3,2,55,22,4,2,0,1,0,23,3,clean
0,0,0,3,2,10,0,3,6,0,3,6,2,0,0,0,0,20,3,clean
1,0,0,6,4,33,0,4,1,1,6,17,5,4,0,4,0,0,3,clean
0,0,0,22,16,103,0,9,2,1,36,74,17,0,0,0,0,4,1,buggy
5,0,0,16,6,56,0,11,2,3,55,29,9,1,0,1,0,17,6,clean
0,0,3,19,7,81,2,7,2,1,21,41,8,1,0,1,0,47,1,clean
0,0,2,1,0,4,0,1,2,0,0,2,0,3,0,0,0,9,1,clean
0,0,0,12,10,83,0,7,2,0,21,37,10,12,0,8,0,8,6,clean
1,0,0,10,7,38,4,6,4,5,15,32,12,1,0,1,0,51,5,clean
10,0,0,70,8,478,0,26,1,10,325,142,17,25,0,21,0,0,9,clean
0,0,0,23,7,82,3,19,7,3,171,41,10,5,0,5,0,92,16,buggy
0,0,2,32,0,92,0,16,1,16,120,47,16,1,0,0,0,6,16,buggy
5,0,0,17,7,51,0,12,2,6,66,33,12,1,0,1,0,17,7,clean
1,0,0,2,2,27,0,2,1,0,1,9,2,0,0,0,0,6,1,buggy
0,0,7,13,3,37,0,10,1,7,45,18,10,2,0,2,0,8,8,clean
0,0,2,7,2,25,3,7,3,3,21,13,5,5,0,3,0,24,7,clean
2,0,0,8,6,70,11,8,1,0,28,32,6,3,0,3,0,0,4,buggy
0,0,0,12,2,38,0,7,1,2,21,18,4,3,0,3,0,6,7,clean
11,0,0,88,26,343,6,30,2,6,435,220,30,6,2,6,1,19,18,buggy
0,0,0,36,11,113,27,15,5,5,105,61,16,4,1,4,2,143,13,clean
14,0,0,50,29,304,0,17,1,1,136,123,30,8,0,2,0,0,2,clean
0,0,0,8,4,23,6,6,6,12,15,15,16,1,0,1,0,78,5,clean
0,0,0,3,1,11,0,3,2,0,3,5,1,0,0,0,0,6,3,clean
0,1,2,44,13,173,5,20,3,5,190,121,18,5,0,1,0,71,14,clean
0,234,0,0,0,0,0,0,1,0,0,0,0,235,0,1,0,0,0,clean
0,0,2,4,3,15,1,3,2,0,3,10,3,0,0,0,0,10,2,clean
0,0,0,8,3,30,19,6,5,4,15,16,7,3,0,3,0,92,6,clean
3,0,0,76,10,264,0,14,1,12,91,121,22,0,1,0,0,6,11,buggy
0,0,1,21,10,82,6,7,2,1,21,51,11,1,0,0,1,26,4,clean
0,0,0,4,3,13,5,3,3,1,3,8,4,1,0,1,0,14,2,clean
0,0,2,2,0,7,0,3,1,0,3,6,0,0,0,0,0,0,2,clean
0,0,0,6,3,20,0,5,1,1,10,13,4,2,0,0,0,6,4,buggy
19,0,0,63,10,307,0,21,1,1,210,122,11,0,0,0,0,6,2,clean
1,0,1,12,2,38,0,4,1,1,6,12,3,2,0,2,0,6,3,clean
1,0,0,13,2,42,0,4,1,0,6,23,2,3,0,3,0,0,3,clean
0,0,0,22,2,58,30,8,5,0,28,34,2,1,0,1,0,251,7,clean
0,0,0,15,2,45,0,11,1,8,55,22,10,1,0,1,0,6,11,clean
0,1,0,8,7,31,0,6,1,2,15,21,9,1,0,0,0,9,6,clean
0,0,0,57,12,180,21,20,3,9,190,101,21,15,0,9,0,35,20,clean
8,0,0,42,21,195,0,10,1,2,45,96,23,4,0,4,0,0,1,clean
2,0,0,32,10,125,0,14,3,0,91,63,10,3,0,2,0,21,11,clean
0,0,0,11,3,88,0,6,1,1,15,24,4,3,0,3,0,0,2,buggy
2,0,0,23,6,58,2,9,3,1,36,42,7,3,0,3,0,34,7,clean
11,0,0,93,19,405,0,21,1,1,210,134,19,12,0,12,1,6,10,buggy
0,0,0,20,9,63,5,9,3,1,36,39,9,3,0,2,1,67,7,clean
0,0,2,4,0,13,0,2,3,2,1,5,2,0,0,0,0,16,1,clean
0,0,0,8,2,25,0,7,3,1,21,10,3,3,0,3,0,34,7,clean
4,0,0,29,12,98,0,7,1,4,21,67,15,2,0,1,0,6,3,clean
3,0,0,33,17,130,0,11,2,1,55,65,18,2,0,1,0,29,6,clean
0,0,1,19,3,96,43,13,2,1,78,40,4,4,0,1,0,6,10,clean
0,0,2,39,8,150,0,31,3,25,465,61,33,4,0,3,0,32,14,clean
0,0,0,2,2,7,0,2,6,0,1,5,2,0,0,0,0,20,2,clean
0,0,0,1,1,3,0,1,1,0,0,2,1,0,0,0,1,6,1,clean
1,0,0,35,17,152,1,21,3,2,210,67,19,1,0,1,0,72,9,clean
15,0,0,98,8,461,0,27,1,4,351,187,12,39,0,39,1,6,9,clean
1,0,0,21,3,55,0,10,1,8,45,28,10,4,0,2,0,0,9,clean
1,0,0,7,5,26,4,3,3,1,3,11,6,1,0,1,0,9,1,clean
0,0,0,11,3,33,2,8,1,0,28,24,3,1,0,1,0,9,8,clean
3,0,0,29,5,132,0,5,1,1,10,57,6,1,0,1,0,7,2,clean
0,0,0,8,2,29,13,8,5,1,28,14,3,2,0,0,0,80,7,clean
0,0,0,7,6,33,0,5,1,1,10,17,7,1,0,1,0,6,5,clean
0,0,0,14,3,38,0,12,1,20,66,28,23,2,0,2,0,6,12,clean
1,0,0,33,8,97,5,18,3,1,153,70,9,1,0,1,0,31,3,clean
0,0,0,13,16,79,2,4,2,0,6,46,16,0,0,0,0,9,2,clean
0,0,0,3,1,9,0,3,2,0,3,5,1,0,0,0,0,6,3,clean
0,0,0,5,2,16,5,4,3,1,6,9,3,1,0,1,0,14,3,clean
0,0,0,15,3,109,4,10,2,2,45,29,5,4,0,4,0,18,6,clean
6,0,0,45,21,197,2,22,5,1,231,128,22,4,0,4,0,72,5,clean
5,0,0,33,8,137,14,13,1,1,78,44,9,5,0,5,0,0,8,clean
0,0,0,11,7,79,0,9,3,1,36,44,8,3,0,3,0,21,9,clean
1,3,0,10,5,40,0,8,1,1,28,25,6,3,0,0,0,0,6,buggy
7,0,0,57,7,283,0,12,1,27,66,87,34,1,0,0,0,6,5,clean
0,0,0,42,13,196,0,10,1,30,45,70,43,0,0,0,1,6,10,buggy
0,2,0,9,0,26,0,5,1,1,10,11,1,2,0,0,0,0,4,clean
1,0,0,13,13,91,13,10,5,1,45,39,14,5,0,0,0,80,7,clean
10,0,0,101,21,351,0,21,1,29,210,156,49,9,0,3,0,6,11,buggy
1,0,0,8,1,20,0,6,1,2,15,12,3,2,0,2,0,6,5,clean
3,0,2,28,10,107,0,14,2,7,91,54,17,4,0,4,0,56,7,buggy
1,0,2,26,4,149,0,9,1,2,36,53,6,1,0,0,0,6,6,buggy
4,0,0,22,11,111,0,11,1,1,55,60,12,4,0,4,1,0,7,clean
52,2,0,235,35,1326,0,78,1,6,3003,461,36,55,0,34,3,0,15,buggy
1,0,8,14,3,50,0,16,3,11,120,31,14,2,0,2,0,17,14,clean
0,0,0,11,7,60,3,6,4,1,15,30,8,1,0,0,0,51,3,clean
0,0,0,1,1,3,0,1,1,0,0,2,1,0,0,0,0,6,1,clean
0,0,0,22,8,78,6,8,3,2,28,45,10,3,0,3,1,56,7,clean
0,0,0,7,2,35,0,5,1,1,10,12,3,1,0,1,0,0,2,buggy
19,0,0,85,25,523,0,34,1,5,561,257,26,22,1,18,5,0,10,buggy
1,0,0,34,4,106,4,10,3,1,45,50,5,3,0,3,0,36,9,buggy
1,0,4,23,9,98,0,26,3,5,325,76,14,4,0,4,0,14,14,clean
0,0,0,31,5,75,9,12,3,3,66,49,8,4,0,4,0,57,10,clean
0,0,0,19,7,69,1,16,4,0,120,36,7,0,0,0,0,73,8,clean
0,0,0,2,1,6,0,3,1,1,3,5,1,0,0,0,0,0,2,clean
0,0,0,3,2,16,0,3,1,1,3,9,3,1,0,1,0,0,2,clean
0,0,1,8,3,26,6,6,3,2,15,15,5,2,0,1,0,39,4,clean
0,0,1,26,2,99,0,17,1,4,136,32,6,7,0,6,0,19,15,clean
0,3,5,32,9,104,1,23,2,17,253,51,26,5,2,1,2,14,11,clean
0,0,0,9,3,28,0,3,1,1,3,12,4,1,0,1,0,0,3,clean
0,0,0,2,2,16,1,2,3,2,1,4,4,0,0,0,0,5,1,clean
0,0,0,11,3,54,0,8,4,1,28,25,4,3,0,3,0,34,6,clean
5,0,0,22,13,179,0,12,3,1,66,77,14,10,0,10,0,21,4,clean
0,0,0,5,2,15,1,4,3,1,6,8,3,0,0,0,0,5,3,clean
4,0,0,36,8,119,0,11,2,1,55,69,9,3,0,2,0,18,5,clean
3,0,0,9,5,32,2,5,3,2,10,24,7,0,0,0,1,15,2,buggy
0,0,0,25,9,79,5,10,3,3,45,46,12,4,0,3,0,32,10,clean
0,0,1,5,0,23,0,5,1,1,10,7,1,3,0,3,0,0,4,clean
0,0,0,19,19,45,0,2,1,2,1,36,21,1,0,1,0,7,2,clean
0,1,0,6,1,20,0,2,1,1,1,4,2,1,0,0,0,0,1,clean
1,0,2,23,20,132,0,8,1,0,28,83,20,4,0,1,0,0,1,clean
0,0,0,6,1,23,5,3,3,0,3,10,1,1,0,1,0,14,2,clean
2,0,0,19,0,37,3,8,1,1,28,18,1,4,0,4,0,10,5,clean
0,0,2,84,21,185,2,39,7,3,741,92,24,6,0,6,0,101,37,clean
1,0,0,22,13,90,0,12,1,6,66,50,19,10,0,10,0,6,11,clean
0,0,0,4,3,20,0,2,1,1,1,13,4,1,0,1,0,0,2,clean
0,0,1,1,1,5,10,1,3,2,0,2,3,1,0,1,0,120,1,clean
0,0,1,9,1,38,0,7,1,5,21,12,6,3,0,2,0,6,6,clean
0,0,2,10,6,41,1,4,4,8,6,28,14,3,1,2,0,63,4,clean
2,0,5,17,8,68,30,21,3,7,210,49,15,5,0,3,0,17,12,clean
0,0,0,2,1,12,11,2,3,1,1,5,2,0,0,0,0,23,1,clean
1,0,0,6,0,27,0,3,1,2,3,7,2,3,0,3,0,0,2,clean
11,0,0,59,20,338,0,24,3,1,276,162,21,12,1,12,1,21,12,clean
0,0,0,9,3,31,2,8,1,0,28,24,3,1,0,1,0,9,8,clean
1,0,0,8,2,23,0,4,1,1,6,13,3,2,0,2,0,15,3,clean
0,0,0,3,2,14,1,2,3,2,1,5,4,0,0,0,0,5,1,clean
0,0,1,3,2,9,4,3,5,5,3,7,7,1,0,1,0,64,3,clean
0,0,0,4,2,12,5,4,3,1,6,7,3,0,0,0,0,14,3,clean
0,0,3,55,10,153,0,35,4,46,595,83,56,13,0,8,1,31,33,clean
3,0,0,6,1,30,0,5,1,4,10,16,5,53,0,5,0,6,2,clean
1,0,0,12,7,38,0,3,2,0,3,31,7,2,0,2,0,3,1,clean
0,0,0,11,1,44,0,8,1,1,28,18,2,6,0,6,0,11,8,clean
1,0,0,4,2,23,0,2,1,0,1,9,2,1,0,1,0,6,1,clean
0,0,0,24,9,93,62,16,4,1,120,42,10,3,0,3,0,57,11,clean
0,0,0,1,1,3,0,1,1,0,0,2,1,0,0,0,1,6,1,clean
1,0,0,6,4,42,0,4,2,1,6,15,5,1,0,1,0,5,1,clean
0,0,0,5,2,21,1,2,3,1,1,8,3,0,0,0,0,5,1,clean
28,0,0,153,47,681,2,50,5,2,1225,345,48,13,0,13,1,74,14,clean
13,0,0,46,20,238,1,16,2,1,120,122,21,8,0,7,0,12,3,buggy
4,0,0,28,13,140,1,20,2,0,190,55,13,1,0,0,0,69,8,clean
7,0,1,51,13,155,0,17,1,4,136,92,13,5,0,5,1,0,7,buggy
5,0,0,124,16,338,2,41,3,1,820,229,17,12,0,12,0,63,36,clean
0,0,0,39,6,179,0,12,1,1,66,49,7,6,0,3,0,7,5,clean
0,0,0,1,0,3,2,1,3,0,0,1,0,0,0,0,0,11,1,clean
0,0,3,1,0,3,0,3,1,1,3,3,1,0,0,0,0,0,0,clean
2,0,0,49,6,160,0,7,1,1,21,61,7,6,0,6,0,0,4,buggy
0,0,5,2,0,6,1,2,2,5,1,2,5,0,0,0,0,39,1,clean
0,0,2,7,1,21,0,5,1,7,10,11,8,1,0,1,0,6,4,clean
0,0,7,28,6,78,0,21,3,31,210,47,37,6,1,5,2,23,18,clean
1,0,0,6,4,26,0,2,1,0,1,17,4,0,0,0,0,0,1,buggy
1,0,0,21,3,37,0,4,1,1,6,13,3,3,0,3,0,0,3,clean
0,0,0,5,2,19,5,2,3,2,1,8,4,1,0,1,0,28,2,clean
0,0,0,18,3,59,158,12,7,1,66,30,4,2,0,2,0,523,12,clean
0,0,0,6,2,19,0,6,1,2,15,10,4,1,0,1,0,6,5,clean
0,0,1,25,7,77,0,11,1,3,55,45,10,1,0,0,0,0,9,clean
1,0,0,20,8,119,1,6,2,3,15,42,11,3,0,3,0,4,4,clean
0,0,2,16,2,63,0,11,4,19,55,36,21,1,0,1,0,5,10,clean
0,0,0,3,2,13,7,3,3,1,3,6,3,0,0,0,0,14,2,clean
0,0,2,8,2,20,0,7,1,0,21,14,2,1,0,1,0,0,1,clean
0,0,0,7,7,39,0,7,1,1,21,16,8,1,0,1,0,12,7,clean
1,0,3,38,10,122,5,16,2,5,120,87,15,0,0,0,0,50,1,clean
0,0,0,28,15,101,0,13,4,3,78,55,18,7,0,7,2,70,11,clean
3,0,1,32,10,97,0,9,1,2,36,68,12,3,0,3,2,6,1,clean
2,0,0,19,2,82,0,6,1,1,15,19,3,2,0,2,0,6,4,clean
0,0,2,12,2,34,0,12,1,1,66,17,3,1,0,0,0,6,11,buggy
1,0,0,4,1,15,0,3,1,6,3,9,7,1,0,0,0,6,2,clean
3,0,0,13,7,40,0,4,1,1,6,23,7,0,0,0,0,0,0,buggy
0,0,0,4,3,16,0,2,1,1,1,10,4,2,0,2,0,0,2,clean
0,0,0,8,4,30,28,7,5,4,21,21,8,1,0,1,0,248,7,clean
0,0,0,1,1,3,0,1,1,0,0,2,1,0,0,0,0,6,1,clean
6,0,0,31,11,95,0,9,1,5,36,54,16,1,0,1,0,0,3,clean
1,0,0,68,6,193,3,8,3,1,28,91,7,15,0,15,0,34,7,clean
28,0,0,178,34,828,2,50,5,6,1225,341,37,19,0,19,1,70,14,clean
2,0,0,20,13,91,13,15,5,0,105,52,13,6,0,6,0,80,10,clean
29,0,0,257,42,1087,2,56,5,3,1540,440,44,15,0,15,3,71,15,buggy
15,0,0,89,27,349,0,30,4,2,435,150,28,4,0,4,1,72,10,buggy
6,2,3,52,6,156,0,15,1,42,105,73,48,15,1,1,2,0,9,clean
7,0,0,18,10,120,13,14,5,0,91,67,10,7,0,4,0,80,6,clean
3,0,0,42,4,115,0,6,1,6,15,45,10,1,0,1,0,6,3,clean
4,0,0,28,4,147,0,21,2,3,210,73,5,11,0,11,0,3,3,buggy
1,0,0,11,2,30,0,5,1,0,10,13,2,1,0,1,0,6,4,clean
2,0,0,24,3,77,0,15,1,12,105,43,15,6,0,4,0,0,13,clean
0,0,2,4,2,15,0,3,1,3,3,5,5,1,0,0,0,0,2,clean
1,0,0,15,10,55,6,8,3,2,28,26,11,4,0,4,0,32,7,clean
2,0,0,18,1,117,0,10,1,1,45,30,2,13,0,13,0,6,2,clean
0,0,0,5,0,20,0,2,1,4,1,5,4,2,0,2,0,6,2,clean
1,0,0,17,6,84,1,12,5,2,66,39,8,4,0,4,0,76,11,clean
0,0,0,1,1,3,0,1,1,3,0,2,4,1,0,1,0,0,1,clean
7,0,1,66,9,185,0,20,1,16,190,96,24,11,0,5,2,6,8,buggy
0,0,0,5,1,36,0,4,1,3,6,9,4,3,0,3,0,0,3,clean
0,0,0,14,7,41,4,5,3,2,10,20,8,0,0,0,0,21,2,clean
0,0,0,1,0,3,2,1,3,0,0,1,0,0,0,0,0,11,1,clean
0,0,0,3,3,13,7,3,3,1,3,8,4,0,0,0,0,14,2,clean
0,0,0,9,3,29,0,3,1,5,3,15,8,0,0,0,0,6,3,clean
0,0,0,9,8,51,0,9,1,1,36,24,9,1,0,1,0,14,9,clean
0,0,0,40,9,106,0,5,1,5,10,46,14,2,0,2,1,0,5,clean
6,0,0,49,8,195,0,14,1,0,91,75,8,11,0,11,0,6,8,clean
0,0,0,3,0,11,0,3,1,2,3,3,2,3,0,3,0,12,3,clean
0,0,0,3,4,15,2,2,2,1,1,10,5,0,0,0,0,4,2,clean
0,0,0,2,2,7,0,1,1,0,0,4,2,0,0,0,0,6,1,clean
0,0,0,5,3,17,0,4,1,8,6,11,11,2,0,0,0,6,3,clean
1,0,0,10,1,50,0,4,1,1,6,14,2,1,0,0,0,6,2,clean
0,0,0,2,2,11,0,2,1,2,1,6,4,1,0,1,0,0,2,clean
32,0,0,239,35,876,0,38,2,2,703,599,37,11,4,8,7,23,3,buggy
2,0,0,12,11,60,13,11,5,1,55,35,12,2,0,0,0,80,8,clean
0,0,8,8,3,31,1,3,2,8,3,17,11,0,0,0,0,69,0,clean
0,0,0,3,1,10,0,2,2,1,1,4,2,0,0,0,0,29,2,clean
0,0,0,8,4,37,2,4,2,0,6,26,4,0,0,0,0,9,1,clean
3,0,0,20,3,66,0,10,5,0,45,32,3,2,0,2,1,16,7,clean
1,0,0,17,2,62,1,3,2,1,3,23,3,4,0,4,0,6,2,clean
0,0,0,5,1,10,0,1,1,1,0,9,2,0,0,0,0,6,1,clean
0,0,0,7,5,64,2,5,4,1,10,30,6,3,0,3,0,47,5,clean
0,0,0,2,0,6,0,2,2,1,1,2,1,0,0,0,0,10,1,clean
1,0,0,16,4,58,2,11,2,2,55,22,6,3,0,3,0,12,10,clean
0,0,22,9,1,23,1,9,4,21,36,12,22,1,0,0,0,63,1,clean
4,0,0,25,13,198,0,13,1,3,78,82,14,12,0,12,0,6,6,buggy
0,0,2,10,6,59,0,9,2,2,36,35,8,0,0,0,0,28,4,clean
0,0,0,3,1,10,0,1,1,3,0,7,4,0,0,0,0,6,1,clean
0,0,0,6,0,22,0,2,1,1,1,6,1,0,0,0,0,0,1,clean
2,0,0,7,2,24,0,4,1,11,6,16,13,5,0,5,0,6,2,clean
0,0,0,22,3,63,1,8,2,1,28,26,4,7,0,7,0,36,6,clean
3,0,0,15,2,51,0,10,1,2,45,20,2,3,0,2,0,0,7,buggy
0,0,0,20,8,95,2,15,5,5,105,45,13,4,0,4,0,80,13,clean
0,0,0,9,2,28,158,9,7,1,36,14,3,1,0,1,0,520,9,clean
2,0,0,12,9,73,0,7,3,1,21,35,10,4,0,4,0,1,5,clean
0,0,0,13,5,39,0,2,2,1,1,24,6,0,0,0,0,11,1,clean
2,0,2,61,7,181,0,21,2,27,210,95,34,2,2,1,7,11,6,clean
1,0,0,10,1,54,0,6,1,1,15,23,2,2,0,2,0,0,2,clean
0,0,0,40,8,147,99,19,5,1,171,70,9,2,0,2,0,137,17,clean
7,0,0,35,16,176,0,9,1,2,36,98,18,5,0,5,1,6,2,clean
4,0,0,20,7,96,0,16,4,2,120,47,9,2,0,2,0,39,7,clean
0,0,0,8,1,17,0,7,1,0,21,9,1,0,0,0,0,6,7,clean
11,0,0,79,17,338,0,20,1,9,190,171,24,3,1,3,4,6,9,buggy
0,0,0,4,3,15,0,2,1,1,1,10,3,1,0,1,0,0,2,clean
0,0,0,23,11,65,4,5,3,2,10,37,13,1,0,1,0,21,3,clean
0,0,0,11,7,50,0,2,2,1,1,19,8,0,0,0,0,11,1,clean
3,0,0,6,1,33,0,5,1,4,10,15,5,233,0,9,0,6,2,buggy
0,0,0,4,0,10,0,5,1,2,10,5,2,0,0,0,0,0,1,clean
3,0,0,24,6,108,0,9,1,1,36,67,7,4,0,4,0,6,6,clean
0,0,1,5,0,18,0,6,1,9,15,9,9,2,0,2,0,6,5,clean
2,0,1,14,8,123,0,9,2,1,36,43,9,4,0,3,0,6,5,clean
1,0,0,4,1,10,0,3,2,1,3,6,2,0,0,0,0,29,2,clean
13,0,0,42,22,325,0,24,3,1,276,174,23,7,0,7,0,23,10,buggy
0,0,0,10,2,52,0,6,1,1,15,19,3,4,0,4,0,0,2,clean
0,0,0,7,7,37,0,6,2,0,15,27,7,0,0,0,0,7,2,clean
1,0,2,20,6,57,4,12,7,4,66,37,9,3,0,3,0,115,9,clean
0,0,0,13,3,36,15,8,2,21,28,13,24,3,0,3,0,12,8,clean
10,0,0,59,10,210,0,18,1,3,153,103,12,7,0,7,0,6,7,clean
0,0,0,20,1,97,6,20,2,3,190,25,4,8,0,8,0,35,20,clean
0,0,0,25,9,96,1,14,5,4,91,41,13,6,0,6,0,75,13,clean
0,0,2,29,12,70,4,11,8,2,55,39,14,4,0,4,0,183,10,clean
1,1,0,10,2,49,0,4,1,1,6,19,3,1,0,0,0,0,3,clean
4,0,1,95,17,259,9,25,4,8,300,124,25,9,0,6,0,49,21,clean
0,0,2,7,1,24,0,3,1,1,3,8,2,0,0,0,0,22,3,clean
0,0,0,1,2,14,0,1,1,0,0,5,2,0,0,0,0,0,1,clean
2,0,0,50,7,116,0,16,1,8,120,53,15,9,0,8,0,6,13,clean
0,0,0,10,3,39,0,4,1,1,6,11,4,1,0,1,0,6,4,clean
1,0,1,33,7,131,15,22,4,3,231,80,10,7,0,7,0,73,18,clean
2,0,0,26,12,173,0,14,3,0,91,68,12,7,0,6,0,21,11,clean
2,0,0,39,4,173,0,6,1,5,15,64,9,0,0,0,0,6,4,clean
0,0,2,25,2,71,0,12,2,39,66,34,40,3,0,2,0,12,5,clean
0,0,0,3,5,13,2,2,2,1,1,10,6,0,0,0,0,4,2,clean
1,0,1,29,5,171,1,20,2,3,190,64,8,13,0,11,0,13,1,buggy
7,0,0,29,10,156,0,15,1,2,105,69,12,6,0,6,1,0,2,clean
0,0,0,7,2,31,4,4,2,1,6,10,3,0,0,0,0,15,1,clean
0,0,0,21,9,79,12,8,2,1,28,36,10,2,1,2,1,14,4,clean
0,0,0,29,6,98,8,5,6,1,10,54,7,0,0,0,0,103,2,clean
0,0,0,16,3,48,8,10,3,2,45,30,5,3,0,3,0,55,9,clean
0,0,7,7,2,21,1,7,4,8,21,11,9,1,0,0,0,63,1,clean
10,0,0,56,18,230,0,11,1,1,55,101,18,8,1,8,0,0,0,buggy
0,0,2,7,3,28,13,6,4,0,15,23,3,1,0,1,0,179,6,clean
0,0,0,6,8,22,5,3,3,1,3,17,9,1,0,1,0,14,2,clean
9,0,0,78,16,253,0,17,1,6,136,140,22,4,0,4,1,6,7,clean
7,0,0,54,11,276,0,22,3,0,231,107,11,5,0,5,0,21,15,clean
0,0,0,10,2,27,30,9,5,3,36,12,5,1,0,1,0,253,8,clean
1,3,0,100,6,376,34,26,1,1,325,191,7,19,0,16,0,30,24,buggy
0,1,0,9,5,33,5,3,3,0,3,18,5,1,0,0,0,14,2,clean
0,0,0,3,2,10,0,3,6,0,3,6,2,0,0,0,0,20,3,clean
0,0,0,12,8,59,1,7,3,1,21,34,9,1,0,0,0,41,3,clean
0,0,0,9,2,28,5,6,6,12,15,11,13,3,0,3,0,75,3,clean
1,0,0,21,5,66,2,10,2,2,45,26,7,8,0,4,0,11,9,clean
1,0,0,6,11,31,0,3,1,2,3,25,13,1,1,1,0,0,1,clean
2,0,0,13,12,67,0,5,1,0,10,39,12,2,0,2,0,6,3,clean
5,0,0,47,20,208,2,21,5,1,210,118,21,1,0,1,0,72,5,clean
1,0,0,15,16,84,13,7,3,1,21,54,17,2,1,2,1,18,2,buggy
0,0,0,6,3,17,0,4,1,1,6,10,4,0,0,0,0,6,4,clean
0,0,0,4,0,22,0,2,1,1,1,6,1,1,0,1,0,0,2,clean
2,0,0,33,11,99,4,10,3,3,45,39,13,1,0,1,0,21,4,clean
1,0,0,6,6,62,0,4,1,0,6,31,6,1,0,1,0,6,3,clean
0,0,0,10,2,23,0,3,1,0,3,9,2,2,0,2,0,6,3,buggy
0,0,0,2,1,9,0,2,1,2,1,5,3,2,0,2,0,0,2,clean
0,0,0,8,2,34,0,2,4,1,1,18,3,0,0,0,0,18,2,clean
2,0,0,23,4,69,0,6,1,12,15,36,15,0,0,0,0,6,4,clean
1,0,0,10,8,37,2,7,5,0,21,28,8,2,0,2,0,67,5,buggy
3,0,0,18,14,57,7,9,5,1,36,45,15,1,0,1,1,40,3,clean
0,0,0,8,3,32,0,6,2,1,15,17,4,1,0,0,0,18,6,clean
0,0,5,15,4,51,0,9,1,6,36,31,10,1,0,1,0,0,4,clean
0,0,0,5,0,22,0,5,1,0,10,9,0,2,0,2,0,0,3,clean
0,0,0,15,8,60,0,11,1,1,55,44,9,5,0,5,0,30,11,clean
3,0,0,28,6,134,0,9,2,1,36,49,7,11,0,8,0,4,5,clean
3,0,0,20,9,86,1,10,2,5,45,59,14,2,0,1,1,39,3,buggy
1,0,3,9,2,33,1,8,3,27,28,20,29,2,0,2,0,24,4,clean
19,0,0,122,32,595,2,39,5,2,741,273,34,12,0,12,2,71,13,clean
4,0,0,28,16,121,1,8,2,2,28,59,18,4,0,4,0,5,1,clean
0,0,0,13,1,75,0,4,1,3,6,20,4,3,0,2,0,0,3,clean
2,0,0,25,7,78,0,4,1,1,6,38,8,1,0,1,0,6,2,clean
0,0,0,30,11,111,0,13,1,9,78,74,19,2,0,2,0,13,12,clean
0,0,0,49,17,168,0,22,1,146,231,80,153,24,6,15,8,0,22,buggy
0,0,0,3,1,11,0,3,2,1,3,6,2,0,0,0,0,11,3,clean
4,0,0,57,13,180,0,6,1,1,15,90,14,8,0,7,1,6,2,clean
1,0,0,4,1,16,0,2,3,1,1,9,2,1,0,1,0,16,1,clean
0,0,0,4,2,17,2,2,2,0,1,8,2,0,0,0,0,9,1,clean
1,0,0,6,3,28,1,5,2,1,10,13,4,2,0,2,0,7,1,clean
3,0,0,19,5,102,0,7,1,1,21,39,5,5,0,5,0,0,4,clean
1,0,0,17,7,58,2,4,2,0,6,29,7,0,0,0,0,9,1,clean
1,0,0,52,17,161,12,14,5,3,91,101,19,4,0,3,0,112,11,clean
9,0,0,43,5,138,15,18,3,1,153,95,6,4,0,4,0,36,9,clean
0,0,0,2,2,8,1,2,2,1,1,4,3,2,0,2,0,5,1,clean
29,0,0,139,30,739,0,41,1,15,820,284,44,28,0,28,0,1,7,buggy
2,0,0,9,0,25,0,7,1,6,21,14,6,7,0,4,0,6,5,clean
21,0,0,56,18,279,0,36,4,1,630,140,19,7,0,7,0,17,15,clean
0,0,0,3,2,10,0,3,6,0,3,6,2,0,0,0,0,20,3,clean
15,0,0,86,31,350,2,31,5,2,465,195,32,2,0,2,1,72,8,buggy
1,0,0,24,9,76,0,10,2,3,45,48,12,1,0,1,1,15,9,clean
7,0,0,94,21,307,0,15,1,6,105,204,27,2,1,2,5,6,8,buggy
0,0,0,1,1,3,0,1,1,0,0,2,1,0,0,0,1,6,1,clean
0,0,0,11,4,38,0,2,1,2,1,18,6,0,0,0,0,6,2,clean
0,0,0,5,4,20,1,2,2,1,1,10,5,0,0,0,0,3,2,clean
0,0,0,42,6,124,18,17,4,2,136,81,8,1,0,1,0,184,17,clean
1,0,0,8,3,39,4,6,2,1,15,18,3,3,0,3,0,13,1,clean
2,0,0,15,0,85,0,10,1,1,45,28,1,9,0,9,0,6,2,clean
22,1,0,98,15,638,0,38,1,1,703,208,16,31,0,28,3,0,8,clean
0,0,4,20,7,65,5,5,2,4,10,33,11,1,0,0,0,12,1,clean
0,0,10,11,4,33,0,9,2,16,36,22,20,2,0,1,1,11,9,clean
1,0,0,16,8,239,0,7,5,2,21,47,10,10,0,10,0,34,6,clean
13,0,0,49,4,240,0,17,1,0,136,96,4,8,0,8,0,0,4,clean
2,1,0,13,3,45,0,5,1,1,10,28,4,2,0,1,0,0,2,clean
2,0,0,30,4,93,0,20,1,0,190,44,4,4,0,4,0,0,18,clean
0,0,0,12,2,31,2,6,4,1,15,16,3,1,0,0,0,35,3,clean
1,1,0,5,2,41,0,3,1,1,3,16,3,3,0,2,0,0,2,clean
21,0,0,93,16,347,0,23,1,4,253,172,20,10,0,8,1,6,2,buggy
0,0,0,6,4,19,6,4,3,1,6,10,5,0,0,0,0,17,3,clean
0,0,0,25,6,83,0,12,2,4,66,53,10,5,0,4,0,29,12,clean
1,0,1,37,8,113,7,18,3,27,153,65,35,1,0,1,0,55,12,clean
0,0,0,6,4,33,0,5,1,1,10,19,5,5,0,5,0,0,5,clean
0,0,0,6,0,18,0,6,2,1,15,6,1,0,0,0,0,56,5,clean
0,0,0,6,2,20,7,3,3,1,3,8,3,0,0,0,0,14,2,clean
2,0,0,16,9,79,0,8,1,4,28,39,13,4,0,4,0,0,2,clean
4,0,0,7,7,29,0,6,1,1,15,25,8,3,0,3,0,0,2,clean
0,0,0,4,2,10,0,2,1,1,1,4,2,0,0,0,0,6,2,clean
5,0,0,31,6,177,0,12,1,7,66,74,13,5,0,5,0,0,7,clean
0,0,0,20,4,69,16,20,4,6,190,42,9,3,0,3,1,200,20,clean
0,1,0,10,3,38,0,10,1,1,45,18,4,1,0,0,0,0,10,clean
0,0,5,6,2,25,0,4,1,2,6,11,4,0,0,0,0,0,1,clean
1,0,0,8,0,31,0,2,1,1,1,11,1,0,0,0,0,6,1,clean
2,0,0,23,6,78,0,9,2,1,36,41,7,2,0,1,0,18,6,clean
0,0,0,16,6,52,0,8,2,1,28,21,7,1,0,1,0,8,6,clean
0,0,0,10,5,39,0,10,4,1,45,19,6,0,0,0,0,70,7,clean
0,1,0,3,2,15,0,2,1,1,1,8,3,1,0,0,0,0,2,clean
1,0,0,20,5,63,0,4,1,2,6,27,7,0,0,0,0,6,3,clean
0,0,0,6,1,15,0,2,1,0,1,7,1,1,0,1,0,0,2,clean
0,0,0,10,6,92,2,5,4,1,10,31,7,7,0,7,0,47,5,clean
0,1,0,21,9,62,1,9,3,1,36,54,10,2,0,1,0,36,9,clean
1,0,0,22,8,195,0,12,3,0,66,58,8,8,0,7,0,21,11,clean
0,0,0,13,1,35,0,8,3,1,28,12,2,0,0,0,0,11,8,clean
0,0,0,9,2,27,0,5,2,2,10,12,4,0,0,0,0,9,5,clean
0,0,1,4,7,16,3,2,2,3,1,11,10,1,0,0,0,7,1,clean
0,0,0,7,2,21,110,7,5,1,21,10,3,1,0,1,0,409,7,clean
1,0,0,23,14,166,13,14,5,1,91,70,15,8,0,8,0,80,10,clean
0,0,0,2,0,6,3,2,3,0,1,2,0,0,0,0,0,33,2,clean
4,0,0,38,14,272,0,17,3,0,136,82,14,8,0,8,0,14,13,buggy
0,0,0,1,1,6,0,1,1,2,0,6,3,3,0,0,0,0,1,clean
0,0,0,21,4,71,62,15,4,1,105,31,5,3,0,3,0,57,10,clean
0,0,0,6,3,18,5,4,3,1,6,8,4,1,0,1,0,14,3,clean
0,0,0,5,0,14,5,5,7,6,10,6,6,0,0,0,0,157,5,clean
1,0,0,7,5,32,0,6,1,1,15,21,6,1,0,1,0,0,4,clean
0,0,0,5,4,27,3,5,3,2,10,15,6,1,0,1,0,33,4,clean
0,0,3,7,1,21,0,5,1,9,10,9,10,2,0,2,0,6,5,clean
0,0,0,13,3,31,4,6,5,11,15,20,14,1,0,1,0,64,6,clean
3,0,28,97,10,358,0,31,1,137,465,124,145,3,1,3,3,0,20,clean
0,0,0,12,3,53,0,5,1,0,10,19,3,1,0,1,1,6,5,clean
3,1,0,73,10,233,14,25,1,3,300,100,13,15,0,1,0,0,22,clean
0,0,0,52,12,169,0,14,1,1,91,108,13,1,0,1,0,6,14,clean
0,0,0,2,3,13,0,2,1,0,1,8,3,0,0,0,0,0,2,clean
0,0,0,10,8,32,0,5,2,1,10,17,9,3,0,2,0,26,5,clean
0,0,2,22,7,64,5,15,6,6,105,28,12,5,0,5,1,108,12,clean
7,0,0,52,20,164,0,13,2,3,78,97,23,3,0,2,4,13,1,buggy
0,0,0,12,3,36,1,7,3,1,21,20,4,3,0,3,0,34,7,clean
0,0,0,2,1,12,0,2,1,1,1,5,2,0,0,0,0,0,1,clean
1,0,0,3,4,24,0,3,1,1,3,11,5,2,0,2,0,0,2,clean
0,0,0,10,2,30,158,10,6,1,45,17,3,1,0,1,0,497,10,clean
0,0,0,11,2,30,30,10,5,5,45,15,7,1,0,1,0,253,10,clean
2,0,0,13,7,118,0,8,1,5,28,35,8,6,0,6,0,6,3,clean
0,0,5,27,4,82,30,20,4,13,190,42,17,1,0,1,0,233,18,clean
0,0,0,2,1,8,0,2,1,0,1,5,1,0,0,0,0,6,2,clean
0,0,1,13,1,45,7,12,2,5,66,15,6,6,0,5,0,27,12,clean
14,0,0,39,10,274,0,23,5,2,253,122,12,15,0,15,0,34,9,clean
4,0,2,93,25,329,0,18,1,2,153,209,27,3,0,1,0,0,2,buggy
8,0,0,37,11,270,11,14,2,1,91,87,12,15,0,14,0,13,4,buggy
0,0,1,7,4,23,9,5,4,1,10,14,5,2,0,1,0,49,3,clean
0,0,0,2,0,7,0,2,2,2,1,2,2,1,0,1,0,10,2,clean
5,0,0,45,8,124,5,7,3,1,21,82,9,1,0,1,0,65,2,clean
0,1,0,9,5,51,0,3,1,2,3,23,6,1,0,0,0,0,2,clean
1,0,0,16,3,110,0,7,2,2,21,28,5,10,0,7,0,4,2,buggy
0,0,0,3,1,7,0,2,2,1,1,4,2,0,0,0,0,29,2,clean
5,0,0,20,5,82,0,7,1,0,21,59,5,0,0,0,0,6,2,clean
13,0,0,43,8,292,0,21,1,6,210,124,8,17,0,17,0,6,5,clean
0,0,0,17,6,51,30,12,5,4,66,27,9,1,0,1,0,253,12,clean
0,0,0,4,3,19,0,2,1,0,1,12,3,0,0,0,0,0,2,clean
0,0,0,12,3,91,0,7,1,3,21,26,6,2,0,2,1,0,4,buggy
0,0,0,1,1,3,1,1,3,0,0,2,1,0,0,0,1,17,1,clean
0,0,0,11,3,82,0,7,1,3,21,26,6,10,0,10,0,0,4,clean
0,0,1,30,12,89,0,13,1,2,78,53,14,7,0,7,0,30,11,clean
2,0,0,29,20,115,12,9,2,1,36,86,21,5,0,5,1,11,3,buggy
0,0,0,8,2,27,5,6,5,7,15,12,8,2,0,2,0,85,5,clean
0,0,0,6,2,24,0,4,1,2,6,13,4,1,0,0,0,0,4,clean
0,0,0,13,4,42,0,7,2,6,21,16,10,2,0,2,0,14,7,clean
0,0,0,2,1,9,0,2,2,1,1,5,2,0,0,0,0,15,2,clean
0,0,0,69,8,189,6,37,3,8,666,81,16,11,0,8,0,34,35,clean
2,0,0,21,8,75,28,10,6,3,45,47,11,1,0,1,0,158,8,clean
0,0,0,11,4,38,1,6,2,1,15,24,5,0,0,0,0,19,2,clean
12,0,0,53,14,315,1,22,4,1,231,153,15,9,0,9,0,39,4,clean
0,0,0,2,2,19,0,1,1,4,0,6,6,0,0,0,0,6,1,clean
0,0,0,8,4,22,4,4,3,1,6,10,5,0,0,0,0,21,2,clean
2,0,0,21,15,85,0,6,1,2,15,41,17,5,0,5,0,6,3,clean
7,0,0,26,12,240,13,18,5,1,153,108,13,2,0,0,0,80,9,clean
0,0,1,7,0,76,0,5,2,1,10,12,1,6,0,3,0,4,3,clean
0,0,0,4,4,13,7,3,4,0,3,13,4,0,0,0,0,36,1,clean
0,0,0,13,2,40,0,9,1,1,36,18,3,2,0,2,0,11,8,clean
0,1,0,2,0,7,0,2,1,5,1,2,5,1,0,0,0,0,2,clean
7,0,2,87,12,376,0,40,1,69,780,147,79,11,0,10,1,6,22,clean
0,1,0,9,3,38,4,5,2,1,10,17,4,2,0,1,0,15,2,clean
3,1,2,21,6,133,1,9,3,3,36,61,9,4,0,0,0,72,2,buggy
2,0,0,30,5,114,0,12,1,1,66,35,5,2,0,1,0,0,9,clean
0,0,2,32,11,84,0,19,1,8,171,47,19,6,0,0,2,7,10,clean
0,0,0,7,1,23,0,4,1,1,6,11,2,5,0,2,0,6,4,clean
0,0,2,15,5,50,62,14,4,2,91,24,7,2,0,2,0,55,8,clean
4,0,0,27,12,95,0,9,1,14,36,52,24,1,2,1,1,6,5,clean
7,0,0,29,9,145,0,11,1,1,55,61,10,8,0,8,0,6,4,clean
11,0,0,45,13,214,13,28,5,0,378,93,13,13,0,13,0,80,12,clean
0,3,6,40,9,131,1,23,2,9,253,60,18,5,0,1,0,14,12,clean
8,0,0,85,24,277,0,10,1,4,45,181,28,1,0,1,5,6,2,clean
0,0,0,5,0,18,0,5,1,1,10,11,1,1,0,1,0,6,5,clean
9,0,0,105,10,411,3,21,3,1,210,226,11,2,0,2,0,10,4,clean
2,1,0,27,9,108,0,13,1,1,78,74,10,1,0,0,0,0,9,clean
0,0,0,3,2,10,0,3,6,0,3,6,2,0,0,0,0,20,3,clean
0,0,0,4,0,12,3,4,3,0,6,4,0,0,0,0,0,33,3,clean
0,0,0,16,7,47,14,12,4,3,66,34,10,1,0,1,0,178,12,buggy
0,0,0,7,2,24,0,3,1,1,3,8,3,1,0,1,0,0,3,clean
0,0,0,5,5,15,0,1,1,1,0,8,6,0,0,0,0,6,1,buggy
0,0,1,3,3,11,4,3,8,8,3,7,11,1,0,1,0,172,3,clean
1,0,0,4,4,22,0,4,2,1,6,13,5,1,0,0,0,28,1,clean
1,0,0,21,7,51,5,9,3,1,36,33,8,0,0,0,1,31,2,clean
0,0,0,8,2,30,5,6,6,12,15,11,13,3,0,3,0,75,3,clean
0,0,0,3,4,17,0,2,1,1,1,11,5,0,0,0,0,0,2,clean
0,0,3,7,3,29,0,6,1,3,15,15,6,1,0,0,0,30,5,clean
1,0,1,69,6,245,3,18,2,1,153,119,7,3,0,0,1,13,1,clean
2,0,0,12,6,45,0,7,2,2,21,28,7,6,0,5,1,8,5,clean
0,0,0,12,3,28,5,4,3,1,6,11,4,1,0,1,0,14,3,clean
0,0,0,11,8,49,1,6,3,1,15,26,9,1,0,0,0,41,2,clean
7,0,2,49,21,385,0,21,1,2,210,126,23,12,2,0,2,0,6,clean
12,0,0,108,17,343,0,20,2,1,190,199,18,4,1,4,1,12,5,clean
0,0,0,20,9,62,8,10,3,2,45,43,11,3,0,3,0,55,8,clean
0,0,0,6,1,15,0,1,1,0,0,5,1,0,0,0,0,0,1,clean
0,0,2,2,0,6,13,2,5,1,1,2,1,0,0,0,0,80,2,clean
0,0,0,3,1,9,4,3,3,3,3,5,4,1,0,1,0,44,3,clean
2,0,0,16,11,76,0,6,1,1,15,43,12,5,0,5,0,0,4,clean
0,1,0,2,1,8,0,2,1,1,1,4,2,1,0,0,0,0,1,clean
1,1,0,52,12,164,0,11,1,2,55,65,14,2,0,1,0,6,7,clean
0,0,0,3,1,7,0,2,2,1,1,4,2,0,0,0,0,29,2,clean
1,0,0,19,14,54,0,10,4,4,45,31,18,0,0,0,0,72,7,buggy
1,0,0,4,1,10,0,3,2,1,3,6,2,0,0,0,0,29,2,clean
0,0,2,13,4,37,0,7,1,3,21,29,7,1,0,0,0,6,1,buggy
0,0,0,0,0,0,0,0,3,0,0,0,0,0,0,0,0,17,0,clean
1,0,0,11,2,57,1,3,2,4,3,19,6,1,0,1,0,10,2,clean
5,0,0,47,11,195,0,9,1,6,36,112,17,2,0,2,5,6,4,buggy
1,0,0,12,2,66,0,5,1,1,10,14,3,4,0,4,0,0,4,clean
8,0,0,33,18,226,0,16,3,1,120,107,19,8,0,8,1,21,7,clean
0,0,0,8,4,33,0,6,1,4,15,13,8,2,0,2,0,6,6,clean
0,0,0,3,6,43,0,3,2,1,3,17,7,6,0,5,0,28,1,clean
3,0,0,28,14,149,2,9,5,3,36,80,17,4,0,4,0,55,5,buggy
0,0,0,14,9,62,2,13,5,17,78,35,26,4,1,4,1,72,12,buggy
0,0,0,9,2,29,110,9,6,1,36,17,3,1,0,1,0,412,9,clean
8,0,0,28,6,114,0,12,1,0,66,48,6,6,0,6,0,0,1,clean
0,0,0,2,0,7,2,2,2,0,1,3,0,1,0,1,0,8,1,clean
0,0,2,17,4,47,0,13,3,3,78,34,7,1,0,1,0,14,12,clean
6,0,0,22,19,130,0,14,3,1,91,76,20,4,0,4,0,21,7,clean
0,0,2,12,5,41,0,5,3,2,10,14,7,0,1,0,2,67,5,clean
0,0,0,3,0,9,0,3,1,1,3,3,1,0,0,0,0,0,3,clean
0,0,0,5,4,21,0,2,1,0,1,13,4,0,0,0,0,0,2,clean
0,0,0,14,2,44,0,5,1,49,10,20,51,0,1,0,0,6,5,clean
0,0,2,21,3,109,0,13,2,2,78,40,5,3,0,1,0,6,9,clean
0,0,0,13,2,38,30,10,5,6,45,17,8,1,0,1,0,253,10,clean
7,0,0,26,10,178,0,11,1,1,55,85,11,3,0,2,0,0,3,buggy
0,0,2,12,5,44,6,7,5,11,21,24,16,1,0,1,0,71,5,clean
3,0,7,36,7,158,3,16,2,1,120,60,7,6,0,6,0,20,9,buggy
2,0,2,45,14,162,0,15,1,3,105,94,17,9,0,3,0,1,7,buggy
29,0,1,259,37,847,7,82,3,17,3321,495,53,17,0,16,5,33,53,buggy
1,0,0,4,5,24,0,4,2,1,6,14,6,1,0,0,0,28,1,clean
0,0,0,16,7,53,0,12,4,2,66,31,9,0,0,0,0,70,7,clean
1,0,0,49,8,183,0,12,1,1,66,84,8,5,0,5,0,6,2,clean
0,0,0,4,0,3,0,2,1,2,1,2,2,0,0,0,0,6,2,clean
0,0,0,57,8,85,0,8,1,17,28,45,25,0,0,0,1,6,8,buggy
0,0,0,3,4,11,46,4,3,1,6,8,5,0,0,0,0,19,3,clean
0,0,0,21,3,67,0,2,1,2,1,16,5,1,0,0,0,6,2,clean
0,0,0,6,5,33,0,4,3,0,6,19,5,2,0,2,0,1,4,clean
0,0,0,8,2,27,110,8,6,1,28,13,3,1,0,1,0,411,8,clean
0,0,0,7,1,22,30,7,5,2,21,8,3,1,0,1,0,253,7,clean
0,0,0,19,4,84,0,10,2,1,45,34,5,7,0,7,1,6,10,buggy
0,0,3,10,0,29,0,5,1,0,10,10,0,1,0,1,0,6,2,clean
0,0,0,1,0,10,0,1,1,3,0,7,3,3,0,0,0,0,1,clean
0,1,6,3,0,8,0,3,2,2,3,4,2,1,0,0,0,2,2,clean
10,0,0,87,13,338,9,23,2,2,253,150,15,5,0,5,0,35,2,clean
0,0,0,3,2,10,5,3,3,0,3,5,2,1,0,1,0,14,2,clean
0,0,0,3,1,17,0,2,2,1,1,6,2,0,0,0,0,28,1,clean
0,0,0,15,5,69,0,4,1,0,6,43,5,2,0,2,0,6,4,clean
0,0,0,34,9,124,0,19,1,5,171,56,11,8,0,8,0,0,19,clean
3,0,0,75,17,280,0,16,1,11,120,156,28,0,0,0,2,6,13,buggy
0,0,0,38,7,144,28,13,5,3,78,84,10,5,0,5,0,185,11,clean
0,0,0,13,4,43,0,5,1,1,10,22,5,1,0,1,0,6,5,clean
1,0,0,13,6,58,0,3,1,1,3,25,7,3,0,3,0,0,2,clean
3,0,2,35,24,143,0,9,1,3,36,75,27,1,0,1,1,0,1,buggy
7,0,3,70,7,201,0,27,2,17,351,105,24,5,0,1,0,24,17,clean
1,0,2,32,13,112,12,8,2,2,28,78,15,1,0,0,0,11,1,buggy
5,0,0,72,6,216,1,13,3,1,78,95,7,10,0,10,0,35,2,clean
0,1,0,31,8,89,0,7,1,2,21,34,9,10,0,9,1,0,7,clean
4,0,0,16,6,67,0,10,1,1,45,26,7,2,0,2,0,6,6,clean
9,0,0,76,30,365,2,27,5,1,351,187,31,4,1,4,1,74,11,clean
0,0,0,7,2,33,0,5,2,1,10,12,3,1,0,1,0,4,3,clean
0,0,0,2,2,11,0,2,1,3,1,6,5,1,0,1,0,0,2,clean
0,0,1,13,0,37,0,13,2,6,78,17,6,6,0,6,1,57,13,clean
0,0,0,4,2,12,5,4,3,0,6,7,2,0,0,0,0,14,3,clean
6,0,0,28,5,138,0,14,1,2,91,60,7,0,0,0,0,0,5,clean
2,0,0,56,13,204,10,26,3,3,325,136,16,9,0,8,1,69,21,buggy
0,0,0,3,2,11,2,4,8,4,6,7,6,1,0,1,0,219,4,clean
2,0,0,20,11,106,3,11,4,1,55,52,12,1,0,0,0,51,3,clean
0,0,0,3,2,10,0,3,6,0,3,6,2,0,0,0,0,20,3,clean
6,0,0,52,18,199,0,18,4,1,153,110,19,4,0,4,1,16,12,clean
0,0,2,10,6,43,0,5,1,2,10,22,8,2,0,1,0,6,1,clean
0,0,0,18,9,109,0,10,3,1,45,50,10,3,0,3,0,21,10,clean
1,0,0,18,5,68,0,6,1,1,15,30,5,2,0,2,0,6,5,clean
5,0,0,36,12,238,0,19,3,0,171,94,12,4,1,4,1,21,14,clean
0,0,0,3,1,9,0,2,1,1,1,3,2,0,0,0,0,0,2,clean
0,0,0,3,0,24,0,3,1,4,3,9,4,8,0,0,0,6,3,clean
11,0,0,57,15,194,0,16,1,3,120,107,18,4,0,4,0,6,5,clean
12,0,0,35,12,162,0,18,1,1,153,73,13,8,0,4,0,3,6,clean
0,0,0,12,2,52,43,10,2,1,45,27,3,4,0,4,0,6,10,clean
4,0,0,18,4,73,0,6,1,1,15,43,5,1,0,1,0,6,2,clean
1,0,0,12,13,71,13,6,3,1,15,43,14,1,1,1,2,18,1,buggy
2,0,2,14,1,66,0,9,1,4,36,24,5,5,0,2,0,6,3,clean
0,0,0,34,9,89,8,11,4,2,55,60,11,3,0,2,0,77,10,buggy
4,0,0,53,20,146,0,14,1,19,91,99,39,0,4,0,5,6,9,clean
0,0,1,5,1,15,0,3,1,1,3,7,2,1,0,0,0,0,3,clean
0,0,0,6,4,20,6,5,6,9,10,13,13,1,0,1,0,78,4,clean
1,0,0,4,6,24,0,4,2,1,6,15,7,1,0,0,0,28,1,clean
0,0,0,2,0,6,1,2,3,1,1,3,1,0,0,0,0,13,1,clean
4,0,0,28,13,116,0,9,2,4,36,78,15,3,0,3,0,3,4,clean
7,0,0,30,12,88,0,9,1,0,36,66,12,3,0,2,0,6,2,clean
4,0,0,20,9,197,0,8,1,1,28,67,10,4,0,0,0,0,4,clean
0,0,39,17,4,50,0,14,2,81,91,29,84,1,0,1,0,7,12,clean
4,0,0,17,8,75,2,9,3,1,36,41,8,2,0,2,0,54,3,clean
3,0,0,21,5,76,0,6,1,2,15,44,7,3,0,3,0,6,3,clean
4,0,0,93,25,314,1,22,3,1,231,194,26,2,0,2,2,30,2,buggy
29,0,1,96,29,412,1,33,2,1,528,233,30,7,0,6,1,11,2,buggy
9,0,0,32,17,250,0,16,3,1,120,101,18,12,0,12,0,21,5,clean
0,0,0,2,0,5,2,2,5,1,1,2,1,0,0,0,0,55,1,clean
0,0,3,5,6,29,0,5,1,3,10,15,9,0,0,0,0,9,4,clean
0,0,0,3,1,11,0,3,2,1,3,6,2,0,0,0,0,11,3,clean
1,0,0,22,4,55,2,8,3,1,28,35,5,3,0,3,0,34,7,clean
0,0,1,13,3,53,0,11,2,1,55,26,4,4,0,4,0,6,11,clean
0,0,0,4,3,27,1,4,2,1,6,12,4,1,0,1,0,14,1,clean
0,0,0,3,3,11,6,3,3,0,3,11,3,0,0,0,0,15,1,clean
0,0,0,35,4,91,6,5,3,1,10,38,5,6,0,6,0,32,5,clean
0,0,0,3,4,25,5,3,2,1,3,13,5,0,0,0,0,12,2,clean
0,0,0,2,2,7,0,2,6,0,1,5,2,0,0,0,0,20,2,clean
23,1,0,118,20,452,0,31,1,3,465,291,23,33,0,14,0,6,7,buggy
0,0,0,6,3,29,0,2,1,2,1,18,5,0,0,0,0,6,2,buggy
0,0,0,17,1,41,0,5,1,1,10,19,2,5,0,5,0,0,5,clean
0,0,0,11,3,47,0,6,1,1,15,21,4,1,0,1,1,0,2,clean
4,1,0,26,4,101,0,11,1,4,55,48,8,2,0,1,0,6,7,clean
0,1,0,16,4,54,1,10,4,4,45,26,8,4,0,3,0,25,10,clean
2,0,0,23,8,161,0,6,1,1,15,69,9,4,0,4,0,6,4,buggy
0,0,0,7,0,25,5,5,2,1,10,6,1,0,0,0,0,12,4,clean
1,0,0,48,4,156,0,6,1,4,15,49,8,1,0,1,1,6,1,clean
0,0,0,17,7,107,2,6,4,1,15,33,8,6,0,6,0,47,6,clean
0,0,0,2,1,6,0,2,1,0,1,3,1,0,0,0,0,6,2,buggy
2,0,0,20,13,100,13,12,6,1,66,46,14,0,0,0,0,82,8,clean
0,0,0,7,1,23,0,7,1,0,21,14,1,1,0,1,0,0,7,clean
0,0,0,3,4,14,2,2,2,1,1,10,5,0,0,0,0,4,2,clean
2,0,0,21,14,100,13,13,5,1,78,56,15,0,0,0,0,80,9,clean
2,0,2,107,14,369,0,51,1,35,1275,180,45,11,3,11,3,7,36,buggy
7,0,0,50,11,272,0,22,3,0,231,106,11,5,0,5,0,21,15,clean
1,0,11,43,8,141,1,18,2,14,153,63,19,6,0,3,0,4,14,clean
0,0,2,5,0,16,0,5,1,2,10,5,2,3,0,3,0,15,5,clean
0,0,0,25,12,99,3,7,4,1,21,60,13,2,0,1,0,51,4,clean
0,0,0,3,0,10,0,3,1,0,3,4,0,1,0,1,1,0,3,clean
3,0,0,14,6,75,0,10,4,1,45,34,7,3,0,3,0,32,7,clean
0,0,0,3,2,16,0,3,1,2,3,12,4,0,0,0,0,0,2,clean
0,0,2,43,10,164,62,26,4,2,325,89,12,8,0,1,0,68,21,clean
0,0,1,5,4,18,0,4,1,0,6,15,4,1,0,0,0,0,4,clean
7,0,0,35,11,162,0,15,1,1,105,76,12,5,0,5,0,0,8,clean
12,0,0,67,10,238,0,16,1,1,120,81,11,23,0,23,0,6,4,clean
0,0,0,3,1,10,92,3,5,1,3,4,2,1,0,1,0,88,3,clean
1,0,0,12,3,87,0,6,1,2,15,33,5,6,0,6,0,6,5,clean
1,0,2,44,10,130,5,10,4,2,45,91,12,0,0,0,0,80,2,clean
0,0,6,5,0,17,0,6,1,6,15,11,6,0,0,0,1,0,5,clean
0,0,0,4,3,12,0,1,1,1,0,4,4,0,0,0,0,6,1,clean
2,0,0,9,0,54,0,5,1,0,10,22,0,2,0,2,0,0,2,clean
0,0,0,24,5,76,12,10,3,1,45,36,6,4,0,4,0,56,9,clean
0,0,0,37,4,156,0,6,1,9,15,56,13,1,1,1,2,6,6,clean
0,0,0,11,0,29,0,11,2,1,55,13,1,1,0,1,0,7,11,clean
1,0,0,7,3,33,0,2,1,0,1,23,3,0,0,0,0,6,1,clean
0,0,0,14,3,44,9,6,4,2,15,19,5,3,0,3,0,91,5,clean
1,0,0,4,7,39,0,2,1,0,1,18,7,3,0,3,0,6,1,clean
0,2,3,6,2,26,0,4,1,4,6,10,6,2,0,0,0,0,3,clean
0,0,0,6,3,19,5,4,3,1,6,10,4,1,0,1,0,14,3,clean
1,0,0,16,0,212,0,12,1,95,66,23,95,43,0,0,0,6,11,clean
10,0,0,64,15,210,86,21,1,6,210,145,20,2,2,2,5,6,11,buggy
4,0,0,18,4,108,0,10,1,3,45,40,7,9,0,9,0,0,2,clean
0,0,0,17,6,59,7,12,2,2,66,50,8,2,1,2,0,24,11,clean
0,0,0,30,10,93,2,13,2,1,78,38,11,8,0,8,0,11,12,clean
6,0,0,50,24,212,2,17,5,1,136,117,25,2,0,2,0,73,8,clean
0,0,1,12,3,35,0,6,1,3,15,12,6,2,0,2,0,0,6,clean
0,0,0,5,1,15,4,5,5,4,10,10,5,1,0,1,0,64,5,clean
0,0,0,35,4,138,0,12,1,15,66,59,19,8,0,0,0,6,11,clean
1,0,0,8,6,30,0,5,2,2,10,19,8,4,0,2,1,28,2,clean
0,0,0,4,2,13,5,4,3,0,6,6,2,1,0,1,0,14,3,clean
0,0,2,29,8,106,2,26,6,9,325,66,17,5,1,3,1,89,25,clean
0,0,0,9,3,27,0,5,4,1,10,11,4,0,0,0,0,18,5,clean
0,0,2,18,4,58,0,18,3,20,153,27,24,7,0,3,0,37,16,clean
1,0,1,26,2,78,0,9,1,23,36,39,25,3,0,1,1,0,8,clean
0,0,0,8,0,30,0,3,1,1,3,9,1,0,0,0,0,0,1,clean
1,0,0,50,7,169,0,11,1,2,55,72,9,10,0,3,1,6,2,clean
10,0,0,41,23,194,0,15,3,1,105,115,24,5,0,5,1,21,5,buggy
0,0,0,12,3,43,0,11,2,3,55,29,6,2,0,2,0,6,11,clean
2,0,0,14,13,96,6,6,3,1,15,50,14,0,0,0,0,17,3,clean
5,0,0,17,13,124,0,13,3,1,78,63,14,5,0,5,0,21,7,clean
0,2,0,14,5,30,0,4,1,3,6,14,8,3,0,1,0,13,4,clean
0,0,0,9,1,28,0,8,1,5,28,12,6,2,0,2,1,6,8,clean
19,0,0,158,35,627,2,37,5,4,666,291,38,7,0,7,0,70,10,clean
0,2,0,10,1,27,0,6,1,10,15,12,11,2,0,0,0,6,6,clean
0,0,0,1,2,9,0,1,1,0,0,4,2,0,0,0,0,0,1,clean
6,0,0,17,6,110,0,8,1,0,28,40,6,4,0,4,0,0,2,clean
1,0,0,8,2,38,0,5,1,1,10,11,3,2,0,2,0,0,4,clean
5,0,0,7,0,58,0,7,1,0,21,17,0,1,0,1,0,6,2,buggy
1,0,0,8,4,28,0,4,1,0,6,18,4,1,0,1,1,6,3,clean
0,0,0,3,10,34,1,3,2,0,3,23,10,0,0,0,0,4,1,clean
0,0,0,3,2,10,0,3,6,0,3,6,2,0,0,0,0,20,3,clean
1,0,0,16,10,95,0,11,4,1,55,56,11,3,0,3,0,34,6,clean
0,0,0,7,2,23,0,7,4,1,21,9,3,0,0,0,0,70,6,clean
9,0,2,66,15,260,0,29,1,10,406,136,25,16,0,11,0,30,17,clean
0,0,0,4,1,17,5,4,2,1,6,7,2,0,0,0,0,12,3,clean
0,0,2,11,5,40,0,7,2,1,21,21,6,7,0,1,0,8,5,clean
0,0,0,9,2,25,0,8,1,1,28,12,2,1,0,1,0,6,8,clean
0,0,0,11,3,34,0,6,3,6,15,19,9,1,0,1,0,23,6,clean
0,0,0,42,7,154,13,11,4,5,55,78,12,4,0,3,0,42,11,clean
0,0,0,9,4,27,0,7,3,1,21,14,5,3,0,3,0,34,7,clean
0,0,2,8,1,23,0,7,1,11,21,10,12,2,0,2,0,8,4,clean
0,0,0,5,5,27,6,2,2,0,1,20,5,1,0,0,0,10,1,clean
0,0,2,21,3,65,7,11,4,2,55,45,5,2,0,1,0,78,8,clean
0,0,0,2,1,6,0,2,1,1,1,3,2,1,0,1,0,7,2,clean
0,0,0,10,7,30,4,5,3,2,10,15,8,0,0,0,0,21,2,clean
24,0,0,76,10,514,6,31,2,1,465,195,11,15,3,15,2,14,5,buggy
8,0,0,62,22,251,2,19,5,1,171,118,23,10,1,10,0,72,7,clean
0,0,0,3,2,14,1,2,3,3,1,5,5,0,0,0,0,5,1,clean
6,0,0,41,17,210,0,19,4,1,171,88,18,5,0,5,0,16,13,clean
0,0,0,3,5,23,1,1,2,0,0,16,5,0,0,0,0,14,0,buggy
0,0,4,12,2,31,1,6,4,7,15,14,9,2,0,1,0,44,5,clean
0,0,0,4,5,52,0,4,2,1,6,18,6,4,0,3,0,28,2,clean
7,0,0,167,31,618,33,57,5,2,1596,369,33,22,1,21,3,114,49,clean
0,0,0,3,1,9,4,3,5,4,3,5,5,1,0,1,0,64,3,clean
0,0,0,31,2,97,206,31,6,1,465,62,3,1,0,1,0,602,31,clean
1,0,0,8,7,42,0,4,1,1,6,21,8,1,0,1,0,0,1,clean
0,0,0,3,0,12,0,3,1,0,3,7,0,1,0,1,0,6,3,clean
0,0,1,16,4,56,28,14,5,9,91,36,13,1,0,1,0,248,14,clean
1,0,0,11,5,43,7,4,3,1,6,21,6,0,0,0,0,14,2,clean
0,0,0,8,6,23,4,3,3,1,3,10,7,0,0,0,0,21,1,clean
4,0,0,44,9,151,0,10,1,1,45,72,9,2,0,2,0,0,5,buggy
4,0,0,31,0,97,0,14,1,6,91,43,6,10,0,5,0,6,10,clean
0,0,0,1,4,5,0,1,2,0,0,7,4,0,0,0,0,2,1,clean
2,0,0,24,3,75,0,12,1,1,66,32,4,4,0,4,0,6,10,clean
1,0,0,16,2,76,1,9,2,6,36,33,8,3,0,3,0,36,2,clean
0,0,0,17,0,59,0,17,1,0,136,20,0,2,0,2,0,6,17,clean
5,0,0,24,3,80,0,10,1,2,45,42,5,2,0,2,0,0,5,clean
0,0,0,22,9,106,0,6,1,0,15,32,9,0,0,0,0,6,6,clean
0,0,0,4,2,15,0,3,1,1,3,9,3,2,0,2,0,0,3,clean
1,0,0,4,1,10,0,3,2,1,3,6,2,0,0,0,0,29,2,clean
3,0,2,34,3,113,0,23,1,4,253,57,7,8,0,1,0,0,8,clean
0,0,0,2,1,16,0,2,1,3,1,6,4,3,0,3,0,0,2,clean
0,0,0,8,2,26,0,8,4,1,28,10,3,0,0,0,0,70,7,clean
0,1,0,18,2,52,0,4,4,2,6,33,4,1,0,0,0,18,4,clean
6,0,0,42,12,236,0,17,1,3,136,98,12,10,1,10,1,3,9,buggy
3,0,0,25,17,97,1,11,3,1,55,72,18,2,0,1,0,41,3,clean
0,0,0,3,1,23,2,3,3,1,3,5,2,3,0,3,0,19,2,clean
6,0,2,9,4,63,1,7,3,2,21,25,6,1,0,1,0,72,1,clean
0,0,0,11,3,33,2,8,1,0,28,24,3,1,0,1,0,9,8,clean
0,1,0,18,0,57,0,13,1,1,78,36,1,4,0,3,0,6,13,buggy
0,0,0,7,3,38,0,3,1,1,3,18,4,0,0,0,0,6,3,clean
9,0,0,61,29,317,2,28,5,1,378,177,30,5,2,5,1,73,11,clean
2,0,2,26,7,113,0,10,1,3,45,54,10,2,0,1,0,6,5,clean
2,0,0,32,3,103,1,14,3,14,91,42,17,10,0,3,0,19,12,clean
3,0,0,22,6,104,0,9,1,1,36,56,6,2,0,2,0,0,4,clean
0,0,0,3,1,7,0,2,2,1,1,4,2,0,0,0,0,29,2,clean
2,0,0,8,9,61,0,5,2,1,10,35,10,1,0,0,0,28,1,clean
5,0,0,53,35,402,0,18,2,1,153,132,35,18,0,18,3,6,11,clean
0,0,8,13,4,44,4,9,4,12,36,26,16,2,0,2,0,55,8,clean
0,0,0,14,1,85,4,8,2,2,28,22,3,5,0,5,1,18,6,clean
0,0,0,22,16,77,0,4,2,1,6,43,17,0,0,0,0,11,1,clean
1,0,0,8,3,84,0,5,1,1,10,25,4,6,0,6,0,0,1,clean
0,0,0,28,4,75,29,13,4,0,78,42,4,1,0,1,0,183,13,clean
0,0,0,21,9,77,99,13,5,1,78,45,10,2,0,2,0,131,11,clean
16,0,0,62,21,223,0,19,1,0,171,131,21,3,0,3,1,0,2,buggy
0,1,1,11,3,49,0,11,2,1,55,26,4,3,0,2,1,6,11,clean
0,0,2,11,1,44,0,5,1,4,10,14,5,0,0,0,1,6,5,clean
0,0,4,63,6,210,4,16,4,12,120,78,18,5,0,3,0,55,10,clean
13,0,0,67,18,320,0,24,1,2,276,150,19,13,0,13,0,0,11,buggy
